
Glucose-Monitoring-System.elf:     file format elf32-avr

Sections:
Idx Name          Size      VMA       LMA       File off  Algn
  0 .text         000038a4  00000000  00000000  00000094  2**1
                  CONTENTS, ALLOC, LOAD, READONLY, CODE
  1 .data         000000bc  00800060  000038a4  00003938  2**0
                  CONTENTS, ALLOC, LOAD, DATA
  2 .bss          0000000b  0080011c  0080011c  000039f4  2**0
                  ALLOC
  3 .stab         000035f4  00000000  00000000  000039f4  2**2
                  CONTENTS, READONLY, DEBUGGING
  4 .stabstr      000019c2  00000000  00000000  00006fe8  2**0
                  CONTENTS, READONLY, DEBUGGING
  5 .debug_aranges 00000160  00000000  00000000  000089aa  2**0
                  CONTENTS, READONLY, DEBUGGING
  6 .debug_pubnames 0000018f  00000000  00000000  00008b0a  2**0
                  CONTENTS, READONLY, DEBUGGING
  7 .debug_info   00002045  00000000  00000000  00008c99  2**0
                  CONTENTS, READONLY, DEBUGGING
  8 .debug_abbrev 00001101  00000000  00000000  0000acde  2**0
                  CONTENTS, READONLY, DEBUGGING
  9 .debug_line   00000f82  00000000  00000000  0000bddf  2**0
                  CONTENTS, READONLY, DEBUGGING
 10 .debug_frame  00000180  00000000  00000000  0000cd64  2**2
                  CONTENTS, READONLY, DEBUGGING
 11 .debug_str    000002c2  00000000  00000000  0000cee4  2**0
                  CONTENTS, READONLY, DEBUGGING
 12 .debug_loc    0000088e  00000000  00000000  0000d1a6  2**0
                  CONTENTS, READONLY, DEBUGGING
 13 .debug_ranges 00000050  00000000  00000000  0000da34  2**0
                  CONTENTS, READONLY, DEBUGGING

Disassembly of section .text:

00000000 <__vectors>:
       0:	0c 94 2a 00 	jmp	0x54	; 0x54 <__ctors_end>
       4:	0c 94 e5 0c 	jmp	0x19ca	; 0x19ca <__vector_1>
       8:	0c 94 18 0d 	jmp	0x1a30	; 0x1a30 <__vector_2>
       c:	0c 94 4b 0d 	jmp	0x1a96	; 0x1a96 <__vector_3>
      10:	0c 94 47 00 	jmp	0x8e	; 0x8e <__bad_interrupt>
      14:	0c 94 47 00 	jmp	0x8e	; 0x8e <__bad_interrupt>
      18:	0c 94 47 00 	jmp	0x8e	; 0x8e <__bad_interrupt>
      1c:	0c 94 47 00 	jmp	0x8e	; 0x8e <__bad_interrupt>
      20:	0c 94 47 00 	jmp	0x8e	; 0x8e <__bad_interrupt>
      24:	0c 94 47 00 	jmp	0x8e	; 0x8e <__bad_interrupt>
      28:	0c 94 47 00 	jmp	0x8e	; 0x8e <__bad_interrupt>
      2c:	0c 94 47 00 	jmp	0x8e	; 0x8e <__bad_interrupt>
      30:	0c 94 47 00 	jmp	0x8e	; 0x8e <__bad_interrupt>
      34:	0c 94 47 00 	jmp	0x8e	; 0x8e <__bad_interrupt>
      38:	0c 94 47 00 	jmp	0x8e	; 0x8e <__bad_interrupt>
      3c:	0c 94 47 00 	jmp	0x8e	; 0x8e <__bad_interrupt>
      40:	0c 94 47 00 	jmp	0x8e	; 0x8e <__bad_interrupt>
      44:	0c 94 47 00 	jmp	0x8e	; 0x8e <__bad_interrupt>
      48:	0c 94 47 00 	jmp	0x8e	; 0x8e <__bad_interrupt>
      4c:	0c 94 47 00 	jmp	0x8e	; 0x8e <__bad_interrupt>
      50:	0c 94 47 00 	jmp	0x8e	; 0x8e <__bad_interrupt>

00000054 <__ctors_end>:
      54:	11 24       	eor	r1, r1
      56:	1f be       	out	0x3f, r1	; 63
      58:	cf e5       	ldi	r28, 0x5F	; 95
      5a:	d4 e0       	ldi	r29, 0x04	; 4
      5c:	de bf       	out	0x3e, r29	; 62
      5e:	cd bf       	out	0x3d, r28	; 61

00000060 <__do_copy_data>:
      60:	11 e0       	ldi	r17, 0x01	; 1
      62:	a0 e6       	ldi	r26, 0x60	; 96
      64:	b0 e0       	ldi	r27, 0x00	; 0
      66:	e4 ea       	ldi	r30, 0xA4	; 164
      68:	f8 e3       	ldi	r31, 0x38	; 56
      6a:	02 c0       	rjmp	.+4      	; 0x70 <.do_copy_data_start>

0000006c <.do_copy_data_loop>:
      6c:	05 90       	lpm	r0, Z+
      6e:	0d 92       	st	X+, r0

00000070 <.do_copy_data_start>:
      70:	ac 31       	cpi	r26, 0x1C	; 28
      72:	b1 07       	cpc	r27, r17
      74:	d9 f7       	brne	.-10     	; 0x6c <.do_copy_data_loop>

00000076 <__do_clear_bss>:
      76:	11 e0       	ldi	r17, 0x01	; 1
      78:	ac e1       	ldi	r26, 0x1C	; 28
      7a:	b1 e0       	ldi	r27, 0x01	; 1
      7c:	01 c0       	rjmp	.+2      	; 0x80 <.do_clear_bss_start>

0000007e <.do_clear_bss_loop>:
      7e:	1d 92       	st	X+, r1

00000080 <.do_clear_bss_start>:
      80:	a7 32       	cpi	r26, 0x27	; 39
      82:	b1 07       	cpc	r27, r17
      84:	e1 f7       	brne	.-8      	; 0x7e <.do_clear_bss_loop>
      86:	0e 94 bb 16 	call	0x2d76	; 0x2d76 <main>
      8a:	0c 94 50 1c 	jmp	0x38a0	; 0x38a0 <_exit>

0000008e <__bad_interrupt>:
      8e:	0c 94 00 00 	jmp	0	; 0x0 <__vectors>

00000092 <__fixunssfsi>:
      92:	ef 92       	push	r14
      94:	ff 92       	push	r15
      96:	0f 93       	push	r16
      98:	1f 93       	push	r17
      9a:	7b 01       	movw	r14, r22
      9c:	8c 01       	movw	r16, r24
      9e:	20 e0       	ldi	r18, 0x00	; 0
      a0:	30 e0       	ldi	r19, 0x00	; 0
      a2:	40 e0       	ldi	r20, 0x00	; 0
      a4:	5f e4       	ldi	r21, 0x4F	; 79
      a6:	0e 94 f5 03 	call	0x7ea	; 0x7ea <__gesf2>
      aa:	88 23       	and	r24, r24
      ac:	8c f0       	brlt	.+34     	; 0xd0 <__fixunssfsi+0x3e>
      ae:	c8 01       	movw	r24, r16
      b0:	b7 01       	movw	r22, r14
      b2:	20 e0       	ldi	r18, 0x00	; 0
      b4:	30 e0       	ldi	r19, 0x00	; 0
      b6:	40 e0       	ldi	r20, 0x00	; 0
      b8:	5f e4       	ldi	r21, 0x4F	; 79
      ba:	0e 94 c1 01 	call	0x382	; 0x382 <__subsf3>
      be:	0e 94 55 04 	call	0x8aa	; 0x8aa <__fixsfsi>
      c2:	9b 01       	movw	r18, r22
      c4:	ac 01       	movw	r20, r24
      c6:	20 50       	subi	r18, 0x00	; 0
      c8:	30 40       	sbci	r19, 0x00	; 0
      ca:	40 40       	sbci	r20, 0x00	; 0
      cc:	50 48       	sbci	r21, 0x80	; 128
      ce:	06 c0       	rjmp	.+12     	; 0xdc <__fixunssfsi+0x4a>
      d0:	c8 01       	movw	r24, r16
      d2:	b7 01       	movw	r22, r14
      d4:	0e 94 55 04 	call	0x8aa	; 0x8aa <__fixsfsi>
      d8:	9b 01       	movw	r18, r22
      da:	ac 01       	movw	r20, r24
      dc:	b9 01       	movw	r22, r18
      de:	ca 01       	movw	r24, r20
      e0:	1f 91       	pop	r17
      e2:	0f 91       	pop	r16
      e4:	ff 90       	pop	r15
      e6:	ef 90       	pop	r14
      e8:	08 95       	ret

000000ea <_fpadd_parts>:
      ea:	a0 e0       	ldi	r26, 0x00	; 0
      ec:	b0 e0       	ldi	r27, 0x00	; 0
      ee:	eb e7       	ldi	r30, 0x7B	; 123
      f0:	f0 e0       	ldi	r31, 0x00	; 0
      f2:	0c 94 19 1c 	jmp	0x3832	; 0x3832 <__prologue_saves__>
      f6:	dc 01       	movw	r26, r24
      f8:	2b 01       	movw	r4, r22
      fa:	fa 01       	movw	r30, r20
      fc:	9c 91       	ld	r25, X
      fe:	92 30       	cpi	r25, 0x02	; 2
     100:	08 f4       	brcc	.+2      	; 0x104 <_fpadd_parts+0x1a>
     102:	39 c1       	rjmp	.+626    	; 0x376 <_fpadd_parts+0x28c>
     104:	eb 01       	movw	r28, r22
     106:	88 81       	ld	r24, Y
     108:	82 30       	cpi	r24, 0x02	; 2
     10a:	08 f4       	brcc	.+2      	; 0x10e <_fpadd_parts+0x24>
     10c:	33 c1       	rjmp	.+614    	; 0x374 <_fpadd_parts+0x28a>
     10e:	94 30       	cpi	r25, 0x04	; 4
     110:	69 f4       	brne	.+26     	; 0x12c <_fpadd_parts+0x42>
     112:	84 30       	cpi	r24, 0x04	; 4
     114:	09 f0       	breq	.+2      	; 0x118 <_fpadd_parts+0x2e>
     116:	2f c1       	rjmp	.+606    	; 0x376 <_fpadd_parts+0x28c>
     118:	11 96       	adiw	r26, 0x01	; 1
     11a:	9c 91       	ld	r25, X
     11c:	11 97       	sbiw	r26, 0x01	; 1
     11e:	89 81       	ldd	r24, Y+1	; 0x01
     120:	98 17       	cp	r25, r24
     122:	09 f4       	brne	.+2      	; 0x126 <_fpadd_parts+0x3c>
     124:	28 c1       	rjmp	.+592    	; 0x376 <_fpadd_parts+0x28c>
     126:	a0 ee       	ldi	r26, 0xE0	; 224
     128:	b0 e0       	ldi	r27, 0x00	; 0
     12a:	25 c1       	rjmp	.+586    	; 0x376 <_fpadd_parts+0x28c>
     12c:	84 30       	cpi	r24, 0x04	; 4
     12e:	09 f4       	brne	.+2      	; 0x132 <_fpadd_parts+0x48>
     130:	21 c1       	rjmp	.+578    	; 0x374 <_fpadd_parts+0x28a>
     132:	82 30       	cpi	r24, 0x02	; 2
     134:	a9 f4       	brne	.+42     	; 0x160 <_fpadd_parts+0x76>
     136:	92 30       	cpi	r25, 0x02	; 2
     138:	09 f0       	breq	.+2      	; 0x13c <_fpadd_parts+0x52>
     13a:	1d c1       	rjmp	.+570    	; 0x376 <_fpadd_parts+0x28c>
     13c:	9a 01       	movw	r18, r20
     13e:	ad 01       	movw	r20, r26
     140:	88 e0       	ldi	r24, 0x08	; 8
     142:	ea 01       	movw	r28, r20
     144:	09 90       	ld	r0, Y+
     146:	ae 01       	movw	r20, r28
     148:	e9 01       	movw	r28, r18
     14a:	09 92       	st	Y+, r0
     14c:	9e 01       	movw	r18, r28
     14e:	81 50       	subi	r24, 0x01	; 1
     150:	c1 f7       	brne	.-16     	; 0x142 <_fpadd_parts+0x58>
     152:	e2 01       	movw	r28, r4
     154:	89 81       	ldd	r24, Y+1	; 0x01
     156:	11 96       	adiw	r26, 0x01	; 1
     158:	9c 91       	ld	r25, X
     15a:	89 23       	and	r24, r25
     15c:	81 83       	std	Z+1, r24	; 0x01
     15e:	08 c1       	rjmp	.+528    	; 0x370 <_fpadd_parts+0x286>
     160:	92 30       	cpi	r25, 0x02	; 2
     162:	09 f4       	brne	.+2      	; 0x166 <_fpadd_parts+0x7c>
     164:	07 c1       	rjmp	.+526    	; 0x374 <_fpadd_parts+0x28a>
     166:	12 96       	adiw	r26, 0x02	; 2
     168:	2d 90       	ld	r2, X+
     16a:	3c 90       	ld	r3, X
     16c:	13 97       	sbiw	r26, 0x03	; 3
     16e:	eb 01       	movw	r28, r22
     170:	8a 81       	ldd	r24, Y+2	; 0x02
     172:	9b 81       	ldd	r25, Y+3	; 0x03
     174:	14 96       	adiw	r26, 0x04	; 4
     176:	ad 90       	ld	r10, X+
     178:	bd 90       	ld	r11, X+
     17a:	cd 90       	ld	r12, X+
     17c:	dc 90       	ld	r13, X
     17e:	17 97       	sbiw	r26, 0x07	; 7
     180:	ec 80       	ldd	r14, Y+4	; 0x04
     182:	fd 80       	ldd	r15, Y+5	; 0x05
     184:	0e 81       	ldd	r16, Y+6	; 0x06
     186:	1f 81       	ldd	r17, Y+7	; 0x07
     188:	91 01       	movw	r18, r2
     18a:	28 1b       	sub	r18, r24
     18c:	39 0b       	sbc	r19, r25
     18e:	b9 01       	movw	r22, r18
     190:	37 ff       	sbrs	r19, 7
     192:	04 c0       	rjmp	.+8      	; 0x19c <_fpadd_parts+0xb2>
     194:	66 27       	eor	r22, r22
     196:	77 27       	eor	r23, r23
     198:	62 1b       	sub	r22, r18
     19a:	73 0b       	sbc	r23, r19
     19c:	60 32       	cpi	r22, 0x20	; 32
     19e:	71 05       	cpc	r23, r1
     1a0:	0c f0       	brlt	.+2      	; 0x1a4 <_fpadd_parts+0xba>
     1a2:	61 c0       	rjmp	.+194    	; 0x266 <_fpadd_parts+0x17c>
     1a4:	12 16       	cp	r1, r18
     1a6:	13 06       	cpc	r1, r19
     1a8:	6c f5       	brge	.+90     	; 0x204 <_fpadd_parts+0x11a>
     1aa:	37 01       	movw	r6, r14
     1ac:	48 01       	movw	r8, r16
     1ae:	06 2e       	mov	r0, r22
     1b0:	04 c0       	rjmp	.+8      	; 0x1ba <_fpadd_parts+0xd0>
     1b2:	96 94       	lsr	r9
     1b4:	87 94       	ror	r8
     1b6:	77 94       	ror	r7
     1b8:	67 94       	ror	r6
     1ba:	0a 94       	dec	r0
     1bc:	d2 f7       	brpl	.-12     	; 0x1b2 <_fpadd_parts+0xc8>
     1be:	21 e0       	ldi	r18, 0x01	; 1
     1c0:	30 e0       	ldi	r19, 0x00	; 0
     1c2:	40 e0       	ldi	r20, 0x00	; 0
     1c4:	50 e0       	ldi	r21, 0x00	; 0
     1c6:	04 c0       	rjmp	.+8      	; 0x1d0 <_fpadd_parts+0xe6>
     1c8:	22 0f       	add	r18, r18
     1ca:	33 1f       	adc	r19, r19
     1cc:	44 1f       	adc	r20, r20
     1ce:	55 1f       	adc	r21, r21
     1d0:	6a 95       	dec	r22
     1d2:	d2 f7       	brpl	.-12     	; 0x1c8 <_fpadd_parts+0xde>
     1d4:	21 50       	subi	r18, 0x01	; 1
     1d6:	30 40       	sbci	r19, 0x00	; 0
     1d8:	40 40       	sbci	r20, 0x00	; 0
     1da:	50 40       	sbci	r21, 0x00	; 0
     1dc:	2e 21       	and	r18, r14
     1de:	3f 21       	and	r19, r15
     1e0:	40 23       	and	r20, r16
     1e2:	51 23       	and	r21, r17
     1e4:	21 15       	cp	r18, r1
     1e6:	31 05       	cpc	r19, r1
     1e8:	41 05       	cpc	r20, r1
     1ea:	51 05       	cpc	r21, r1
     1ec:	21 f0       	breq	.+8      	; 0x1f6 <_fpadd_parts+0x10c>
     1ee:	21 e0       	ldi	r18, 0x01	; 1
     1f0:	30 e0       	ldi	r19, 0x00	; 0
     1f2:	40 e0       	ldi	r20, 0x00	; 0
     1f4:	50 e0       	ldi	r21, 0x00	; 0
     1f6:	79 01       	movw	r14, r18
     1f8:	8a 01       	movw	r16, r20
     1fa:	e6 28       	or	r14, r6
     1fc:	f7 28       	or	r15, r7
     1fe:	08 29       	or	r16, r8
     200:	19 29       	or	r17, r9
     202:	3c c0       	rjmp	.+120    	; 0x27c <_fpadd_parts+0x192>
     204:	23 2b       	or	r18, r19
     206:	d1 f1       	breq	.+116    	; 0x27c <_fpadd_parts+0x192>
     208:	26 0e       	add	r2, r22
     20a:	37 1e       	adc	r3, r23
     20c:	35 01       	movw	r6, r10
     20e:	46 01       	movw	r8, r12
     210:	06 2e       	mov	r0, r22
     212:	04 c0       	rjmp	.+8      	; 0x21c <_fpadd_parts+0x132>
     214:	96 94       	lsr	r9
     216:	87 94       	ror	r8
     218:	77 94       	ror	r7
     21a:	67 94       	ror	r6
     21c:	0a 94       	dec	r0
     21e:	d2 f7       	brpl	.-12     	; 0x214 <_fpadd_parts+0x12a>
     220:	21 e0       	ldi	r18, 0x01	; 1
     222:	30 e0       	ldi	r19, 0x00	; 0
     224:	40 e0       	ldi	r20, 0x00	; 0
     226:	50 e0       	ldi	r21, 0x00	; 0
     228:	04 c0       	rjmp	.+8      	; 0x232 <_fpadd_parts+0x148>
     22a:	22 0f       	add	r18, r18
     22c:	33 1f       	adc	r19, r19
     22e:	44 1f       	adc	r20, r20
     230:	55 1f       	adc	r21, r21
     232:	6a 95       	dec	r22
     234:	d2 f7       	brpl	.-12     	; 0x22a <_fpadd_parts+0x140>
     236:	21 50       	subi	r18, 0x01	; 1
     238:	30 40       	sbci	r19, 0x00	; 0
     23a:	40 40       	sbci	r20, 0x00	; 0
     23c:	50 40       	sbci	r21, 0x00	; 0
     23e:	2a 21       	and	r18, r10
     240:	3b 21       	and	r19, r11
     242:	4c 21       	and	r20, r12
     244:	5d 21       	and	r21, r13
     246:	21 15       	cp	r18, r1
     248:	31 05       	cpc	r19, r1
     24a:	41 05       	cpc	r20, r1
     24c:	51 05       	cpc	r21, r1
     24e:	21 f0       	breq	.+8      	; 0x258 <_fpadd_parts+0x16e>
     250:	21 e0       	ldi	r18, 0x01	; 1
     252:	30 e0       	ldi	r19, 0x00	; 0
     254:	40 e0       	ldi	r20, 0x00	; 0
     256:	50 e0       	ldi	r21, 0x00	; 0
     258:	59 01       	movw	r10, r18
     25a:	6a 01       	movw	r12, r20
     25c:	a6 28       	or	r10, r6
     25e:	b7 28       	or	r11, r7
     260:	c8 28       	or	r12, r8
     262:	d9 28       	or	r13, r9
     264:	0b c0       	rjmp	.+22     	; 0x27c <_fpadd_parts+0x192>
     266:	82 15       	cp	r24, r2
     268:	93 05       	cpc	r25, r3
     26a:	2c f0       	brlt	.+10     	; 0x276 <_fpadd_parts+0x18c>
     26c:	1c 01       	movw	r2, r24
     26e:	aa 24       	eor	r10, r10
     270:	bb 24       	eor	r11, r11
     272:	65 01       	movw	r12, r10
     274:	03 c0       	rjmp	.+6      	; 0x27c <_fpadd_parts+0x192>
     276:	ee 24       	eor	r14, r14
     278:	ff 24       	eor	r15, r15
     27a:	87 01       	movw	r16, r14
     27c:	11 96       	adiw	r26, 0x01	; 1
     27e:	9c 91       	ld	r25, X
     280:	d2 01       	movw	r26, r4
     282:	11 96       	adiw	r26, 0x01	; 1
     284:	8c 91       	ld	r24, X
     286:	98 17       	cp	r25, r24
     288:	09 f4       	brne	.+2      	; 0x28c <_fpadd_parts+0x1a2>
     28a:	45 c0       	rjmp	.+138    	; 0x316 <_fpadd_parts+0x22c>
     28c:	99 23       	and	r25, r25
     28e:	39 f0       	breq	.+14     	; 0x29e <_fpadd_parts+0x1b4>
     290:	a8 01       	movw	r20, r16
     292:	97 01       	movw	r18, r14
     294:	2a 19       	sub	r18, r10
     296:	3b 09       	sbc	r19, r11
     298:	4c 09       	sbc	r20, r12
     29a:	5d 09       	sbc	r21, r13
     29c:	06 c0       	rjmp	.+12     	; 0x2aa <_fpadd_parts+0x1c0>
     29e:	a6 01       	movw	r20, r12
     2a0:	95 01       	movw	r18, r10
     2a2:	2e 19       	sub	r18, r14
     2a4:	3f 09       	sbc	r19, r15
     2a6:	40 0b       	sbc	r20, r16
     2a8:	51 0b       	sbc	r21, r17
     2aa:	57 fd       	sbrc	r21, 7
     2ac:	08 c0       	rjmp	.+16     	; 0x2be <_fpadd_parts+0x1d4>
     2ae:	11 82       	std	Z+1, r1	; 0x01
     2b0:	33 82       	std	Z+3, r3	; 0x03
     2b2:	22 82       	std	Z+2, r2	; 0x02
     2b4:	24 83       	std	Z+4, r18	; 0x04
     2b6:	35 83       	std	Z+5, r19	; 0x05
     2b8:	46 83       	std	Z+6, r20	; 0x06
     2ba:	57 83       	std	Z+7, r21	; 0x07
     2bc:	1d c0       	rjmp	.+58     	; 0x2f8 <_fpadd_parts+0x20e>
     2be:	81 e0       	ldi	r24, 0x01	; 1
     2c0:	81 83       	std	Z+1, r24	; 0x01
     2c2:	33 82       	std	Z+3, r3	; 0x03
     2c4:	22 82       	std	Z+2, r2	; 0x02
     2c6:	88 27       	eor	r24, r24
     2c8:	99 27       	eor	r25, r25
     2ca:	dc 01       	movw	r26, r24
     2cc:	82 1b       	sub	r24, r18
     2ce:	93 0b       	sbc	r25, r19
     2d0:	a4 0b       	sbc	r26, r20
     2d2:	b5 0b       	sbc	r27, r21
     2d4:	84 83       	std	Z+4, r24	; 0x04
     2d6:	95 83       	std	Z+5, r25	; 0x05
     2d8:	a6 83       	std	Z+6, r26	; 0x06
     2da:	b7 83       	std	Z+7, r27	; 0x07
     2dc:	0d c0       	rjmp	.+26     	; 0x2f8 <_fpadd_parts+0x20e>
     2de:	22 0f       	add	r18, r18
     2e0:	33 1f       	adc	r19, r19
     2e2:	44 1f       	adc	r20, r20
     2e4:	55 1f       	adc	r21, r21
     2e6:	24 83       	std	Z+4, r18	; 0x04
     2e8:	35 83       	std	Z+5, r19	; 0x05
     2ea:	46 83       	std	Z+6, r20	; 0x06
     2ec:	57 83       	std	Z+7, r21	; 0x07
     2ee:	82 81       	ldd	r24, Z+2	; 0x02
     2f0:	93 81       	ldd	r25, Z+3	; 0x03
     2f2:	01 97       	sbiw	r24, 0x01	; 1
     2f4:	93 83       	std	Z+3, r25	; 0x03
     2f6:	82 83       	std	Z+2, r24	; 0x02
     2f8:	24 81       	ldd	r18, Z+4	; 0x04
     2fa:	35 81       	ldd	r19, Z+5	; 0x05
     2fc:	46 81       	ldd	r20, Z+6	; 0x06
     2fe:	57 81       	ldd	r21, Z+7	; 0x07
     300:	da 01       	movw	r26, r20
     302:	c9 01       	movw	r24, r18
     304:	01 97       	sbiw	r24, 0x01	; 1
     306:	a1 09       	sbc	r26, r1
     308:	b1 09       	sbc	r27, r1
     30a:	8f 5f       	subi	r24, 0xFF	; 255
     30c:	9f 4f       	sbci	r25, 0xFF	; 255
     30e:	af 4f       	sbci	r26, 0xFF	; 255
     310:	bf 43       	sbci	r27, 0x3F	; 63
     312:	28 f3       	brcs	.-54     	; 0x2de <_fpadd_parts+0x1f4>
     314:	0b c0       	rjmp	.+22     	; 0x32c <_fpadd_parts+0x242>
     316:	91 83       	std	Z+1, r25	; 0x01
     318:	33 82       	std	Z+3, r3	; 0x03
     31a:	22 82       	std	Z+2, r2	; 0x02
     31c:	ea 0c       	add	r14, r10
     31e:	fb 1c       	adc	r15, r11
     320:	0c 1d       	adc	r16, r12
     322:	1d 1d       	adc	r17, r13
     324:	e4 82       	std	Z+4, r14	; 0x04
     326:	f5 82       	std	Z+5, r15	; 0x05
     328:	06 83       	std	Z+6, r16	; 0x06
     32a:	17 83       	std	Z+7, r17	; 0x07
     32c:	83 e0       	ldi	r24, 0x03	; 3
     32e:	80 83       	st	Z, r24
     330:	24 81       	ldd	r18, Z+4	; 0x04
     332:	35 81       	ldd	r19, Z+5	; 0x05
     334:	46 81       	ldd	r20, Z+6	; 0x06
     336:	57 81       	ldd	r21, Z+7	; 0x07
     338:	57 ff       	sbrs	r21, 7
     33a:	1a c0       	rjmp	.+52     	; 0x370 <_fpadd_parts+0x286>
     33c:	c9 01       	movw	r24, r18
     33e:	aa 27       	eor	r26, r26
     340:	97 fd       	sbrc	r25, 7
     342:	a0 95       	com	r26
     344:	ba 2f       	mov	r27, r26
     346:	81 70       	andi	r24, 0x01	; 1
     348:	90 70       	andi	r25, 0x00	; 0
     34a:	a0 70       	andi	r26, 0x00	; 0
     34c:	b0 70       	andi	r27, 0x00	; 0
     34e:	56 95       	lsr	r21
     350:	47 95       	ror	r20
     352:	37 95       	ror	r19
     354:	27 95       	ror	r18
     356:	82 2b       	or	r24, r18
     358:	93 2b       	or	r25, r19
     35a:	a4 2b       	or	r26, r20
     35c:	b5 2b       	or	r27, r21
     35e:	84 83       	std	Z+4, r24	; 0x04
     360:	95 83       	std	Z+5, r25	; 0x05
     362:	a6 83       	std	Z+6, r26	; 0x06
     364:	b7 83       	std	Z+7, r27	; 0x07
     366:	82 81       	ldd	r24, Z+2	; 0x02
     368:	93 81       	ldd	r25, Z+3	; 0x03
     36a:	01 96       	adiw	r24, 0x01	; 1
     36c:	93 83       	std	Z+3, r25	; 0x03
     36e:	82 83       	std	Z+2, r24	; 0x02
     370:	df 01       	movw	r26, r30
     372:	01 c0       	rjmp	.+2      	; 0x376 <_fpadd_parts+0x28c>
     374:	d2 01       	movw	r26, r4
     376:	cd 01       	movw	r24, r26
     378:	cd b7       	in	r28, 0x3d	; 61
     37a:	de b7       	in	r29, 0x3e	; 62
     37c:	e2 e1       	ldi	r30, 0x12	; 18
     37e:	0c 94 35 1c 	jmp	0x386a	; 0x386a <__epilogue_restores__>

00000382 <__subsf3>:
     382:	a0 e2       	ldi	r26, 0x20	; 32
     384:	b0 e0       	ldi	r27, 0x00	; 0
     386:	e7 ec       	ldi	r30, 0xC7	; 199
     388:	f1 e0       	ldi	r31, 0x01	; 1
     38a:	0c 94 25 1c 	jmp	0x384a	; 0x384a <__prologue_saves__+0x18>
     38e:	69 83       	std	Y+1, r22	; 0x01
     390:	7a 83       	std	Y+2, r23	; 0x02
     392:	8b 83       	std	Y+3, r24	; 0x03
     394:	9c 83       	std	Y+4, r25	; 0x04
     396:	2d 83       	std	Y+5, r18	; 0x05
     398:	3e 83       	std	Y+6, r19	; 0x06
     39a:	4f 83       	std	Y+7, r20	; 0x07
     39c:	58 87       	std	Y+8, r21	; 0x08
     39e:	e9 e0       	ldi	r30, 0x09	; 9
     3a0:	ee 2e       	mov	r14, r30
     3a2:	f1 2c       	mov	r15, r1
     3a4:	ec 0e       	add	r14, r28
     3a6:	fd 1e       	adc	r15, r29
     3a8:	ce 01       	movw	r24, r28
     3aa:	01 96       	adiw	r24, 0x01	; 1
     3ac:	b7 01       	movw	r22, r14
     3ae:	0e 94 7e 05 	call	0xafc	; 0xafc <__unpack_f>
     3b2:	8e 01       	movw	r16, r28
     3b4:	0f 5e       	subi	r16, 0xEF	; 239
     3b6:	1f 4f       	sbci	r17, 0xFF	; 255
     3b8:	ce 01       	movw	r24, r28
     3ba:	05 96       	adiw	r24, 0x05	; 5
     3bc:	b8 01       	movw	r22, r16
     3be:	0e 94 7e 05 	call	0xafc	; 0xafc <__unpack_f>
     3c2:	8a 89       	ldd	r24, Y+18	; 0x12
     3c4:	91 e0       	ldi	r25, 0x01	; 1
     3c6:	89 27       	eor	r24, r25
     3c8:	8a 8b       	std	Y+18, r24	; 0x12
     3ca:	c7 01       	movw	r24, r14
     3cc:	b8 01       	movw	r22, r16
     3ce:	ae 01       	movw	r20, r28
     3d0:	47 5e       	subi	r20, 0xE7	; 231
     3d2:	5f 4f       	sbci	r21, 0xFF	; 255
     3d4:	0e 94 75 00 	call	0xea	; 0xea <_fpadd_parts>
     3d8:	0e 94 a9 04 	call	0x952	; 0x952 <__pack_f>
     3dc:	a0 96       	adiw	r28, 0x20	; 32
     3de:	e6 e0       	ldi	r30, 0x06	; 6
     3e0:	0c 94 41 1c 	jmp	0x3882	; 0x3882 <__epilogue_restores__+0x18>

000003e4 <__addsf3>:
     3e4:	a0 e2       	ldi	r26, 0x20	; 32
     3e6:	b0 e0       	ldi	r27, 0x00	; 0
     3e8:	e8 ef       	ldi	r30, 0xF8	; 248
     3ea:	f1 e0       	ldi	r31, 0x01	; 1
     3ec:	0c 94 25 1c 	jmp	0x384a	; 0x384a <__prologue_saves__+0x18>
     3f0:	69 83       	std	Y+1, r22	; 0x01
     3f2:	7a 83       	std	Y+2, r23	; 0x02
     3f4:	8b 83       	std	Y+3, r24	; 0x03
     3f6:	9c 83       	std	Y+4, r25	; 0x04
     3f8:	2d 83       	std	Y+5, r18	; 0x05
     3fa:	3e 83       	std	Y+6, r19	; 0x06
     3fc:	4f 83       	std	Y+7, r20	; 0x07
     3fe:	58 87       	std	Y+8, r21	; 0x08
     400:	f9 e0       	ldi	r31, 0x09	; 9
     402:	ef 2e       	mov	r14, r31
     404:	f1 2c       	mov	r15, r1
     406:	ec 0e       	add	r14, r28
     408:	fd 1e       	adc	r15, r29
     40a:	ce 01       	movw	r24, r28
     40c:	01 96       	adiw	r24, 0x01	; 1
     40e:	b7 01       	movw	r22, r14
     410:	0e 94 7e 05 	call	0xafc	; 0xafc <__unpack_f>
     414:	8e 01       	movw	r16, r28
     416:	0f 5e       	subi	r16, 0xEF	; 239
     418:	1f 4f       	sbci	r17, 0xFF	; 255
     41a:	ce 01       	movw	r24, r28
     41c:	05 96       	adiw	r24, 0x05	; 5
     41e:	b8 01       	movw	r22, r16
     420:	0e 94 7e 05 	call	0xafc	; 0xafc <__unpack_f>
     424:	c7 01       	movw	r24, r14
     426:	b8 01       	movw	r22, r16
     428:	ae 01       	movw	r20, r28
     42a:	47 5e       	subi	r20, 0xE7	; 231
     42c:	5f 4f       	sbci	r21, 0xFF	; 255
     42e:	0e 94 75 00 	call	0xea	; 0xea <_fpadd_parts>
     432:	0e 94 a9 04 	call	0x952	; 0x952 <__pack_f>
     436:	a0 96       	adiw	r28, 0x20	; 32
     438:	e6 e0       	ldi	r30, 0x06	; 6
     43a:	0c 94 41 1c 	jmp	0x3882	; 0x3882 <__epilogue_restores__+0x18>

0000043e <__mulsf3>:
     43e:	a0 e2       	ldi	r26, 0x20	; 32
     440:	b0 e0       	ldi	r27, 0x00	; 0
     442:	e5 e2       	ldi	r30, 0x25	; 37
     444:	f2 e0       	ldi	r31, 0x02	; 2
     446:	0c 94 19 1c 	jmp	0x3832	; 0x3832 <__prologue_saves__>
     44a:	69 83       	std	Y+1, r22	; 0x01
     44c:	7a 83       	std	Y+2, r23	; 0x02
     44e:	8b 83       	std	Y+3, r24	; 0x03
     450:	9c 83       	std	Y+4, r25	; 0x04
     452:	2d 83       	std	Y+5, r18	; 0x05
     454:	3e 83       	std	Y+6, r19	; 0x06
     456:	4f 83       	std	Y+7, r20	; 0x07
     458:	58 87       	std	Y+8, r21	; 0x08
     45a:	ce 01       	movw	r24, r28
     45c:	01 96       	adiw	r24, 0x01	; 1
     45e:	be 01       	movw	r22, r28
     460:	67 5f       	subi	r22, 0xF7	; 247
     462:	7f 4f       	sbci	r23, 0xFF	; 255
     464:	0e 94 7e 05 	call	0xafc	; 0xafc <__unpack_f>
     468:	ce 01       	movw	r24, r28
     46a:	05 96       	adiw	r24, 0x05	; 5
     46c:	be 01       	movw	r22, r28
     46e:	6f 5e       	subi	r22, 0xEF	; 239
     470:	7f 4f       	sbci	r23, 0xFF	; 255
     472:	0e 94 7e 05 	call	0xafc	; 0xafc <__unpack_f>
     476:	99 85       	ldd	r25, Y+9	; 0x09
     478:	92 30       	cpi	r25, 0x02	; 2
     47a:	88 f0       	brcs	.+34     	; 0x49e <__stack+0x3f>
     47c:	89 89       	ldd	r24, Y+17	; 0x11
     47e:	82 30       	cpi	r24, 0x02	; 2
     480:	c8 f0       	brcs	.+50     	; 0x4b4 <__stack+0x55>
     482:	94 30       	cpi	r25, 0x04	; 4
     484:	19 f4       	brne	.+6      	; 0x48c <__stack+0x2d>
     486:	82 30       	cpi	r24, 0x02	; 2
     488:	51 f4       	brne	.+20     	; 0x49e <__stack+0x3f>
     48a:	04 c0       	rjmp	.+8      	; 0x494 <__stack+0x35>
     48c:	84 30       	cpi	r24, 0x04	; 4
     48e:	29 f4       	brne	.+10     	; 0x49a <__stack+0x3b>
     490:	92 30       	cpi	r25, 0x02	; 2
     492:	81 f4       	brne	.+32     	; 0x4b4 <__stack+0x55>
     494:	80 ee       	ldi	r24, 0xE0	; 224
     496:	90 e0       	ldi	r25, 0x00	; 0
     498:	c6 c0       	rjmp	.+396    	; 0x626 <__stack+0x1c7>
     49a:	92 30       	cpi	r25, 0x02	; 2
     49c:	49 f4       	brne	.+18     	; 0x4b0 <__stack+0x51>
     49e:	20 e0       	ldi	r18, 0x00	; 0
     4a0:	9a 85       	ldd	r25, Y+10	; 0x0a
     4a2:	8a 89       	ldd	r24, Y+18	; 0x12
     4a4:	98 13       	cpse	r25, r24
     4a6:	21 e0       	ldi	r18, 0x01	; 1
     4a8:	2a 87       	std	Y+10, r18	; 0x0a
     4aa:	ce 01       	movw	r24, r28
     4ac:	09 96       	adiw	r24, 0x09	; 9
     4ae:	bb c0       	rjmp	.+374    	; 0x626 <__stack+0x1c7>
     4b0:	82 30       	cpi	r24, 0x02	; 2
     4b2:	49 f4       	brne	.+18     	; 0x4c6 <__stack+0x67>
     4b4:	20 e0       	ldi	r18, 0x00	; 0
     4b6:	9a 85       	ldd	r25, Y+10	; 0x0a
     4b8:	8a 89       	ldd	r24, Y+18	; 0x12
     4ba:	98 13       	cpse	r25, r24
     4bc:	21 e0       	ldi	r18, 0x01	; 1
     4be:	2a 8b       	std	Y+18, r18	; 0x12
     4c0:	ce 01       	movw	r24, r28
     4c2:	41 96       	adiw	r24, 0x11	; 17
     4c4:	b0 c0       	rjmp	.+352    	; 0x626 <__stack+0x1c7>
     4c6:	2d 84       	ldd	r2, Y+13	; 0x0d
     4c8:	3e 84       	ldd	r3, Y+14	; 0x0e
     4ca:	4f 84       	ldd	r4, Y+15	; 0x0f
     4cc:	58 88       	ldd	r5, Y+16	; 0x10
     4ce:	6d 88       	ldd	r6, Y+21	; 0x15
     4d0:	7e 88       	ldd	r7, Y+22	; 0x16
     4d2:	8f 88       	ldd	r8, Y+23	; 0x17
     4d4:	98 8c       	ldd	r9, Y+24	; 0x18
     4d6:	ee 24       	eor	r14, r14
     4d8:	ff 24       	eor	r15, r15
     4da:	87 01       	movw	r16, r14
     4dc:	aa 24       	eor	r10, r10
     4de:	bb 24       	eor	r11, r11
     4e0:	65 01       	movw	r12, r10
     4e2:	40 e0       	ldi	r20, 0x00	; 0
     4e4:	50 e0       	ldi	r21, 0x00	; 0
     4e6:	60 e0       	ldi	r22, 0x00	; 0
     4e8:	70 e0       	ldi	r23, 0x00	; 0
     4ea:	e0 e0       	ldi	r30, 0x00	; 0
     4ec:	f0 e0       	ldi	r31, 0x00	; 0
     4ee:	c1 01       	movw	r24, r2
     4f0:	81 70       	andi	r24, 0x01	; 1
     4f2:	90 70       	andi	r25, 0x00	; 0
     4f4:	89 2b       	or	r24, r25
     4f6:	e9 f0       	breq	.+58     	; 0x532 <__stack+0xd3>
     4f8:	e6 0c       	add	r14, r6
     4fa:	f7 1c       	adc	r15, r7
     4fc:	08 1d       	adc	r16, r8
     4fe:	19 1d       	adc	r17, r9
     500:	9a 01       	movw	r18, r20
     502:	ab 01       	movw	r20, r22
     504:	2a 0d       	add	r18, r10
     506:	3b 1d       	adc	r19, r11
     508:	4c 1d       	adc	r20, r12
     50a:	5d 1d       	adc	r21, r13
     50c:	80 e0       	ldi	r24, 0x00	; 0
     50e:	90 e0       	ldi	r25, 0x00	; 0
     510:	a0 e0       	ldi	r26, 0x00	; 0
     512:	b0 e0       	ldi	r27, 0x00	; 0
     514:	e6 14       	cp	r14, r6
     516:	f7 04       	cpc	r15, r7
     518:	08 05       	cpc	r16, r8
     51a:	19 05       	cpc	r17, r9
     51c:	20 f4       	brcc	.+8      	; 0x526 <__stack+0xc7>
     51e:	81 e0       	ldi	r24, 0x01	; 1
     520:	90 e0       	ldi	r25, 0x00	; 0
     522:	a0 e0       	ldi	r26, 0x00	; 0
     524:	b0 e0       	ldi	r27, 0x00	; 0
     526:	ba 01       	movw	r22, r20
     528:	a9 01       	movw	r20, r18
     52a:	48 0f       	add	r20, r24
     52c:	59 1f       	adc	r21, r25
     52e:	6a 1f       	adc	r22, r26
     530:	7b 1f       	adc	r23, r27
     532:	aa 0c       	add	r10, r10
     534:	bb 1c       	adc	r11, r11
     536:	cc 1c       	adc	r12, r12
     538:	dd 1c       	adc	r13, r13
     53a:	97 fe       	sbrs	r9, 7
     53c:	08 c0       	rjmp	.+16     	; 0x54e <__stack+0xef>
     53e:	81 e0       	ldi	r24, 0x01	; 1
     540:	90 e0       	ldi	r25, 0x00	; 0
     542:	a0 e0       	ldi	r26, 0x00	; 0
     544:	b0 e0       	ldi	r27, 0x00	; 0
     546:	a8 2a       	or	r10, r24
     548:	b9 2a       	or	r11, r25
     54a:	ca 2a       	or	r12, r26
     54c:	db 2a       	or	r13, r27
     54e:	31 96       	adiw	r30, 0x01	; 1
     550:	e0 32       	cpi	r30, 0x20	; 32
     552:	f1 05       	cpc	r31, r1
     554:	49 f0       	breq	.+18     	; 0x568 <__stack+0x109>
     556:	66 0c       	add	r6, r6
     558:	77 1c       	adc	r7, r7
     55a:	88 1c       	adc	r8, r8
     55c:	99 1c       	adc	r9, r9
     55e:	56 94       	lsr	r5
     560:	47 94       	ror	r4
     562:	37 94       	ror	r3
     564:	27 94       	ror	r2
     566:	c3 cf       	rjmp	.-122    	; 0x4ee <__stack+0x8f>
     568:	fa 85       	ldd	r31, Y+10	; 0x0a
     56a:	ea 89       	ldd	r30, Y+18	; 0x12
     56c:	2b 89       	ldd	r18, Y+19	; 0x13
     56e:	3c 89       	ldd	r19, Y+20	; 0x14
     570:	8b 85       	ldd	r24, Y+11	; 0x0b
     572:	9c 85       	ldd	r25, Y+12	; 0x0c
     574:	28 0f       	add	r18, r24
     576:	39 1f       	adc	r19, r25
     578:	2e 5f       	subi	r18, 0xFE	; 254
     57a:	3f 4f       	sbci	r19, 0xFF	; 255
     57c:	17 c0       	rjmp	.+46     	; 0x5ac <__stack+0x14d>
     57e:	ca 01       	movw	r24, r20
     580:	81 70       	andi	r24, 0x01	; 1
     582:	90 70       	andi	r25, 0x00	; 0
     584:	89 2b       	or	r24, r25
     586:	61 f0       	breq	.+24     	; 0x5a0 <__stack+0x141>
     588:	16 95       	lsr	r17
     58a:	07 95       	ror	r16
     58c:	f7 94       	ror	r15
     58e:	e7 94       	ror	r14
     590:	80 e0       	ldi	r24, 0x00	; 0
     592:	90 e0       	ldi	r25, 0x00	; 0
     594:	a0 e0       	ldi	r26, 0x00	; 0
     596:	b0 e8       	ldi	r27, 0x80	; 128
     598:	e8 2a       	or	r14, r24
     59a:	f9 2a       	or	r15, r25
     59c:	0a 2b       	or	r16, r26
     59e:	1b 2b       	or	r17, r27
     5a0:	76 95       	lsr	r23
     5a2:	67 95       	ror	r22
     5a4:	57 95       	ror	r21
     5a6:	47 95       	ror	r20
     5a8:	2f 5f       	subi	r18, 0xFF	; 255
     5aa:	3f 4f       	sbci	r19, 0xFF	; 255
     5ac:	77 fd       	sbrc	r23, 7
     5ae:	e7 cf       	rjmp	.-50     	; 0x57e <__stack+0x11f>
     5b0:	0c c0       	rjmp	.+24     	; 0x5ca <__stack+0x16b>
     5b2:	44 0f       	add	r20, r20
     5b4:	55 1f       	adc	r21, r21
     5b6:	66 1f       	adc	r22, r22
     5b8:	77 1f       	adc	r23, r23
     5ba:	17 fd       	sbrc	r17, 7
     5bc:	41 60       	ori	r20, 0x01	; 1
     5be:	ee 0c       	add	r14, r14
     5c0:	ff 1c       	adc	r15, r15
     5c2:	00 1f       	adc	r16, r16
     5c4:	11 1f       	adc	r17, r17
     5c6:	21 50       	subi	r18, 0x01	; 1
     5c8:	30 40       	sbci	r19, 0x00	; 0
     5ca:	40 30       	cpi	r20, 0x00	; 0
     5cc:	90 e0       	ldi	r25, 0x00	; 0
     5ce:	59 07       	cpc	r21, r25
     5d0:	90 e0       	ldi	r25, 0x00	; 0
     5d2:	69 07       	cpc	r22, r25
     5d4:	90 e4       	ldi	r25, 0x40	; 64
     5d6:	79 07       	cpc	r23, r25
     5d8:	60 f3       	brcs	.-40     	; 0x5b2 <__stack+0x153>
     5da:	2b 8f       	std	Y+27, r18	; 0x1b
     5dc:	3c 8f       	std	Y+28, r19	; 0x1c
     5de:	db 01       	movw	r26, r22
     5e0:	ca 01       	movw	r24, r20
     5e2:	8f 77       	andi	r24, 0x7F	; 127
     5e4:	90 70       	andi	r25, 0x00	; 0
     5e6:	a0 70       	andi	r26, 0x00	; 0
     5e8:	b0 70       	andi	r27, 0x00	; 0
     5ea:	80 34       	cpi	r24, 0x40	; 64
     5ec:	91 05       	cpc	r25, r1
     5ee:	a1 05       	cpc	r26, r1
     5f0:	b1 05       	cpc	r27, r1
     5f2:	61 f4       	brne	.+24     	; 0x60c <__stack+0x1ad>
     5f4:	47 fd       	sbrc	r20, 7
     5f6:	0a c0       	rjmp	.+20     	; 0x60c <__stack+0x1ad>
     5f8:	e1 14       	cp	r14, r1
     5fa:	f1 04       	cpc	r15, r1
     5fc:	01 05       	cpc	r16, r1
     5fe:	11 05       	cpc	r17, r1
     600:	29 f0       	breq	.+10     	; 0x60c <__stack+0x1ad>
     602:	40 5c       	subi	r20, 0xC0	; 192
     604:	5f 4f       	sbci	r21, 0xFF	; 255
     606:	6f 4f       	sbci	r22, 0xFF	; 255
     608:	7f 4f       	sbci	r23, 0xFF	; 255
     60a:	40 78       	andi	r20, 0x80	; 128
     60c:	1a 8e       	std	Y+26, r1	; 0x1a
     60e:	fe 17       	cp	r31, r30
     610:	11 f0       	breq	.+4      	; 0x616 <__stack+0x1b7>
     612:	81 e0       	ldi	r24, 0x01	; 1
     614:	8a 8f       	std	Y+26, r24	; 0x1a
     616:	4d 8f       	std	Y+29, r20	; 0x1d
     618:	5e 8f       	std	Y+30, r21	; 0x1e
     61a:	6f 8f       	std	Y+31, r22	; 0x1f
     61c:	78 a3       	std	Y+32, r23	; 0x20
     61e:	83 e0       	ldi	r24, 0x03	; 3
     620:	89 8f       	std	Y+25, r24	; 0x19
     622:	ce 01       	movw	r24, r28
     624:	49 96       	adiw	r24, 0x19	; 25
     626:	0e 94 a9 04 	call	0x952	; 0x952 <__pack_f>
     62a:	a0 96       	adiw	r28, 0x20	; 32
     62c:	e2 e1       	ldi	r30, 0x12	; 18
     62e:	0c 94 35 1c 	jmp	0x386a	; 0x386a <__epilogue_restores__>

00000632 <__divsf3>:
     632:	a8 e1       	ldi	r26, 0x18	; 24
     634:	b0 e0       	ldi	r27, 0x00	; 0
     636:	ef e1       	ldi	r30, 0x1F	; 31
     638:	f3 e0       	ldi	r31, 0x03	; 3
     63a:	0c 94 21 1c 	jmp	0x3842	; 0x3842 <__prologue_saves__+0x10>
     63e:	69 83       	std	Y+1, r22	; 0x01
     640:	7a 83       	std	Y+2, r23	; 0x02
     642:	8b 83       	std	Y+3, r24	; 0x03
     644:	9c 83       	std	Y+4, r25	; 0x04
     646:	2d 83       	std	Y+5, r18	; 0x05
     648:	3e 83       	std	Y+6, r19	; 0x06
     64a:	4f 83       	std	Y+7, r20	; 0x07
     64c:	58 87       	std	Y+8, r21	; 0x08
     64e:	b9 e0       	ldi	r27, 0x09	; 9
     650:	eb 2e       	mov	r14, r27
     652:	f1 2c       	mov	r15, r1
     654:	ec 0e       	add	r14, r28
     656:	fd 1e       	adc	r15, r29
     658:	ce 01       	movw	r24, r28
     65a:	01 96       	adiw	r24, 0x01	; 1
     65c:	b7 01       	movw	r22, r14
     65e:	0e 94 7e 05 	call	0xafc	; 0xafc <__unpack_f>
     662:	8e 01       	movw	r16, r28
     664:	0f 5e       	subi	r16, 0xEF	; 239
     666:	1f 4f       	sbci	r17, 0xFF	; 255
     668:	ce 01       	movw	r24, r28
     66a:	05 96       	adiw	r24, 0x05	; 5
     66c:	b8 01       	movw	r22, r16
     66e:	0e 94 7e 05 	call	0xafc	; 0xafc <__unpack_f>
     672:	29 85       	ldd	r18, Y+9	; 0x09
     674:	22 30       	cpi	r18, 0x02	; 2
     676:	08 f4       	brcc	.+2      	; 0x67a <__divsf3+0x48>
     678:	7e c0       	rjmp	.+252    	; 0x776 <__divsf3+0x144>
     67a:	39 89       	ldd	r19, Y+17	; 0x11
     67c:	32 30       	cpi	r19, 0x02	; 2
     67e:	10 f4       	brcc	.+4      	; 0x684 <__divsf3+0x52>
     680:	b8 01       	movw	r22, r16
     682:	7c c0       	rjmp	.+248    	; 0x77c <__divsf3+0x14a>
     684:	8a 85       	ldd	r24, Y+10	; 0x0a
     686:	9a 89       	ldd	r25, Y+18	; 0x12
     688:	89 27       	eor	r24, r25
     68a:	8a 87       	std	Y+10, r24	; 0x0a
     68c:	24 30       	cpi	r18, 0x04	; 4
     68e:	11 f0       	breq	.+4      	; 0x694 <__divsf3+0x62>
     690:	22 30       	cpi	r18, 0x02	; 2
     692:	31 f4       	brne	.+12     	; 0x6a0 <__divsf3+0x6e>
     694:	23 17       	cp	r18, r19
     696:	09 f0       	breq	.+2      	; 0x69a <__divsf3+0x68>
     698:	6e c0       	rjmp	.+220    	; 0x776 <__divsf3+0x144>
     69a:	60 ee       	ldi	r22, 0xE0	; 224
     69c:	70 e0       	ldi	r23, 0x00	; 0
     69e:	6e c0       	rjmp	.+220    	; 0x77c <__divsf3+0x14a>
     6a0:	34 30       	cpi	r19, 0x04	; 4
     6a2:	39 f4       	brne	.+14     	; 0x6b2 <__divsf3+0x80>
     6a4:	1d 86       	std	Y+13, r1	; 0x0d
     6a6:	1e 86       	std	Y+14, r1	; 0x0e
     6a8:	1f 86       	std	Y+15, r1	; 0x0f
     6aa:	18 8a       	std	Y+16, r1	; 0x10
     6ac:	1c 86       	std	Y+12, r1	; 0x0c
     6ae:	1b 86       	std	Y+11, r1	; 0x0b
     6b0:	04 c0       	rjmp	.+8      	; 0x6ba <__divsf3+0x88>
     6b2:	32 30       	cpi	r19, 0x02	; 2
     6b4:	21 f4       	brne	.+8      	; 0x6be <__divsf3+0x8c>
     6b6:	84 e0       	ldi	r24, 0x04	; 4
     6b8:	89 87       	std	Y+9, r24	; 0x09
     6ba:	b7 01       	movw	r22, r14
     6bc:	5f c0       	rjmp	.+190    	; 0x77c <__divsf3+0x14a>
     6be:	2b 85       	ldd	r18, Y+11	; 0x0b
     6c0:	3c 85       	ldd	r19, Y+12	; 0x0c
     6c2:	8b 89       	ldd	r24, Y+19	; 0x13
     6c4:	9c 89       	ldd	r25, Y+20	; 0x14
     6c6:	28 1b       	sub	r18, r24
     6c8:	39 0b       	sbc	r19, r25
     6ca:	3c 87       	std	Y+12, r19	; 0x0c
     6cc:	2b 87       	std	Y+11, r18	; 0x0b
     6ce:	ed 84       	ldd	r14, Y+13	; 0x0d
     6d0:	fe 84       	ldd	r15, Y+14	; 0x0e
     6d2:	0f 85       	ldd	r16, Y+15	; 0x0f
     6d4:	18 89       	ldd	r17, Y+16	; 0x10
     6d6:	ad 88       	ldd	r10, Y+21	; 0x15
     6d8:	be 88       	ldd	r11, Y+22	; 0x16
     6da:	cf 88       	ldd	r12, Y+23	; 0x17
     6dc:	d8 8c       	ldd	r13, Y+24	; 0x18
     6de:	ea 14       	cp	r14, r10
     6e0:	fb 04       	cpc	r15, r11
     6e2:	0c 05       	cpc	r16, r12
     6e4:	1d 05       	cpc	r17, r13
     6e6:	40 f4       	brcc	.+16     	; 0x6f8 <__divsf3+0xc6>
     6e8:	ee 0c       	add	r14, r14
     6ea:	ff 1c       	adc	r15, r15
     6ec:	00 1f       	adc	r16, r16
     6ee:	11 1f       	adc	r17, r17
     6f0:	21 50       	subi	r18, 0x01	; 1
     6f2:	30 40       	sbci	r19, 0x00	; 0
     6f4:	3c 87       	std	Y+12, r19	; 0x0c
     6f6:	2b 87       	std	Y+11, r18	; 0x0b
     6f8:	20 e0       	ldi	r18, 0x00	; 0
     6fa:	30 e0       	ldi	r19, 0x00	; 0
     6fc:	40 e0       	ldi	r20, 0x00	; 0
     6fe:	50 e0       	ldi	r21, 0x00	; 0
     700:	80 e0       	ldi	r24, 0x00	; 0
     702:	90 e0       	ldi	r25, 0x00	; 0
     704:	a0 e0       	ldi	r26, 0x00	; 0
     706:	b0 e4       	ldi	r27, 0x40	; 64
     708:	60 e0       	ldi	r22, 0x00	; 0
     70a:	70 e0       	ldi	r23, 0x00	; 0
     70c:	ea 14       	cp	r14, r10
     70e:	fb 04       	cpc	r15, r11
     710:	0c 05       	cpc	r16, r12
     712:	1d 05       	cpc	r17, r13
     714:	40 f0       	brcs	.+16     	; 0x726 <__divsf3+0xf4>
     716:	28 2b       	or	r18, r24
     718:	39 2b       	or	r19, r25
     71a:	4a 2b       	or	r20, r26
     71c:	5b 2b       	or	r21, r27
     71e:	ea 18       	sub	r14, r10
     720:	fb 08       	sbc	r15, r11
     722:	0c 09       	sbc	r16, r12
     724:	1d 09       	sbc	r17, r13
     726:	b6 95       	lsr	r27
     728:	a7 95       	ror	r26
     72a:	97 95       	ror	r25
     72c:	87 95       	ror	r24
     72e:	ee 0c       	add	r14, r14
     730:	ff 1c       	adc	r15, r15
     732:	00 1f       	adc	r16, r16
     734:	11 1f       	adc	r17, r17
     736:	6f 5f       	subi	r22, 0xFF	; 255
     738:	7f 4f       	sbci	r23, 0xFF	; 255
     73a:	6f 31       	cpi	r22, 0x1F	; 31
     73c:	71 05       	cpc	r23, r1
     73e:	31 f7       	brne	.-52     	; 0x70c <__divsf3+0xda>
     740:	da 01       	movw	r26, r20
     742:	c9 01       	movw	r24, r18
     744:	8f 77       	andi	r24, 0x7F	; 127
     746:	90 70       	andi	r25, 0x00	; 0
     748:	a0 70       	andi	r26, 0x00	; 0
     74a:	b0 70       	andi	r27, 0x00	; 0
     74c:	80 34       	cpi	r24, 0x40	; 64
     74e:	91 05       	cpc	r25, r1
     750:	a1 05       	cpc	r26, r1
     752:	b1 05       	cpc	r27, r1
     754:	61 f4       	brne	.+24     	; 0x76e <__divsf3+0x13c>
     756:	27 fd       	sbrc	r18, 7
     758:	0a c0       	rjmp	.+20     	; 0x76e <__divsf3+0x13c>
     75a:	e1 14       	cp	r14, r1
     75c:	f1 04       	cpc	r15, r1
     75e:	01 05       	cpc	r16, r1
     760:	11 05       	cpc	r17, r1
     762:	29 f0       	breq	.+10     	; 0x76e <__divsf3+0x13c>
     764:	20 5c       	subi	r18, 0xC0	; 192
     766:	3f 4f       	sbci	r19, 0xFF	; 255
     768:	4f 4f       	sbci	r20, 0xFF	; 255
     76a:	5f 4f       	sbci	r21, 0xFF	; 255
     76c:	20 78       	andi	r18, 0x80	; 128
     76e:	2d 87       	std	Y+13, r18	; 0x0d
     770:	3e 87       	std	Y+14, r19	; 0x0e
     772:	4f 87       	std	Y+15, r20	; 0x0f
     774:	58 8b       	std	Y+16, r21	; 0x10
     776:	be 01       	movw	r22, r28
     778:	67 5f       	subi	r22, 0xF7	; 247
     77a:	7f 4f       	sbci	r23, 0xFF	; 255
     77c:	cb 01       	movw	r24, r22
     77e:	0e 94 a9 04 	call	0x952	; 0x952 <__pack_f>
     782:	68 96       	adiw	r28, 0x18	; 24
     784:	ea e0       	ldi	r30, 0x0A	; 10
     786:	0c 94 3d 1c 	jmp	0x387a	; 0x387a <__epilogue_restores__+0x10>

0000078a <__gtsf2>:
     78a:	a8 e1       	ldi	r26, 0x18	; 24
     78c:	b0 e0       	ldi	r27, 0x00	; 0
     78e:	eb ec       	ldi	r30, 0xCB	; 203
     790:	f3 e0       	ldi	r31, 0x03	; 3
     792:	0c 94 25 1c 	jmp	0x384a	; 0x384a <__prologue_saves__+0x18>
     796:	69 83       	std	Y+1, r22	; 0x01
     798:	7a 83       	std	Y+2, r23	; 0x02
     79a:	8b 83       	std	Y+3, r24	; 0x03
     79c:	9c 83       	std	Y+4, r25	; 0x04
     79e:	2d 83       	std	Y+5, r18	; 0x05
     7a0:	3e 83       	std	Y+6, r19	; 0x06
     7a2:	4f 83       	std	Y+7, r20	; 0x07
     7a4:	58 87       	std	Y+8, r21	; 0x08
     7a6:	89 e0       	ldi	r24, 0x09	; 9
     7a8:	e8 2e       	mov	r14, r24
     7aa:	f1 2c       	mov	r15, r1
     7ac:	ec 0e       	add	r14, r28
     7ae:	fd 1e       	adc	r15, r29
     7b0:	ce 01       	movw	r24, r28
     7b2:	01 96       	adiw	r24, 0x01	; 1
     7b4:	b7 01       	movw	r22, r14
     7b6:	0e 94 7e 05 	call	0xafc	; 0xafc <__unpack_f>
     7ba:	8e 01       	movw	r16, r28
     7bc:	0f 5e       	subi	r16, 0xEF	; 239
     7be:	1f 4f       	sbci	r17, 0xFF	; 255
     7c0:	ce 01       	movw	r24, r28
     7c2:	05 96       	adiw	r24, 0x05	; 5
     7c4:	b8 01       	movw	r22, r16
     7c6:	0e 94 7e 05 	call	0xafc	; 0xafc <__unpack_f>
     7ca:	89 85       	ldd	r24, Y+9	; 0x09
     7cc:	82 30       	cpi	r24, 0x02	; 2
     7ce:	40 f0       	brcs	.+16     	; 0x7e0 <__gtsf2+0x56>
     7d0:	89 89       	ldd	r24, Y+17	; 0x11
     7d2:	82 30       	cpi	r24, 0x02	; 2
     7d4:	28 f0       	brcs	.+10     	; 0x7e0 <__gtsf2+0x56>
     7d6:	c7 01       	movw	r24, r14
     7d8:	b8 01       	movw	r22, r16
     7da:	0e 94 f6 05 	call	0xbec	; 0xbec <__fpcmp_parts_f>
     7de:	01 c0       	rjmp	.+2      	; 0x7e2 <__gtsf2+0x58>
     7e0:	8f ef       	ldi	r24, 0xFF	; 255
     7e2:	68 96       	adiw	r28, 0x18	; 24
     7e4:	e6 e0       	ldi	r30, 0x06	; 6
     7e6:	0c 94 41 1c 	jmp	0x3882	; 0x3882 <__epilogue_restores__+0x18>

000007ea <__gesf2>:
     7ea:	a8 e1       	ldi	r26, 0x18	; 24
     7ec:	b0 e0       	ldi	r27, 0x00	; 0
     7ee:	eb ef       	ldi	r30, 0xFB	; 251
     7f0:	f3 e0       	ldi	r31, 0x03	; 3
     7f2:	0c 94 25 1c 	jmp	0x384a	; 0x384a <__prologue_saves__+0x18>
     7f6:	69 83       	std	Y+1, r22	; 0x01
     7f8:	7a 83       	std	Y+2, r23	; 0x02
     7fa:	8b 83       	std	Y+3, r24	; 0x03
     7fc:	9c 83       	std	Y+4, r25	; 0x04
     7fe:	2d 83       	std	Y+5, r18	; 0x05
     800:	3e 83       	std	Y+6, r19	; 0x06
     802:	4f 83       	std	Y+7, r20	; 0x07
     804:	58 87       	std	Y+8, r21	; 0x08
     806:	89 e0       	ldi	r24, 0x09	; 9
     808:	e8 2e       	mov	r14, r24
     80a:	f1 2c       	mov	r15, r1
     80c:	ec 0e       	add	r14, r28
     80e:	fd 1e       	adc	r15, r29
     810:	ce 01       	movw	r24, r28
     812:	01 96       	adiw	r24, 0x01	; 1
     814:	b7 01       	movw	r22, r14
     816:	0e 94 7e 05 	call	0xafc	; 0xafc <__unpack_f>
     81a:	8e 01       	movw	r16, r28
     81c:	0f 5e       	subi	r16, 0xEF	; 239
     81e:	1f 4f       	sbci	r17, 0xFF	; 255
     820:	ce 01       	movw	r24, r28
     822:	05 96       	adiw	r24, 0x05	; 5
     824:	b8 01       	movw	r22, r16
     826:	0e 94 7e 05 	call	0xafc	; 0xafc <__unpack_f>
     82a:	89 85       	ldd	r24, Y+9	; 0x09
     82c:	82 30       	cpi	r24, 0x02	; 2
     82e:	40 f0       	brcs	.+16     	; 0x840 <__gesf2+0x56>
     830:	89 89       	ldd	r24, Y+17	; 0x11
     832:	82 30       	cpi	r24, 0x02	; 2
     834:	28 f0       	brcs	.+10     	; 0x840 <__gesf2+0x56>
     836:	c7 01       	movw	r24, r14
     838:	b8 01       	movw	r22, r16
     83a:	0e 94 f6 05 	call	0xbec	; 0xbec <__fpcmp_parts_f>
     83e:	01 c0       	rjmp	.+2      	; 0x842 <__gesf2+0x58>
     840:	8f ef       	ldi	r24, 0xFF	; 255
     842:	68 96       	adiw	r28, 0x18	; 24
     844:	e6 e0       	ldi	r30, 0x06	; 6
     846:	0c 94 41 1c 	jmp	0x3882	; 0x3882 <__epilogue_restores__+0x18>

0000084a <__ltsf2>:
     84a:	a8 e1       	ldi	r26, 0x18	; 24
     84c:	b0 e0       	ldi	r27, 0x00	; 0
     84e:	eb e2       	ldi	r30, 0x2B	; 43
     850:	f4 e0       	ldi	r31, 0x04	; 4
     852:	0c 94 25 1c 	jmp	0x384a	; 0x384a <__prologue_saves__+0x18>
     856:	69 83       	std	Y+1, r22	; 0x01
     858:	7a 83       	std	Y+2, r23	; 0x02
     85a:	8b 83       	std	Y+3, r24	; 0x03
     85c:	9c 83       	std	Y+4, r25	; 0x04
     85e:	2d 83       	std	Y+5, r18	; 0x05
     860:	3e 83       	std	Y+6, r19	; 0x06
     862:	4f 83       	std	Y+7, r20	; 0x07
     864:	58 87       	std	Y+8, r21	; 0x08
     866:	89 e0       	ldi	r24, 0x09	; 9
     868:	e8 2e       	mov	r14, r24
     86a:	f1 2c       	mov	r15, r1
     86c:	ec 0e       	add	r14, r28
     86e:	fd 1e       	adc	r15, r29
     870:	ce 01       	movw	r24, r28
     872:	01 96       	adiw	r24, 0x01	; 1
     874:	b7 01       	movw	r22, r14
     876:	0e 94 7e 05 	call	0xafc	; 0xafc <__unpack_f>
     87a:	8e 01       	movw	r16, r28
     87c:	0f 5e       	subi	r16, 0xEF	; 239
     87e:	1f 4f       	sbci	r17, 0xFF	; 255
     880:	ce 01       	movw	r24, r28
     882:	05 96       	adiw	r24, 0x05	; 5
     884:	b8 01       	movw	r22, r16
     886:	0e 94 7e 05 	call	0xafc	; 0xafc <__unpack_f>
     88a:	89 85       	ldd	r24, Y+9	; 0x09
     88c:	82 30       	cpi	r24, 0x02	; 2
     88e:	40 f0       	brcs	.+16     	; 0x8a0 <__ltsf2+0x56>
     890:	89 89       	ldd	r24, Y+17	; 0x11
     892:	82 30       	cpi	r24, 0x02	; 2
     894:	28 f0       	brcs	.+10     	; 0x8a0 <__ltsf2+0x56>
     896:	c7 01       	movw	r24, r14
     898:	b8 01       	movw	r22, r16
     89a:	0e 94 f6 05 	call	0xbec	; 0xbec <__fpcmp_parts_f>
     89e:	01 c0       	rjmp	.+2      	; 0x8a2 <__ltsf2+0x58>
     8a0:	81 e0       	ldi	r24, 0x01	; 1
     8a2:	68 96       	adiw	r28, 0x18	; 24
     8a4:	e6 e0       	ldi	r30, 0x06	; 6
     8a6:	0c 94 41 1c 	jmp	0x3882	; 0x3882 <__epilogue_restores__+0x18>

000008aa <__fixsfsi>:
     8aa:	ac e0       	ldi	r26, 0x0C	; 12
     8ac:	b0 e0       	ldi	r27, 0x00	; 0
     8ae:	eb e5       	ldi	r30, 0x5B	; 91
     8b0:	f4 e0       	ldi	r31, 0x04	; 4
     8b2:	0c 94 29 1c 	jmp	0x3852	; 0x3852 <__prologue_saves__+0x20>
     8b6:	69 83       	std	Y+1, r22	; 0x01
     8b8:	7a 83       	std	Y+2, r23	; 0x02
     8ba:	8b 83       	std	Y+3, r24	; 0x03
     8bc:	9c 83       	std	Y+4, r25	; 0x04
     8be:	ce 01       	movw	r24, r28
     8c0:	01 96       	adiw	r24, 0x01	; 1
     8c2:	be 01       	movw	r22, r28
     8c4:	6b 5f       	subi	r22, 0xFB	; 251
     8c6:	7f 4f       	sbci	r23, 0xFF	; 255
     8c8:	0e 94 7e 05 	call	0xafc	; 0xafc <__unpack_f>
     8cc:	8d 81       	ldd	r24, Y+5	; 0x05
     8ce:	82 30       	cpi	r24, 0x02	; 2
     8d0:	61 f1       	breq	.+88     	; 0x92a <__fixsfsi+0x80>
     8d2:	82 30       	cpi	r24, 0x02	; 2
     8d4:	50 f1       	brcs	.+84     	; 0x92a <__fixsfsi+0x80>
     8d6:	84 30       	cpi	r24, 0x04	; 4
     8d8:	21 f4       	brne	.+8      	; 0x8e2 <__fixsfsi+0x38>
     8da:	8e 81       	ldd	r24, Y+6	; 0x06
     8dc:	88 23       	and	r24, r24
     8de:	51 f1       	breq	.+84     	; 0x934 <__fixsfsi+0x8a>
     8e0:	2e c0       	rjmp	.+92     	; 0x93e <__fixsfsi+0x94>
     8e2:	2f 81       	ldd	r18, Y+7	; 0x07
     8e4:	38 85       	ldd	r19, Y+8	; 0x08
     8e6:	37 fd       	sbrc	r19, 7
     8e8:	20 c0       	rjmp	.+64     	; 0x92a <__fixsfsi+0x80>
     8ea:	6e 81       	ldd	r22, Y+6	; 0x06
     8ec:	2f 31       	cpi	r18, 0x1F	; 31
     8ee:	31 05       	cpc	r19, r1
     8f0:	1c f0       	brlt	.+6      	; 0x8f8 <__fixsfsi+0x4e>
     8f2:	66 23       	and	r22, r22
     8f4:	f9 f0       	breq	.+62     	; 0x934 <__fixsfsi+0x8a>
     8f6:	23 c0       	rjmp	.+70     	; 0x93e <__fixsfsi+0x94>
     8f8:	8e e1       	ldi	r24, 0x1E	; 30
     8fa:	90 e0       	ldi	r25, 0x00	; 0
     8fc:	82 1b       	sub	r24, r18
     8fe:	93 0b       	sbc	r25, r19
     900:	29 85       	ldd	r18, Y+9	; 0x09
     902:	3a 85       	ldd	r19, Y+10	; 0x0a
     904:	4b 85       	ldd	r20, Y+11	; 0x0b
     906:	5c 85       	ldd	r21, Y+12	; 0x0c
     908:	04 c0       	rjmp	.+8      	; 0x912 <__fixsfsi+0x68>
     90a:	56 95       	lsr	r21
     90c:	47 95       	ror	r20
     90e:	37 95       	ror	r19
     910:	27 95       	ror	r18
     912:	8a 95       	dec	r24
     914:	d2 f7       	brpl	.-12     	; 0x90a <__fixsfsi+0x60>
     916:	66 23       	and	r22, r22
     918:	b1 f0       	breq	.+44     	; 0x946 <__fixsfsi+0x9c>
     91a:	50 95       	com	r21
     91c:	40 95       	com	r20
     91e:	30 95       	com	r19
     920:	21 95       	neg	r18
     922:	3f 4f       	sbci	r19, 0xFF	; 255
     924:	4f 4f       	sbci	r20, 0xFF	; 255
     926:	5f 4f       	sbci	r21, 0xFF	; 255
     928:	0e c0       	rjmp	.+28     	; 0x946 <__fixsfsi+0x9c>
     92a:	20 e0       	ldi	r18, 0x00	; 0
     92c:	30 e0       	ldi	r19, 0x00	; 0
     92e:	40 e0       	ldi	r20, 0x00	; 0
     930:	50 e0       	ldi	r21, 0x00	; 0
     932:	09 c0       	rjmp	.+18     	; 0x946 <__fixsfsi+0x9c>
     934:	2f ef       	ldi	r18, 0xFF	; 255
     936:	3f ef       	ldi	r19, 0xFF	; 255
     938:	4f ef       	ldi	r20, 0xFF	; 255
     93a:	5f e7       	ldi	r21, 0x7F	; 127
     93c:	04 c0       	rjmp	.+8      	; 0x946 <__fixsfsi+0x9c>
     93e:	20 e0       	ldi	r18, 0x00	; 0
     940:	30 e0       	ldi	r19, 0x00	; 0
     942:	40 e0       	ldi	r20, 0x00	; 0
     944:	50 e8       	ldi	r21, 0x80	; 128
     946:	b9 01       	movw	r22, r18
     948:	ca 01       	movw	r24, r20
     94a:	2c 96       	adiw	r28, 0x0c	; 12
     94c:	e2 e0       	ldi	r30, 0x02	; 2
     94e:	0c 94 45 1c 	jmp	0x388a	; 0x388a <__epilogue_restores__+0x20>

00000952 <__pack_f>:
     952:	df 92       	push	r13
     954:	ef 92       	push	r14
     956:	ff 92       	push	r15
     958:	0f 93       	push	r16
     95a:	1f 93       	push	r17
     95c:	fc 01       	movw	r30, r24
     95e:	e4 80       	ldd	r14, Z+4	; 0x04
     960:	f5 80       	ldd	r15, Z+5	; 0x05
     962:	06 81       	ldd	r16, Z+6	; 0x06
     964:	17 81       	ldd	r17, Z+7	; 0x07
     966:	d1 80       	ldd	r13, Z+1	; 0x01
     968:	80 81       	ld	r24, Z
     96a:	82 30       	cpi	r24, 0x02	; 2
     96c:	48 f4       	brcc	.+18     	; 0x980 <__pack_f+0x2e>
     96e:	80 e0       	ldi	r24, 0x00	; 0
     970:	90 e0       	ldi	r25, 0x00	; 0
     972:	a0 e1       	ldi	r26, 0x10	; 16
     974:	b0 e0       	ldi	r27, 0x00	; 0
     976:	e8 2a       	or	r14, r24
     978:	f9 2a       	or	r15, r25
     97a:	0a 2b       	or	r16, r26
     97c:	1b 2b       	or	r17, r27
     97e:	a5 c0       	rjmp	.+330    	; 0xaca <__pack_f+0x178>
     980:	84 30       	cpi	r24, 0x04	; 4
     982:	09 f4       	brne	.+2      	; 0x986 <__pack_f+0x34>
     984:	9f c0       	rjmp	.+318    	; 0xac4 <__pack_f+0x172>
     986:	82 30       	cpi	r24, 0x02	; 2
     988:	21 f4       	brne	.+8      	; 0x992 <__pack_f+0x40>
     98a:	ee 24       	eor	r14, r14
     98c:	ff 24       	eor	r15, r15
     98e:	87 01       	movw	r16, r14
     990:	05 c0       	rjmp	.+10     	; 0x99c <__pack_f+0x4a>
     992:	e1 14       	cp	r14, r1
     994:	f1 04       	cpc	r15, r1
     996:	01 05       	cpc	r16, r1
     998:	11 05       	cpc	r17, r1
     99a:	19 f4       	brne	.+6      	; 0x9a2 <__pack_f+0x50>
     99c:	e0 e0       	ldi	r30, 0x00	; 0
     99e:	f0 e0       	ldi	r31, 0x00	; 0
     9a0:	96 c0       	rjmp	.+300    	; 0xace <__pack_f+0x17c>
     9a2:	62 81       	ldd	r22, Z+2	; 0x02
     9a4:	73 81       	ldd	r23, Z+3	; 0x03
     9a6:	9f ef       	ldi	r25, 0xFF	; 255
     9a8:	62 38       	cpi	r22, 0x82	; 130
     9aa:	79 07       	cpc	r23, r25
     9ac:	0c f0       	brlt	.+2      	; 0x9b0 <__pack_f+0x5e>
     9ae:	5b c0       	rjmp	.+182    	; 0xa66 <__pack_f+0x114>
     9b0:	22 e8       	ldi	r18, 0x82	; 130
     9b2:	3f ef       	ldi	r19, 0xFF	; 255
     9b4:	26 1b       	sub	r18, r22
     9b6:	37 0b       	sbc	r19, r23
     9b8:	2a 31       	cpi	r18, 0x1A	; 26
     9ba:	31 05       	cpc	r19, r1
     9bc:	2c f0       	brlt	.+10     	; 0x9c8 <__pack_f+0x76>
     9be:	20 e0       	ldi	r18, 0x00	; 0
     9c0:	30 e0       	ldi	r19, 0x00	; 0
     9c2:	40 e0       	ldi	r20, 0x00	; 0
     9c4:	50 e0       	ldi	r21, 0x00	; 0
     9c6:	2a c0       	rjmp	.+84     	; 0xa1c <__pack_f+0xca>
     9c8:	b8 01       	movw	r22, r16
     9ca:	a7 01       	movw	r20, r14
     9cc:	02 2e       	mov	r0, r18
     9ce:	04 c0       	rjmp	.+8      	; 0x9d8 <__pack_f+0x86>
     9d0:	76 95       	lsr	r23
     9d2:	67 95       	ror	r22
     9d4:	57 95       	ror	r21
     9d6:	47 95       	ror	r20
     9d8:	0a 94       	dec	r0
     9da:	d2 f7       	brpl	.-12     	; 0x9d0 <__pack_f+0x7e>
     9dc:	81 e0       	ldi	r24, 0x01	; 1
     9de:	90 e0       	ldi	r25, 0x00	; 0
     9e0:	a0 e0       	ldi	r26, 0x00	; 0
     9e2:	b0 e0       	ldi	r27, 0x00	; 0
     9e4:	04 c0       	rjmp	.+8      	; 0x9ee <__pack_f+0x9c>
     9e6:	88 0f       	add	r24, r24
     9e8:	99 1f       	adc	r25, r25
     9ea:	aa 1f       	adc	r26, r26
     9ec:	bb 1f       	adc	r27, r27
     9ee:	2a 95       	dec	r18
     9f0:	d2 f7       	brpl	.-12     	; 0x9e6 <__pack_f+0x94>
     9f2:	01 97       	sbiw	r24, 0x01	; 1
     9f4:	a1 09       	sbc	r26, r1
     9f6:	b1 09       	sbc	r27, r1
     9f8:	8e 21       	and	r24, r14
     9fa:	9f 21       	and	r25, r15
     9fc:	a0 23       	and	r26, r16
     9fe:	b1 23       	and	r27, r17
     a00:	00 97       	sbiw	r24, 0x00	; 0
     a02:	a1 05       	cpc	r26, r1
     a04:	b1 05       	cpc	r27, r1
     a06:	21 f0       	breq	.+8      	; 0xa10 <__pack_f+0xbe>
     a08:	81 e0       	ldi	r24, 0x01	; 1
     a0a:	90 e0       	ldi	r25, 0x00	; 0
     a0c:	a0 e0       	ldi	r26, 0x00	; 0
     a0e:	b0 e0       	ldi	r27, 0x00	; 0
     a10:	9a 01       	movw	r18, r20
     a12:	ab 01       	movw	r20, r22
     a14:	28 2b       	or	r18, r24
     a16:	39 2b       	or	r19, r25
     a18:	4a 2b       	or	r20, r26
     a1a:	5b 2b       	or	r21, r27
     a1c:	da 01       	movw	r26, r20
     a1e:	c9 01       	movw	r24, r18
     a20:	8f 77       	andi	r24, 0x7F	; 127
     a22:	90 70       	andi	r25, 0x00	; 0
     a24:	a0 70       	andi	r26, 0x00	; 0
     a26:	b0 70       	andi	r27, 0x00	; 0
     a28:	80 34       	cpi	r24, 0x40	; 64
     a2a:	91 05       	cpc	r25, r1
     a2c:	a1 05       	cpc	r26, r1
     a2e:	b1 05       	cpc	r27, r1
     a30:	39 f4       	brne	.+14     	; 0xa40 <__pack_f+0xee>
     a32:	27 ff       	sbrs	r18, 7
     a34:	09 c0       	rjmp	.+18     	; 0xa48 <__pack_f+0xf6>
     a36:	20 5c       	subi	r18, 0xC0	; 192
     a38:	3f 4f       	sbci	r19, 0xFF	; 255
     a3a:	4f 4f       	sbci	r20, 0xFF	; 255
     a3c:	5f 4f       	sbci	r21, 0xFF	; 255
     a3e:	04 c0       	rjmp	.+8      	; 0xa48 <__pack_f+0xf6>
     a40:	21 5c       	subi	r18, 0xC1	; 193
     a42:	3f 4f       	sbci	r19, 0xFF	; 255
     a44:	4f 4f       	sbci	r20, 0xFF	; 255
     a46:	5f 4f       	sbci	r21, 0xFF	; 255
     a48:	e0 e0       	ldi	r30, 0x00	; 0
     a4a:	f0 e0       	ldi	r31, 0x00	; 0
     a4c:	20 30       	cpi	r18, 0x00	; 0
     a4e:	a0 e0       	ldi	r26, 0x00	; 0
     a50:	3a 07       	cpc	r19, r26
     a52:	a0 e0       	ldi	r26, 0x00	; 0
     a54:	4a 07       	cpc	r20, r26
     a56:	a0 e4       	ldi	r26, 0x40	; 64
     a58:	5a 07       	cpc	r21, r26
     a5a:	10 f0       	brcs	.+4      	; 0xa60 <__pack_f+0x10e>
     a5c:	e1 e0       	ldi	r30, 0x01	; 1
     a5e:	f0 e0       	ldi	r31, 0x00	; 0
     a60:	79 01       	movw	r14, r18
     a62:	8a 01       	movw	r16, r20
     a64:	27 c0       	rjmp	.+78     	; 0xab4 <__pack_f+0x162>
     a66:	60 38       	cpi	r22, 0x80	; 128
     a68:	71 05       	cpc	r23, r1
     a6a:	64 f5       	brge	.+88     	; 0xac4 <__pack_f+0x172>
     a6c:	fb 01       	movw	r30, r22
     a6e:	e1 58       	subi	r30, 0x81	; 129
     a70:	ff 4f       	sbci	r31, 0xFF	; 255
     a72:	d8 01       	movw	r26, r16
     a74:	c7 01       	movw	r24, r14
     a76:	8f 77       	andi	r24, 0x7F	; 127
     a78:	90 70       	andi	r25, 0x00	; 0
     a7a:	a0 70       	andi	r26, 0x00	; 0
     a7c:	b0 70       	andi	r27, 0x00	; 0
     a7e:	80 34       	cpi	r24, 0x40	; 64
     a80:	91 05       	cpc	r25, r1
     a82:	a1 05       	cpc	r26, r1
     a84:	b1 05       	cpc	r27, r1
     a86:	39 f4       	brne	.+14     	; 0xa96 <__pack_f+0x144>
     a88:	e7 fe       	sbrs	r14, 7
     a8a:	0d c0       	rjmp	.+26     	; 0xaa6 <__pack_f+0x154>
     a8c:	80 e4       	ldi	r24, 0x40	; 64
     a8e:	90 e0       	ldi	r25, 0x00	; 0
     a90:	a0 e0       	ldi	r26, 0x00	; 0
     a92:	b0 e0       	ldi	r27, 0x00	; 0
     a94:	04 c0       	rjmp	.+8      	; 0xa9e <__pack_f+0x14c>
     a96:	8f e3       	ldi	r24, 0x3F	; 63
     a98:	90 e0       	ldi	r25, 0x00	; 0
     a9a:	a0 e0       	ldi	r26, 0x00	; 0
     a9c:	b0 e0       	ldi	r27, 0x00	; 0
     a9e:	e8 0e       	add	r14, r24
     aa0:	f9 1e       	adc	r15, r25
     aa2:	0a 1f       	adc	r16, r26
     aa4:	1b 1f       	adc	r17, r27
     aa6:	17 ff       	sbrs	r17, 7
     aa8:	05 c0       	rjmp	.+10     	; 0xab4 <__pack_f+0x162>
     aaa:	16 95       	lsr	r17
     aac:	07 95       	ror	r16
     aae:	f7 94       	ror	r15
     ab0:	e7 94       	ror	r14
     ab2:	31 96       	adiw	r30, 0x01	; 1
     ab4:	87 e0       	ldi	r24, 0x07	; 7
     ab6:	16 95       	lsr	r17
     ab8:	07 95       	ror	r16
     aba:	f7 94       	ror	r15
     abc:	e7 94       	ror	r14
     abe:	8a 95       	dec	r24
     ac0:	d1 f7       	brne	.-12     	; 0xab6 <__pack_f+0x164>
     ac2:	05 c0       	rjmp	.+10     	; 0xace <__pack_f+0x17c>
     ac4:	ee 24       	eor	r14, r14
     ac6:	ff 24       	eor	r15, r15
     ac8:	87 01       	movw	r16, r14
     aca:	ef ef       	ldi	r30, 0xFF	; 255
     acc:	f0 e0       	ldi	r31, 0x00	; 0
     ace:	6e 2f       	mov	r22, r30
     ad0:	67 95       	ror	r22
     ad2:	66 27       	eor	r22, r22
     ad4:	67 95       	ror	r22
     ad6:	90 2f       	mov	r25, r16
     ad8:	9f 77       	andi	r25, 0x7F	; 127
     ada:	d7 94       	ror	r13
     adc:	dd 24       	eor	r13, r13
     ade:	d7 94       	ror	r13
     ae0:	8e 2f       	mov	r24, r30
     ae2:	86 95       	lsr	r24
     ae4:	49 2f       	mov	r20, r25
     ae6:	46 2b       	or	r20, r22
     ae8:	58 2f       	mov	r21, r24
     aea:	5d 29       	or	r21, r13
     aec:	b7 01       	movw	r22, r14
     aee:	ca 01       	movw	r24, r20
     af0:	1f 91       	pop	r17
     af2:	0f 91       	pop	r16
     af4:	ff 90       	pop	r15
     af6:	ef 90       	pop	r14
     af8:	df 90       	pop	r13
     afa:	08 95       	ret

00000afc <__unpack_f>:
     afc:	fc 01       	movw	r30, r24
     afe:	db 01       	movw	r26, r22
     b00:	40 81       	ld	r20, Z
     b02:	51 81       	ldd	r21, Z+1	; 0x01
     b04:	22 81       	ldd	r18, Z+2	; 0x02
     b06:	62 2f       	mov	r22, r18
     b08:	6f 77       	andi	r22, 0x7F	; 127
     b0a:	70 e0       	ldi	r23, 0x00	; 0
     b0c:	22 1f       	adc	r18, r18
     b0e:	22 27       	eor	r18, r18
     b10:	22 1f       	adc	r18, r18
     b12:	93 81       	ldd	r25, Z+3	; 0x03
     b14:	89 2f       	mov	r24, r25
     b16:	88 0f       	add	r24, r24
     b18:	82 2b       	or	r24, r18
     b1a:	28 2f       	mov	r18, r24
     b1c:	30 e0       	ldi	r19, 0x00	; 0
     b1e:	99 1f       	adc	r25, r25
     b20:	99 27       	eor	r25, r25
     b22:	99 1f       	adc	r25, r25
     b24:	11 96       	adiw	r26, 0x01	; 1
     b26:	9c 93       	st	X, r25
     b28:	11 97       	sbiw	r26, 0x01	; 1
     b2a:	21 15       	cp	r18, r1
     b2c:	31 05       	cpc	r19, r1
     b2e:	a9 f5       	brne	.+106    	; 0xb9a <__unpack_f+0x9e>
     b30:	41 15       	cp	r20, r1
     b32:	51 05       	cpc	r21, r1
     b34:	61 05       	cpc	r22, r1
     b36:	71 05       	cpc	r23, r1
     b38:	11 f4       	brne	.+4      	; 0xb3e <__unpack_f+0x42>
     b3a:	82 e0       	ldi	r24, 0x02	; 2
     b3c:	37 c0       	rjmp	.+110    	; 0xbac <__unpack_f+0xb0>
     b3e:	82 e8       	ldi	r24, 0x82	; 130
     b40:	9f ef       	ldi	r25, 0xFF	; 255
     b42:	13 96       	adiw	r26, 0x03	; 3
     b44:	9c 93       	st	X, r25
     b46:	8e 93       	st	-X, r24
     b48:	12 97       	sbiw	r26, 0x02	; 2
     b4a:	9a 01       	movw	r18, r20
     b4c:	ab 01       	movw	r20, r22
     b4e:	67 e0       	ldi	r22, 0x07	; 7
     b50:	22 0f       	add	r18, r18
     b52:	33 1f       	adc	r19, r19
     b54:	44 1f       	adc	r20, r20
     b56:	55 1f       	adc	r21, r21
     b58:	6a 95       	dec	r22
     b5a:	d1 f7       	brne	.-12     	; 0xb50 <__unpack_f+0x54>
     b5c:	83 e0       	ldi	r24, 0x03	; 3
     b5e:	8c 93       	st	X, r24
     b60:	0d c0       	rjmp	.+26     	; 0xb7c <__unpack_f+0x80>
     b62:	22 0f       	add	r18, r18
     b64:	33 1f       	adc	r19, r19
     b66:	44 1f       	adc	r20, r20
     b68:	55 1f       	adc	r21, r21
     b6a:	12 96       	adiw	r26, 0x02	; 2
     b6c:	8d 91       	ld	r24, X+
     b6e:	9c 91       	ld	r25, X
     b70:	13 97       	sbiw	r26, 0x03	; 3
     b72:	01 97       	sbiw	r24, 0x01	; 1
     b74:	13 96       	adiw	r26, 0x03	; 3
     b76:	9c 93       	st	X, r25
     b78:	8e 93       	st	-X, r24
     b7a:	12 97       	sbiw	r26, 0x02	; 2
     b7c:	20 30       	cpi	r18, 0x00	; 0
     b7e:	80 e0       	ldi	r24, 0x00	; 0
     b80:	38 07       	cpc	r19, r24
     b82:	80 e0       	ldi	r24, 0x00	; 0
     b84:	48 07       	cpc	r20, r24
     b86:	80 e4       	ldi	r24, 0x40	; 64
     b88:	58 07       	cpc	r21, r24
     b8a:	58 f3       	brcs	.-42     	; 0xb62 <__unpack_f+0x66>
     b8c:	14 96       	adiw	r26, 0x04	; 4
     b8e:	2d 93       	st	X+, r18
     b90:	3d 93       	st	X+, r19
     b92:	4d 93       	st	X+, r20
     b94:	5c 93       	st	X, r21
     b96:	17 97       	sbiw	r26, 0x07	; 7
     b98:	08 95       	ret
     b9a:	2f 3f       	cpi	r18, 0xFF	; 255
     b9c:	31 05       	cpc	r19, r1
     b9e:	79 f4       	brne	.+30     	; 0xbbe <__unpack_f+0xc2>
     ba0:	41 15       	cp	r20, r1
     ba2:	51 05       	cpc	r21, r1
     ba4:	61 05       	cpc	r22, r1
     ba6:	71 05       	cpc	r23, r1
     ba8:	19 f4       	brne	.+6      	; 0xbb0 <__unpack_f+0xb4>
     baa:	84 e0       	ldi	r24, 0x04	; 4
     bac:	8c 93       	st	X, r24
     bae:	08 95       	ret
     bb0:	64 ff       	sbrs	r22, 4
     bb2:	03 c0       	rjmp	.+6      	; 0xbba <__unpack_f+0xbe>
     bb4:	81 e0       	ldi	r24, 0x01	; 1
     bb6:	8c 93       	st	X, r24
     bb8:	12 c0       	rjmp	.+36     	; 0xbde <__unpack_f+0xe2>
     bba:	1c 92       	st	X, r1
     bbc:	10 c0       	rjmp	.+32     	; 0xbde <__unpack_f+0xe2>
     bbe:	2f 57       	subi	r18, 0x7F	; 127
     bc0:	30 40       	sbci	r19, 0x00	; 0
     bc2:	13 96       	adiw	r26, 0x03	; 3
     bc4:	3c 93       	st	X, r19
     bc6:	2e 93       	st	-X, r18
     bc8:	12 97       	sbiw	r26, 0x02	; 2
     bca:	83 e0       	ldi	r24, 0x03	; 3
     bcc:	8c 93       	st	X, r24
     bce:	87 e0       	ldi	r24, 0x07	; 7
     bd0:	44 0f       	add	r20, r20
     bd2:	55 1f       	adc	r21, r21
     bd4:	66 1f       	adc	r22, r22
     bd6:	77 1f       	adc	r23, r23
     bd8:	8a 95       	dec	r24
     bda:	d1 f7       	brne	.-12     	; 0xbd0 <__unpack_f+0xd4>
     bdc:	70 64       	ori	r23, 0x40	; 64
     bde:	14 96       	adiw	r26, 0x04	; 4
     be0:	4d 93       	st	X+, r20
     be2:	5d 93       	st	X+, r21
     be4:	6d 93       	st	X+, r22
     be6:	7c 93       	st	X, r23
     be8:	17 97       	sbiw	r26, 0x07	; 7
     bea:	08 95       	ret

00000bec <__fpcmp_parts_f>:
     bec:	1f 93       	push	r17
     bee:	dc 01       	movw	r26, r24
     bf0:	fb 01       	movw	r30, r22
     bf2:	9c 91       	ld	r25, X
     bf4:	92 30       	cpi	r25, 0x02	; 2
     bf6:	08 f4       	brcc	.+2      	; 0xbfa <__fpcmp_parts_f+0xe>
     bf8:	47 c0       	rjmp	.+142    	; 0xc88 <__fpcmp_parts_f+0x9c>
     bfa:	80 81       	ld	r24, Z
     bfc:	82 30       	cpi	r24, 0x02	; 2
     bfe:	08 f4       	brcc	.+2      	; 0xc02 <__fpcmp_parts_f+0x16>
     c00:	43 c0       	rjmp	.+134    	; 0xc88 <__fpcmp_parts_f+0x9c>
     c02:	94 30       	cpi	r25, 0x04	; 4
     c04:	51 f4       	brne	.+20     	; 0xc1a <__fpcmp_parts_f+0x2e>
     c06:	11 96       	adiw	r26, 0x01	; 1
     c08:	1c 91       	ld	r17, X
     c0a:	84 30       	cpi	r24, 0x04	; 4
     c0c:	99 f5       	brne	.+102    	; 0xc74 <__fpcmp_parts_f+0x88>
     c0e:	81 81       	ldd	r24, Z+1	; 0x01
     c10:	68 2f       	mov	r22, r24
     c12:	70 e0       	ldi	r23, 0x00	; 0
     c14:	61 1b       	sub	r22, r17
     c16:	71 09       	sbc	r23, r1
     c18:	3f c0       	rjmp	.+126    	; 0xc98 <__fpcmp_parts_f+0xac>
     c1a:	84 30       	cpi	r24, 0x04	; 4
     c1c:	21 f0       	breq	.+8      	; 0xc26 <__fpcmp_parts_f+0x3a>
     c1e:	92 30       	cpi	r25, 0x02	; 2
     c20:	31 f4       	brne	.+12     	; 0xc2e <__fpcmp_parts_f+0x42>
     c22:	82 30       	cpi	r24, 0x02	; 2
     c24:	b9 f1       	breq	.+110    	; 0xc94 <__fpcmp_parts_f+0xa8>
     c26:	81 81       	ldd	r24, Z+1	; 0x01
     c28:	88 23       	and	r24, r24
     c2a:	89 f1       	breq	.+98     	; 0xc8e <__fpcmp_parts_f+0xa2>
     c2c:	2d c0       	rjmp	.+90     	; 0xc88 <__fpcmp_parts_f+0x9c>
     c2e:	11 96       	adiw	r26, 0x01	; 1
     c30:	1c 91       	ld	r17, X
     c32:	11 97       	sbiw	r26, 0x01	; 1
     c34:	82 30       	cpi	r24, 0x02	; 2
     c36:	f1 f0       	breq	.+60     	; 0xc74 <__fpcmp_parts_f+0x88>
     c38:	81 81       	ldd	r24, Z+1	; 0x01
     c3a:	18 17       	cp	r17, r24
     c3c:	d9 f4       	brne	.+54     	; 0xc74 <__fpcmp_parts_f+0x88>
     c3e:	12 96       	adiw	r26, 0x02	; 2
     c40:	2d 91       	ld	r18, X+
     c42:	3c 91       	ld	r19, X
     c44:	13 97       	sbiw	r26, 0x03	; 3
     c46:	82 81       	ldd	r24, Z+2	; 0x02
     c48:	93 81       	ldd	r25, Z+3	; 0x03
     c4a:	82 17       	cp	r24, r18
     c4c:	93 07       	cpc	r25, r19
     c4e:	94 f0       	brlt	.+36     	; 0xc74 <__fpcmp_parts_f+0x88>
     c50:	28 17       	cp	r18, r24
     c52:	39 07       	cpc	r19, r25
     c54:	bc f0       	brlt	.+46     	; 0xc84 <__fpcmp_parts_f+0x98>
     c56:	14 96       	adiw	r26, 0x04	; 4
     c58:	8d 91       	ld	r24, X+
     c5a:	9d 91       	ld	r25, X+
     c5c:	0d 90       	ld	r0, X+
     c5e:	bc 91       	ld	r27, X
     c60:	a0 2d       	mov	r26, r0
     c62:	24 81       	ldd	r18, Z+4	; 0x04
     c64:	35 81       	ldd	r19, Z+5	; 0x05
     c66:	46 81       	ldd	r20, Z+6	; 0x06
     c68:	57 81       	ldd	r21, Z+7	; 0x07
     c6a:	28 17       	cp	r18, r24
     c6c:	39 07       	cpc	r19, r25
     c6e:	4a 07       	cpc	r20, r26
     c70:	5b 07       	cpc	r21, r27
     c72:	18 f4       	brcc	.+6      	; 0xc7a <__fpcmp_parts_f+0x8e>
     c74:	11 23       	and	r17, r17
     c76:	41 f0       	breq	.+16     	; 0xc88 <__fpcmp_parts_f+0x9c>
     c78:	0a c0       	rjmp	.+20     	; 0xc8e <__fpcmp_parts_f+0xa2>
     c7a:	82 17       	cp	r24, r18
     c7c:	93 07       	cpc	r25, r19
     c7e:	a4 07       	cpc	r26, r20
     c80:	b5 07       	cpc	r27, r21
     c82:	40 f4       	brcc	.+16     	; 0xc94 <__fpcmp_parts_f+0xa8>
     c84:	11 23       	and	r17, r17
     c86:	19 f0       	breq	.+6      	; 0xc8e <__fpcmp_parts_f+0xa2>
     c88:	61 e0       	ldi	r22, 0x01	; 1
     c8a:	70 e0       	ldi	r23, 0x00	; 0
     c8c:	05 c0       	rjmp	.+10     	; 0xc98 <__fpcmp_parts_f+0xac>
     c8e:	6f ef       	ldi	r22, 0xFF	; 255
     c90:	7f ef       	ldi	r23, 0xFF	; 255
     c92:	02 c0       	rjmp	.+4      	; 0xc98 <__fpcmp_parts_f+0xac>
     c94:	60 e0       	ldi	r22, 0x00	; 0
     c96:	70 e0       	ldi	r23, 0x00	; 0
     c98:	cb 01       	movw	r24, r22
     c9a:	1f 91       	pop	r17
     c9c:	08 95       	ret

00000c9e <MADC_voidInit>:
#include "../INCLUDE/MCAL/ADC/ADC_INTERFACE.h"
#include "../INCLUDE/MCAL/ADC/ADC_PRIVATE.h"
#include "../INCLUDE/MCAL/ADC/ADC_CFG.h"

void MADC_voidInit(void)
{
     c9e:	df 93       	push	r29
     ca0:	cf 93       	push	r28
     ca2:	cd b7       	in	r28, 0x3d	; 61
     ca4:	de b7       	in	r29, 0x3e	; 62
	/* Select Voltage Reference */

#if ADC_VREF_SELECTION == ADC_VREF_AVCC

	CLR_BIT(ADMUX, REFS1);
     ca6:	a7 e2       	ldi	r26, 0x27	; 39
     ca8:	b0 e0       	ldi	r27, 0x00	; 0
     caa:	e7 e2       	ldi	r30, 0x27	; 39
     cac:	f0 e0       	ldi	r31, 0x00	; 0
     cae:	80 81       	ld	r24, Z
     cb0:	8f 77       	andi	r24, 0x7F	; 127
     cb2:	8c 93       	st	X, r24
	SET_BIT(ADMUX, REFS0);
     cb4:	a7 e2       	ldi	r26, 0x27	; 39
     cb6:	b0 e0       	ldi	r27, 0x00	; 0
     cb8:	e7 e2       	ldi	r30, 0x27	; 39
     cba:	f0 e0       	ldi	r31, 0x00	; 0
     cbc:	80 81       	ld	r24, Z
     cbe:	80 64       	ori	r24, 0x40	; 64
     cc0:	8c 93       	st	X, r24
#endif


	/* Right Adjust Result */

	CLR_BIT(ADMUX, ADLAR);
     cc2:	a7 e2       	ldi	r26, 0x27	; 39
     cc4:	b0 e0       	ldi	r27, 0x00	; 0
     cc6:	e7 e2       	ldi	r30, 0x27	; 39
     cc8:	f0 e0       	ldi	r31, 0x00	; 0
     cca:	80 81       	ld	r24, Z
     ccc:	8f 7d       	andi	r24, 0xDF	; 223
     cce:	8c 93       	st	X, r24


	/* Enable ADC */

	SET_BIT(ADCSRA, ADEN);
     cd0:	a6 e2       	ldi	r26, 0x26	; 38
     cd2:	b0 e0       	ldi	r27, 0x00	; 0
     cd4:	e6 e2       	ldi	r30, 0x26	; 38
     cd6:	f0 e0       	ldi	r31, 0x00	; 0
     cd8:	80 81       	ld	r24, Z
     cda:	80 68       	ori	r24, 0x80	; 128
     cdc:	8c 93       	st	X, r24


	/* Disable Auto Trigger */

	CLR_BIT(ADCSRA, ADATE);
     cde:	a6 e2       	ldi	r26, 0x26	; 38
     ce0:	b0 e0       	ldi	r27, 0x00	; 0
     ce2:	e6 e2       	ldi	r30, 0x26	; 38
     ce4:	f0 e0       	ldi	r31, 0x00	; 0
     ce6:	80 81       	ld	r24, Z
     ce8:	8f 7d       	andi	r24, 0xDF	; 223
     cea:	8c 93       	st	X, r24


	/* Disable ADC Interrupt */

	CLR_BIT(ADCSRA, ADIE);
     cec:	a6 e2       	ldi	r26, 0x26	; 38
     cee:	b0 e0       	ldi	r27, 0x00	; 0
     cf0:	e6 e2       	ldi	r30, 0x26	; 38
     cf2:	f0 e0       	ldi	r31, 0x00	; 0
     cf4:	80 81       	ld	r24, Z
     cf6:	87 7f       	andi	r24, 0xF7	; 247
     cf8:	8c 93       	st	X, r24
	SET_BIT(ADCSRA, ADPS1);
	CLR_BIT(ADCSRA, ADPS0);

#elif ADC_PRESCALER == ADC_PRESCALER_128

	SET_BIT(ADCSRA, ADPS2);
     cfa:	a6 e2       	ldi	r26, 0x26	; 38
     cfc:	b0 e0       	ldi	r27, 0x00	; 0
     cfe:	e6 e2       	ldi	r30, 0x26	; 38
     d00:	f0 e0       	ldi	r31, 0x00	; 0
     d02:	80 81       	ld	r24, Z
     d04:	84 60       	ori	r24, 0x04	; 4
     d06:	8c 93       	st	X, r24
	SET_BIT(ADCSRA, ADPS1);
     d08:	a6 e2       	ldi	r26, 0x26	; 38
     d0a:	b0 e0       	ldi	r27, 0x00	; 0
     d0c:	e6 e2       	ldi	r30, 0x26	; 38
     d0e:	f0 e0       	ldi	r31, 0x00	; 0
     d10:	80 81       	ld	r24, Z
     d12:	82 60       	ori	r24, 0x02	; 2
     d14:	8c 93       	st	X, r24
	SET_BIT(ADCSRA, ADPS0);
     d16:	a6 e2       	ldi	r26, 0x26	; 38
     d18:	b0 e0       	ldi	r27, 0x00	; 0
     d1a:	e6 e2       	ldi	r30, 0x26	; 38
     d1c:	f0 e0       	ldi	r31, 0x00	; 0
     d1e:	80 81       	ld	r24, Z
     d20:	81 60       	ori	r24, 0x01	; 1
     d22:	8c 93       	st	X, r24

#endif
}
     d24:	cf 91       	pop	r28
     d26:	df 91       	pop	r29
     d28:	08 95       	ret

00000d2a <MADC_u16GetDigitalValue>:


u16 MADC_u16GetDigitalValue(ADC_Channel_t A_ADC_Channel)
{
     d2a:	df 93       	push	r29
     d2c:	cf 93       	push	r28
     d2e:	00 d0       	rcall	.+0      	; 0xd30 <MADC_u16GetDigitalValue+0x6>
     d30:	00 d0       	rcall	.+0      	; 0xd32 <MADC_u16GetDigitalValue+0x8>
     d32:	0f 92       	push	r0
     d34:	cd b7       	in	r28, 0x3d	; 61
     d36:	de b7       	in	r29, 0x3e	; 62
     d38:	8d 83       	std	Y+5, r24	; 0x05
	u16 Local_u16Result;


	/* Select ADC Channel */

	ADMUX &= 0b11100000;
     d3a:	a7 e2       	ldi	r26, 0x27	; 39
     d3c:	b0 e0       	ldi	r27, 0x00	; 0
     d3e:	e7 e2       	ldi	r30, 0x27	; 39
     d40:	f0 e0       	ldi	r31, 0x00	; 0
     d42:	80 81       	ld	r24, Z
     d44:	80 7e       	andi	r24, 0xE0	; 224
     d46:	8c 93       	st	X, r24

	ADMUX |= A_ADC_Channel;
     d48:	a7 e2       	ldi	r26, 0x27	; 39
     d4a:	b0 e0       	ldi	r27, 0x00	; 0
     d4c:	e7 e2       	ldi	r30, 0x27	; 39
     d4e:	f0 e0       	ldi	r31, 0x00	; 0
     d50:	90 81       	ld	r25, Z
     d52:	8d 81       	ldd	r24, Y+5	; 0x05
     d54:	89 2b       	or	r24, r25
     d56:	8c 93       	st	X, r24


	/* Start Conversion */

	SET_BIT(ADCSRA, ADSC);
     d58:	a6 e2       	ldi	r26, 0x26	; 38
     d5a:	b0 e0       	ldi	r27, 0x00	; 0
     d5c:	e6 e2       	ldi	r30, 0x26	; 38
     d5e:	f0 e0       	ldi	r31, 0x00	; 0
     d60:	80 81       	ld	r24, Z
     d62:	80 64       	ori	r24, 0x40	; 64
     d64:	8c 93       	st	X, r24


	/* Wait Until Conversion Complete */

	while(GET_BIT(ADCSRA, ADIF) == 0);
     d66:	e6 e2       	ldi	r30, 0x26	; 38
     d68:	f0 e0       	ldi	r31, 0x00	; 0
     d6a:	80 81       	ld	r24, Z
     d6c:	82 95       	swap	r24
     d6e:	8f 70       	andi	r24, 0x0F	; 15
     d70:	88 2f       	mov	r24, r24
     d72:	90 e0       	ldi	r25, 0x00	; 0
     d74:	81 70       	andi	r24, 0x01	; 1
     d76:	90 70       	andi	r25, 0x00	; 0
     d78:	00 97       	sbiw	r24, 0x00	; 0
     d7a:	a9 f3       	breq	.-22     	; 0xd66 <MADC_u16GetDigitalValue+0x3c>


	/* Clear ADC Flag */

	SET_BIT(ADCSRA, ADIF);
     d7c:	a6 e2       	ldi	r26, 0x26	; 38
     d7e:	b0 e0       	ldi	r27, 0x00	; 0
     d80:	e6 e2       	ldi	r30, 0x26	; 38
     d82:	f0 e0       	ldi	r31, 0x00	; 0
     d84:	80 81       	ld	r24, Z
     d86:	80 61       	ori	r24, 0x10	; 16
     d88:	8c 93       	st	X, r24


	/* Read ADC Result */

	Local_u8Low = ADCL;
     d8a:	e4 e2       	ldi	r30, 0x24	; 36
     d8c:	f0 e0       	ldi	r31, 0x00	; 0
     d8e:	80 81       	ld	r24, Z
     d90:	8c 83       	std	Y+4, r24	; 0x04

	Local_u8High = ADCH;
     d92:	e5 e2       	ldi	r30, 0x25	; 37
     d94:	f0 e0       	ldi	r31, 0x00	; 0
     d96:	80 81       	ld	r24, Z
     d98:	8b 83       	std	Y+3, r24	; 0x03


	Local_u16Result =
     d9a:	8b 81       	ldd	r24, Y+3	; 0x03
     d9c:	88 2f       	mov	r24, r24
     d9e:	90 e0       	ldi	r25, 0x00	; 0
     da0:	38 2f       	mov	r19, r24
     da2:	22 27       	eor	r18, r18
     da4:	8c 81       	ldd	r24, Y+4	; 0x04
     da6:	88 2f       	mov	r24, r24
     da8:	90 e0       	ldi	r25, 0x00	; 0
     daa:	82 2b       	or	r24, r18
     dac:	93 2b       	or	r25, r19
     dae:	9a 83       	std	Y+2, r25	; 0x02
     db0:	89 83       	std	Y+1, r24	; 0x01
			((u16)Local_u8High << 8) | Local_u8Low;


	return Local_u16Result;
     db2:	89 81       	ldd	r24, Y+1	; 0x01
     db4:	9a 81       	ldd	r25, Y+2	; 0x02
}
     db6:	0f 90       	pop	r0
     db8:	0f 90       	pop	r0
     dba:	0f 90       	pop	r0
     dbc:	0f 90       	pop	r0
     dbe:	0f 90       	pop	r0
     dc0:	cf 91       	pop	r28
     dc2:	df 91       	pop	r29
     dc4:	08 95       	ret

00000dc6 <HBUZZER_voidInit>:
#include "../INCLUDE/HAL/BUZZER/BUZZER_INTERFACE.h"
#include "../INCLUDE/HAL/BUZZER/BUZZER_PRIVATE.h"
#include "../INCLUDE/HAL/BUZZER/BUZZER_CFG.h"

void HBUZZER_voidInit(void)
{
     dc6:	df 93       	push	r29
     dc8:	cf 93       	push	r28
     dca:	cd b7       	in	r28, 0x3d	; 61
     dcc:	de b7       	in	r29, 0x3e	; 62
    MDIO_voidSetPinDirection(BUZZER_PORT, BUZZER_PIN, DIO_OUTPUT);
     dce:	83 e0       	ldi	r24, 0x03	; 3
     dd0:	64 e0       	ldi	r22, 0x04	; 4
     dd2:	41 e0       	ldi	r20, 0x01	; 1
     dd4:	0e 94 35 07 	call	0xe6a	; 0xe6a <MDIO_voidSetPinDirection>
}
     dd8:	cf 91       	pop	r28
     dda:	df 91       	pop	r29
     ddc:	08 95       	ret

00000dde <HBUZZER_voidTurnOn>:

void HBUZZER_voidTurnOn(void)
{
     dde:	df 93       	push	r29
     de0:	cf 93       	push	r28
     de2:	cd b7       	in	r28, 0x3d	; 61
     de4:	de b7       	in	r29, 0x3e	; 62
    MDIO_voidSetPinValue(BUZZER_PORT, BUZZER_PIN, DIO_HIGH);
     de6:	83 e0       	ldi	r24, 0x03	; 3
     de8:	64 e0       	ldi	r22, 0x04	; 4
     dea:	41 e0       	ldi	r20, 0x01	; 1
     dec:	0e 94 57 08 	call	0x10ae	; 0x10ae <MDIO_voidSetPinValue>
}
     df0:	cf 91       	pop	r28
     df2:	df 91       	pop	r29
     df4:	08 95       	ret

00000df6 <HBUZZER_voidTurnOff>:

void HBUZZER_voidTurnOff(void)
{
     df6:	df 93       	push	r29
     df8:	cf 93       	push	r28
     dfa:	cd b7       	in	r28, 0x3d	; 61
     dfc:	de b7       	in	r29, 0x3e	; 62
    MDIO_voidSetPinValue(BUZZER_PORT, BUZZER_PIN, DIO_LOW);
     dfe:	83 e0       	ldi	r24, 0x03	; 3
     e00:	64 e0       	ldi	r22, 0x04	; 4
     e02:	40 e0       	ldi	r20, 0x00	; 0
     e04:	0e 94 57 08 	call	0x10ae	; 0x10ae <MDIO_voidSetPinValue>
}
     e08:	cf 91       	pop	r28
     e0a:	df 91       	pop	r29
     e0c:	08 95       	ret

00000e0e <HBUZZER_voidToggle>:

void HBUZZER_voidToggle(void)
{
     e0e:	df 93       	push	r29
     e10:	cf 93       	push	r28
     e12:	cd b7       	in	r28, 0x3d	; 61
     e14:	de b7       	in	r29, 0x3e	; 62
    MDIO_voidTogglePinValue(BUZZER_PORT, BUZZER_PIN);
     e16:	83 e0       	ldi	r24, 0x03	; 3
     e18:	64 e0       	ldi	r22, 0x04	; 4
     e1a:	0e 94 79 09 	call	0x12f2	; 0x12f2 <MDIO_voidTogglePinValue>
}
     e1e:	cf 91       	pop	r28
     e20:	df 91       	pop	r29
     e22:	08 95       	ret

00000e24 <MDIO_voidInit>:
#include "../INCLUDE/MCAL/DIO/DIO_INTERFACE.h"
#include "../INCLUDE/MCAL/DIO/DIO_PRIVATE.h"
#include "../INCLUDE/MCAL/DIO/DIO_CFG.h"

void MDIO_voidInit()
{
     e24:	df 93       	push	r29
     e26:	cf 93       	push	r28
     e28:	cd b7       	in	r28, 0x3d	; 61
     e2a:	de b7       	in	r29, 0x3e	; 62
	DDRA_REG= CONC_BIT(PORTA_PIN7_DIRECTION,
     e2c:	ea e3       	ldi	r30, 0x3A	; 58
     e2e:	f0 e0       	ldi	r31, 0x00	; 0
     e30:	8e ef       	ldi	r24, 0xFE	; 254
     e32:	80 83       	st	Z, r24
			PORTA_PIN3_DIRECTION,
			PORTA_PIN2_DIRECTION,
			PORTA_PIN1_DIRECTION,
			PORTA_PIN0_DIRECTION);

	DDRB_REG= CONC_BIT(PORTB_PIN7_DIRECTION,
     e34:	e7 e3       	ldi	r30, 0x37	; 55
     e36:	f0 e0       	ldi	r31, 0x00	; 0
     e38:	10 82       	st	Z, r1
				PORTB_PIN3_DIRECTION,
				PORTB_PIN2_DIRECTION,
				PORTB_PIN1_DIRECTION,
				PORTB_PIN0_DIRECTION);

	DDRC_REG= CONC_BIT(PORTC_PIN7_DIRECTION,
     e3a:	e4 e3       	ldi	r30, 0x34	; 52
     e3c:	f0 e0       	ldi	r31, 0x00	; 0
     e3e:	10 82       	st	Z, r1
				PORTC_PIN3_DIRECTION,
				PORTC_PIN2_DIRECTION,
				PORTC_PIN1_DIRECTION,
				PORTC_PIN0_DIRECTION);

	DDRD_REG= CONC_BIT(PORTD_PIN7_DIRECTION,
     e40:	e1 e3       	ldi	r30, 0x31	; 49
     e42:	f0 e0       	ldi	r31, 0x00	; 0
     e44:	80 ef       	ldi	r24, 0xF0	; 240
     e46:	80 83       	st	Z, r24
				PORTD_PIN3_DIRECTION,
				PORTD_PIN2_DIRECTION,
				PORTD_PIN1_DIRECTION,
				PORTD_PIN0_DIRECTION);

	PORTA_REG= CONC_BIT(PORTA_PIN7_VALUE,
     e48:	eb e3       	ldi	r30, 0x3B	; 59
     e4a:	f0 e0       	ldi	r31, 0x00	; 0
     e4c:	10 82       	st	Z, r1
				PORTA_PIN3_VALUE,
				PORTA_PIN2_VALUE,
				PORTA_PIN1_VALUE,
				PORTA_PIN0_VALUE);

	PORTB_REG= CONC_BIT(PORTB_PIN7_VALUE,
     e4e:	e8 e3       	ldi	r30, 0x38	; 56
     e50:	f0 e0       	ldi	r31, 0x00	; 0
     e52:	84 e0       	ldi	r24, 0x04	; 4
     e54:	80 83       	st	Z, r24
					PORTB_PIN3_VALUE,
					PORTB_PIN2_VALUE,
					PORTB_PIN1_VALUE,
					PORTB_PIN0_VALUE);

	PORTC_REG= CONC_BIT(PORTC_PIN7_VALUE,
     e56:	e5 e3       	ldi	r30, 0x35	; 53
     e58:	f0 e0       	ldi	r31, 0x00	; 0
     e5a:	10 82       	st	Z, r1
					PORTC_PIN3_VALUE,
					PORTC_PIN2_VALUE,
					PORTC_PIN1_VALUE,
					PORTC_PIN0_VALUE);

	PORTD_REG= CONC_BIT(PORTD_PIN7_VALUE,
     e5c:	e2 e3       	ldi	r30, 0x32	; 50
     e5e:	f0 e0       	ldi	r31, 0x00	; 0
     e60:	8c e0       	ldi	r24, 0x0C	; 12
     e62:	80 83       	st	Z, r24
					PORTD_PIN4_VALUE,
					PORTD_PIN3_VALUE,
					PORTD_PIN2_VALUE,
					PORTD_PIN1_VALUE,
					PORTD_PIN0_VALUE);
}
     e64:	cf 91       	pop	r28
     e66:	df 91       	pop	r29
     e68:	08 95       	ret

00000e6a <MDIO_voidSetPinDirection>:

void MDIO_voidSetPinDirection(DIO_PORTS A_DIOPORT,DIO_PINS A_DIOPIN,PIN_DIRECTION A_PINDIRECTION)
{
     e6a:	df 93       	push	r29
     e6c:	cf 93       	push	r28
     e6e:	cd b7       	in	r28, 0x3d	; 61
     e70:	de b7       	in	r29, 0x3e	; 62
     e72:	2d 97       	sbiw	r28, 0x0d	; 13
     e74:	0f b6       	in	r0, 0x3f	; 63
     e76:	f8 94       	cli
     e78:	de bf       	out	0x3e, r29	; 62
     e7a:	0f be       	out	0x3f, r0	; 63
     e7c:	cd bf       	out	0x3d, r28	; 61
     e7e:	89 83       	std	Y+1, r24	; 0x01
     e80:	6a 83       	std	Y+2, r22	; 0x02
     e82:	4b 83       	std	Y+3, r20	; 0x03
	if((A_DIOPORT<= PORTD) && (A_DIOPIN<=PIN7 )&& (A_PINDIRECTION <= DIO_OUTPUT ))
     e84:	89 81       	ldd	r24, Y+1	; 0x01
     e86:	84 30       	cpi	r24, 0x04	; 4
     e88:	08 f0       	brcs	.+2      	; 0xe8c <MDIO_voidSetPinDirection+0x22>
     e8a:	08 c1       	rjmp	.+528    	; 0x109c <MDIO_voidSetPinDirection+0x232>
     e8c:	8a 81       	ldd	r24, Y+2	; 0x02
     e8e:	88 30       	cpi	r24, 0x08	; 8
     e90:	08 f0       	brcs	.+2      	; 0xe94 <MDIO_voidSetPinDirection+0x2a>
     e92:	04 c1       	rjmp	.+520    	; 0x109c <MDIO_voidSetPinDirection+0x232>
     e94:	8b 81       	ldd	r24, Y+3	; 0x03
     e96:	82 30       	cpi	r24, 0x02	; 2
     e98:	08 f0       	brcs	.+2      	; 0xe9c <MDIO_voidSetPinDirection+0x32>
     e9a:	00 c1       	rjmp	.+512    	; 0x109c <MDIO_voidSetPinDirection+0x232>
	{
		switch(A_DIOPORT)
     e9c:	89 81       	ldd	r24, Y+1	; 0x01
     e9e:	28 2f       	mov	r18, r24
     ea0:	30 e0       	ldi	r19, 0x00	; 0
     ea2:	3d 87       	std	Y+13, r19	; 0x0d
     ea4:	2c 87       	std	Y+12, r18	; 0x0c
     ea6:	8c 85       	ldd	r24, Y+12	; 0x0c
     ea8:	9d 85       	ldd	r25, Y+13	; 0x0d
     eaa:	81 30       	cpi	r24, 0x01	; 1
     eac:	91 05       	cpc	r25, r1
     eae:	09 f4       	brne	.+2      	; 0xeb2 <MDIO_voidSetPinDirection+0x48>
     eb0:	4f c0       	rjmp	.+158    	; 0xf50 <MDIO_voidSetPinDirection+0xe6>
     eb2:	2c 85       	ldd	r18, Y+12	; 0x0c
     eb4:	3d 85       	ldd	r19, Y+13	; 0x0d
     eb6:	22 30       	cpi	r18, 0x02	; 2
     eb8:	31 05       	cpc	r19, r1
     eba:	2c f4       	brge	.+10     	; 0xec6 <MDIO_voidSetPinDirection+0x5c>
     ebc:	8c 85       	ldd	r24, Y+12	; 0x0c
     ebe:	9d 85       	ldd	r25, Y+13	; 0x0d
     ec0:	00 97       	sbiw	r24, 0x00	; 0
     ec2:	71 f0       	breq	.+28     	; 0xee0 <MDIO_voidSetPinDirection+0x76>
     ec4:	eb c0       	rjmp	.+470    	; 0x109c <MDIO_voidSetPinDirection+0x232>
     ec6:	2c 85       	ldd	r18, Y+12	; 0x0c
     ec8:	3d 85       	ldd	r19, Y+13	; 0x0d
     eca:	22 30       	cpi	r18, 0x02	; 2
     ecc:	31 05       	cpc	r19, r1
     ece:	09 f4       	brne	.+2      	; 0xed2 <MDIO_voidSetPinDirection+0x68>
     ed0:	77 c0       	rjmp	.+238    	; 0xfc0 <MDIO_voidSetPinDirection+0x156>
     ed2:	8c 85       	ldd	r24, Y+12	; 0x0c
     ed4:	9d 85       	ldd	r25, Y+13	; 0x0d
     ed6:	83 30       	cpi	r24, 0x03	; 3
     ed8:	91 05       	cpc	r25, r1
     eda:	09 f4       	brne	.+2      	; 0xede <MDIO_voidSetPinDirection+0x74>
     edc:	a9 c0       	rjmp	.+338    	; 0x1030 <MDIO_voidSetPinDirection+0x1c6>
     ede:	de c0       	rjmp	.+444    	; 0x109c <MDIO_voidSetPinDirection+0x232>
		{
		case PORTA:
			switch(A_PINDIRECTION)
     ee0:	8b 81       	ldd	r24, Y+3	; 0x03
     ee2:	28 2f       	mov	r18, r24
     ee4:	30 e0       	ldi	r19, 0x00	; 0
     ee6:	3b 87       	std	Y+11, r19	; 0x0b
     ee8:	2a 87       	std	Y+10, r18	; 0x0a
     eea:	8a 85       	ldd	r24, Y+10	; 0x0a
     eec:	9b 85       	ldd	r25, Y+11	; 0x0b
     eee:	00 97       	sbiw	r24, 0x00	; 0
     ef0:	d1 f0       	breq	.+52     	; 0xf26 <MDIO_voidSetPinDirection+0xbc>
     ef2:	2a 85       	ldd	r18, Y+10	; 0x0a
     ef4:	3b 85       	ldd	r19, Y+11	; 0x0b
     ef6:	21 30       	cpi	r18, 0x01	; 1
     ef8:	31 05       	cpc	r19, r1
     efa:	09 f0       	breq	.+2      	; 0xefe <MDIO_voidSetPinDirection+0x94>
     efc:	cf c0       	rjmp	.+414    	; 0x109c <MDIO_voidSetPinDirection+0x232>
			{
			case DIO_OUTPUT: SET_BIT(DDRA_REG,A_DIOPIN);break;
     efe:	aa e3       	ldi	r26, 0x3A	; 58
     f00:	b0 e0       	ldi	r27, 0x00	; 0
     f02:	ea e3       	ldi	r30, 0x3A	; 58
     f04:	f0 e0       	ldi	r31, 0x00	; 0
     f06:	80 81       	ld	r24, Z
     f08:	48 2f       	mov	r20, r24
     f0a:	8a 81       	ldd	r24, Y+2	; 0x02
     f0c:	28 2f       	mov	r18, r24
     f0e:	30 e0       	ldi	r19, 0x00	; 0
     f10:	81 e0       	ldi	r24, 0x01	; 1
     f12:	90 e0       	ldi	r25, 0x00	; 0
     f14:	02 2e       	mov	r0, r18
     f16:	02 c0       	rjmp	.+4      	; 0xf1c <MDIO_voidSetPinDirection+0xb2>
     f18:	88 0f       	add	r24, r24
     f1a:	99 1f       	adc	r25, r25
     f1c:	0a 94       	dec	r0
     f1e:	e2 f7       	brpl	.-8      	; 0xf18 <MDIO_voidSetPinDirection+0xae>
     f20:	84 2b       	or	r24, r20
     f22:	8c 93       	st	X, r24
     f24:	bb c0       	rjmp	.+374    	; 0x109c <MDIO_voidSetPinDirection+0x232>
			case DIO_INPUT: CLR_BIT(DDRA_REG,A_DIOPIN);break;
     f26:	aa e3       	ldi	r26, 0x3A	; 58
     f28:	b0 e0       	ldi	r27, 0x00	; 0
     f2a:	ea e3       	ldi	r30, 0x3A	; 58
     f2c:	f0 e0       	ldi	r31, 0x00	; 0
     f2e:	80 81       	ld	r24, Z
     f30:	48 2f       	mov	r20, r24
     f32:	8a 81       	ldd	r24, Y+2	; 0x02
     f34:	28 2f       	mov	r18, r24
     f36:	30 e0       	ldi	r19, 0x00	; 0
     f38:	81 e0       	ldi	r24, 0x01	; 1
     f3a:	90 e0       	ldi	r25, 0x00	; 0
     f3c:	02 2e       	mov	r0, r18
     f3e:	02 c0       	rjmp	.+4      	; 0xf44 <MDIO_voidSetPinDirection+0xda>
     f40:	88 0f       	add	r24, r24
     f42:	99 1f       	adc	r25, r25
     f44:	0a 94       	dec	r0
     f46:	e2 f7       	brpl	.-8      	; 0xf40 <MDIO_voidSetPinDirection+0xd6>
     f48:	80 95       	com	r24
     f4a:	84 23       	and	r24, r20
     f4c:	8c 93       	st	X, r24
     f4e:	a6 c0       	rjmp	.+332    	; 0x109c <MDIO_voidSetPinDirection+0x232>

			}
			break;
		case PORTB:
			switch(A_PINDIRECTION)
     f50:	8b 81       	ldd	r24, Y+3	; 0x03
     f52:	28 2f       	mov	r18, r24
     f54:	30 e0       	ldi	r19, 0x00	; 0
     f56:	39 87       	std	Y+9, r19	; 0x09
     f58:	28 87       	std	Y+8, r18	; 0x08
     f5a:	88 85       	ldd	r24, Y+8	; 0x08
     f5c:	99 85       	ldd	r25, Y+9	; 0x09
     f5e:	00 97       	sbiw	r24, 0x00	; 0
     f60:	d1 f0       	breq	.+52     	; 0xf96 <MDIO_voidSetPinDirection+0x12c>
     f62:	28 85       	ldd	r18, Y+8	; 0x08
     f64:	39 85       	ldd	r19, Y+9	; 0x09
     f66:	21 30       	cpi	r18, 0x01	; 1
     f68:	31 05       	cpc	r19, r1
     f6a:	09 f0       	breq	.+2      	; 0xf6e <MDIO_voidSetPinDirection+0x104>
     f6c:	97 c0       	rjmp	.+302    	; 0x109c <MDIO_voidSetPinDirection+0x232>
						{
						case DIO_OUTPUT: SET_BIT(DDRB_REG,A_DIOPIN);break;
     f6e:	a7 e3       	ldi	r26, 0x37	; 55
     f70:	b0 e0       	ldi	r27, 0x00	; 0
     f72:	e7 e3       	ldi	r30, 0x37	; 55
     f74:	f0 e0       	ldi	r31, 0x00	; 0
     f76:	80 81       	ld	r24, Z
     f78:	48 2f       	mov	r20, r24
     f7a:	8a 81       	ldd	r24, Y+2	; 0x02
     f7c:	28 2f       	mov	r18, r24
     f7e:	30 e0       	ldi	r19, 0x00	; 0
     f80:	81 e0       	ldi	r24, 0x01	; 1
     f82:	90 e0       	ldi	r25, 0x00	; 0
     f84:	02 2e       	mov	r0, r18
     f86:	02 c0       	rjmp	.+4      	; 0xf8c <MDIO_voidSetPinDirection+0x122>
     f88:	88 0f       	add	r24, r24
     f8a:	99 1f       	adc	r25, r25
     f8c:	0a 94       	dec	r0
     f8e:	e2 f7       	brpl	.-8      	; 0xf88 <MDIO_voidSetPinDirection+0x11e>
     f90:	84 2b       	or	r24, r20
     f92:	8c 93       	st	X, r24
     f94:	83 c0       	rjmp	.+262    	; 0x109c <MDIO_voidSetPinDirection+0x232>
						case DIO_INPUT: CLR_BIT(DDRB_REG,A_DIOPIN);break;
     f96:	a7 e3       	ldi	r26, 0x37	; 55
     f98:	b0 e0       	ldi	r27, 0x00	; 0
     f9a:	e7 e3       	ldi	r30, 0x37	; 55
     f9c:	f0 e0       	ldi	r31, 0x00	; 0
     f9e:	80 81       	ld	r24, Z
     fa0:	48 2f       	mov	r20, r24
     fa2:	8a 81       	ldd	r24, Y+2	; 0x02
     fa4:	28 2f       	mov	r18, r24
     fa6:	30 e0       	ldi	r19, 0x00	; 0
     fa8:	81 e0       	ldi	r24, 0x01	; 1
     faa:	90 e0       	ldi	r25, 0x00	; 0
     fac:	02 2e       	mov	r0, r18
     fae:	02 c0       	rjmp	.+4      	; 0xfb4 <MDIO_voidSetPinDirection+0x14a>
     fb0:	88 0f       	add	r24, r24
     fb2:	99 1f       	adc	r25, r25
     fb4:	0a 94       	dec	r0
     fb6:	e2 f7       	brpl	.-8      	; 0xfb0 <MDIO_voidSetPinDirection+0x146>
     fb8:	80 95       	com	r24
     fba:	84 23       	and	r24, r20
     fbc:	8c 93       	st	X, r24
     fbe:	6e c0       	rjmp	.+220    	; 0x109c <MDIO_voidSetPinDirection+0x232>

						}
			break;
		case PORTC:
			switch(A_PINDIRECTION)
     fc0:	8b 81       	ldd	r24, Y+3	; 0x03
     fc2:	28 2f       	mov	r18, r24
     fc4:	30 e0       	ldi	r19, 0x00	; 0
     fc6:	3f 83       	std	Y+7, r19	; 0x07
     fc8:	2e 83       	std	Y+6, r18	; 0x06
     fca:	8e 81       	ldd	r24, Y+6	; 0x06
     fcc:	9f 81       	ldd	r25, Y+7	; 0x07
     fce:	00 97       	sbiw	r24, 0x00	; 0
     fd0:	d1 f0       	breq	.+52     	; 0x1006 <MDIO_voidSetPinDirection+0x19c>
     fd2:	2e 81       	ldd	r18, Y+6	; 0x06
     fd4:	3f 81       	ldd	r19, Y+7	; 0x07
     fd6:	21 30       	cpi	r18, 0x01	; 1
     fd8:	31 05       	cpc	r19, r1
     fda:	09 f0       	breq	.+2      	; 0xfde <MDIO_voidSetPinDirection+0x174>
     fdc:	5f c0       	rjmp	.+190    	; 0x109c <MDIO_voidSetPinDirection+0x232>
						{
						case DIO_OUTPUT: SET_BIT(DDRC_REG,A_DIOPIN);break;
     fde:	a4 e3       	ldi	r26, 0x34	; 52
     fe0:	b0 e0       	ldi	r27, 0x00	; 0
     fe2:	e4 e3       	ldi	r30, 0x34	; 52
     fe4:	f0 e0       	ldi	r31, 0x00	; 0
     fe6:	80 81       	ld	r24, Z
     fe8:	48 2f       	mov	r20, r24
     fea:	8a 81       	ldd	r24, Y+2	; 0x02
     fec:	28 2f       	mov	r18, r24
     fee:	30 e0       	ldi	r19, 0x00	; 0
     ff0:	81 e0       	ldi	r24, 0x01	; 1
     ff2:	90 e0       	ldi	r25, 0x00	; 0
     ff4:	02 2e       	mov	r0, r18
     ff6:	02 c0       	rjmp	.+4      	; 0xffc <MDIO_voidSetPinDirection+0x192>
     ff8:	88 0f       	add	r24, r24
     ffa:	99 1f       	adc	r25, r25
     ffc:	0a 94       	dec	r0
     ffe:	e2 f7       	brpl	.-8      	; 0xff8 <MDIO_voidSetPinDirection+0x18e>
    1000:	84 2b       	or	r24, r20
    1002:	8c 93       	st	X, r24
    1004:	4b c0       	rjmp	.+150    	; 0x109c <MDIO_voidSetPinDirection+0x232>
						case DIO_INPUT: CLR_BIT(DDRC_REG,A_DIOPIN);break;
    1006:	a4 e3       	ldi	r26, 0x34	; 52
    1008:	b0 e0       	ldi	r27, 0x00	; 0
    100a:	e4 e3       	ldi	r30, 0x34	; 52
    100c:	f0 e0       	ldi	r31, 0x00	; 0
    100e:	80 81       	ld	r24, Z
    1010:	48 2f       	mov	r20, r24
    1012:	8a 81       	ldd	r24, Y+2	; 0x02
    1014:	28 2f       	mov	r18, r24
    1016:	30 e0       	ldi	r19, 0x00	; 0
    1018:	81 e0       	ldi	r24, 0x01	; 1
    101a:	90 e0       	ldi	r25, 0x00	; 0
    101c:	02 2e       	mov	r0, r18
    101e:	02 c0       	rjmp	.+4      	; 0x1024 <MDIO_voidSetPinDirection+0x1ba>
    1020:	88 0f       	add	r24, r24
    1022:	99 1f       	adc	r25, r25
    1024:	0a 94       	dec	r0
    1026:	e2 f7       	brpl	.-8      	; 0x1020 <MDIO_voidSetPinDirection+0x1b6>
    1028:	80 95       	com	r24
    102a:	84 23       	and	r24, r20
    102c:	8c 93       	st	X, r24
    102e:	36 c0       	rjmp	.+108    	; 0x109c <MDIO_voidSetPinDirection+0x232>

						}
			break;
		case PORTD:
			switch(A_PINDIRECTION)
    1030:	8b 81       	ldd	r24, Y+3	; 0x03
    1032:	28 2f       	mov	r18, r24
    1034:	30 e0       	ldi	r19, 0x00	; 0
    1036:	3d 83       	std	Y+5, r19	; 0x05
    1038:	2c 83       	std	Y+4, r18	; 0x04
    103a:	8c 81       	ldd	r24, Y+4	; 0x04
    103c:	9d 81       	ldd	r25, Y+5	; 0x05
    103e:	00 97       	sbiw	r24, 0x00	; 0
    1040:	c9 f0       	breq	.+50     	; 0x1074 <MDIO_voidSetPinDirection+0x20a>
    1042:	2c 81       	ldd	r18, Y+4	; 0x04
    1044:	3d 81       	ldd	r19, Y+5	; 0x05
    1046:	21 30       	cpi	r18, 0x01	; 1
    1048:	31 05       	cpc	r19, r1
    104a:	41 f5       	brne	.+80     	; 0x109c <MDIO_voidSetPinDirection+0x232>
						{
						case DIO_OUTPUT: SET_BIT(DDRD_REG,A_DIOPIN);break;
    104c:	a1 e3       	ldi	r26, 0x31	; 49
    104e:	b0 e0       	ldi	r27, 0x00	; 0
    1050:	e1 e3       	ldi	r30, 0x31	; 49
    1052:	f0 e0       	ldi	r31, 0x00	; 0
    1054:	80 81       	ld	r24, Z
    1056:	48 2f       	mov	r20, r24
    1058:	8a 81       	ldd	r24, Y+2	; 0x02
    105a:	28 2f       	mov	r18, r24
    105c:	30 e0       	ldi	r19, 0x00	; 0
    105e:	81 e0       	ldi	r24, 0x01	; 1
    1060:	90 e0       	ldi	r25, 0x00	; 0
    1062:	02 2e       	mov	r0, r18
    1064:	02 c0       	rjmp	.+4      	; 0x106a <MDIO_voidSetPinDirection+0x200>
    1066:	88 0f       	add	r24, r24
    1068:	99 1f       	adc	r25, r25
    106a:	0a 94       	dec	r0
    106c:	e2 f7       	brpl	.-8      	; 0x1066 <MDIO_voidSetPinDirection+0x1fc>
    106e:	84 2b       	or	r24, r20
    1070:	8c 93       	st	X, r24
    1072:	14 c0       	rjmp	.+40     	; 0x109c <MDIO_voidSetPinDirection+0x232>
						case DIO_INPUT: CLR_BIT(DDRD_REG,A_DIOPIN);break;
    1074:	a1 e3       	ldi	r26, 0x31	; 49
    1076:	b0 e0       	ldi	r27, 0x00	; 0
    1078:	e1 e3       	ldi	r30, 0x31	; 49
    107a:	f0 e0       	ldi	r31, 0x00	; 0
    107c:	80 81       	ld	r24, Z
    107e:	48 2f       	mov	r20, r24
    1080:	8a 81       	ldd	r24, Y+2	; 0x02
    1082:	28 2f       	mov	r18, r24
    1084:	30 e0       	ldi	r19, 0x00	; 0
    1086:	81 e0       	ldi	r24, 0x01	; 1
    1088:	90 e0       	ldi	r25, 0x00	; 0
    108a:	02 2e       	mov	r0, r18
    108c:	02 c0       	rjmp	.+4      	; 0x1092 <MDIO_voidSetPinDirection+0x228>
    108e:	88 0f       	add	r24, r24
    1090:	99 1f       	adc	r25, r25
    1092:	0a 94       	dec	r0
    1094:	e2 f7       	brpl	.-8      	; 0x108e <MDIO_voidSetPinDirection+0x224>
    1096:	80 95       	com	r24
    1098:	84 23       	and	r24, r20
    109a:	8c 93       	st	X, r24
			break;
			default:break;

		}
	}
}
    109c:	2d 96       	adiw	r28, 0x0d	; 13
    109e:	0f b6       	in	r0, 0x3f	; 63
    10a0:	f8 94       	cli
    10a2:	de bf       	out	0x3e, r29	; 62
    10a4:	0f be       	out	0x3f, r0	; 63
    10a6:	cd bf       	out	0x3d, r28	; 61
    10a8:	cf 91       	pop	r28
    10aa:	df 91       	pop	r29
    10ac:	08 95       	ret

000010ae <MDIO_voidSetPinValue>:


void MDIO_voidSetPinValue(DIO_PORTS A_DIOPORT,DIO_PINS A_DIOPIN,PIN_VALUE  A_PINVALUE)
{
    10ae:	df 93       	push	r29
    10b0:	cf 93       	push	r28
    10b2:	cd b7       	in	r28, 0x3d	; 61
    10b4:	de b7       	in	r29, 0x3e	; 62
    10b6:	2d 97       	sbiw	r28, 0x0d	; 13
    10b8:	0f b6       	in	r0, 0x3f	; 63
    10ba:	f8 94       	cli
    10bc:	de bf       	out	0x3e, r29	; 62
    10be:	0f be       	out	0x3f, r0	; 63
    10c0:	cd bf       	out	0x3d, r28	; 61
    10c2:	89 83       	std	Y+1, r24	; 0x01
    10c4:	6a 83       	std	Y+2, r22	; 0x02
    10c6:	4b 83       	std	Y+3, r20	; 0x03
	if((A_DIOPORT<= PORTD) && (A_DIOPIN<=PIN7 )&& (A_PINVALUE <= DIO_HIGH ))
    10c8:	89 81       	ldd	r24, Y+1	; 0x01
    10ca:	84 30       	cpi	r24, 0x04	; 4
    10cc:	08 f0       	brcs	.+2      	; 0x10d0 <MDIO_voidSetPinValue+0x22>
    10ce:	08 c1       	rjmp	.+528    	; 0x12e0 <MDIO_voidSetPinValue+0x232>
    10d0:	8a 81       	ldd	r24, Y+2	; 0x02
    10d2:	88 30       	cpi	r24, 0x08	; 8
    10d4:	08 f0       	brcs	.+2      	; 0x10d8 <MDIO_voidSetPinValue+0x2a>
    10d6:	04 c1       	rjmp	.+520    	; 0x12e0 <MDIO_voidSetPinValue+0x232>
    10d8:	8b 81       	ldd	r24, Y+3	; 0x03
    10da:	82 30       	cpi	r24, 0x02	; 2
    10dc:	08 f0       	brcs	.+2      	; 0x10e0 <MDIO_voidSetPinValue+0x32>
    10de:	00 c1       	rjmp	.+512    	; 0x12e0 <MDIO_voidSetPinValue+0x232>
	{
		switch(A_DIOPORT)
    10e0:	89 81       	ldd	r24, Y+1	; 0x01
    10e2:	28 2f       	mov	r18, r24
    10e4:	30 e0       	ldi	r19, 0x00	; 0
    10e6:	3d 87       	std	Y+13, r19	; 0x0d
    10e8:	2c 87       	std	Y+12, r18	; 0x0c
    10ea:	8c 85       	ldd	r24, Y+12	; 0x0c
    10ec:	9d 85       	ldd	r25, Y+13	; 0x0d
    10ee:	81 30       	cpi	r24, 0x01	; 1
    10f0:	91 05       	cpc	r25, r1
    10f2:	09 f4       	brne	.+2      	; 0x10f6 <MDIO_voidSetPinValue+0x48>
    10f4:	4f c0       	rjmp	.+158    	; 0x1194 <MDIO_voidSetPinValue+0xe6>
    10f6:	2c 85       	ldd	r18, Y+12	; 0x0c
    10f8:	3d 85       	ldd	r19, Y+13	; 0x0d
    10fa:	22 30       	cpi	r18, 0x02	; 2
    10fc:	31 05       	cpc	r19, r1
    10fe:	2c f4       	brge	.+10     	; 0x110a <MDIO_voidSetPinValue+0x5c>
    1100:	8c 85       	ldd	r24, Y+12	; 0x0c
    1102:	9d 85       	ldd	r25, Y+13	; 0x0d
    1104:	00 97       	sbiw	r24, 0x00	; 0
    1106:	71 f0       	breq	.+28     	; 0x1124 <MDIO_voidSetPinValue+0x76>
    1108:	eb c0       	rjmp	.+470    	; 0x12e0 <MDIO_voidSetPinValue+0x232>
    110a:	2c 85       	ldd	r18, Y+12	; 0x0c
    110c:	3d 85       	ldd	r19, Y+13	; 0x0d
    110e:	22 30       	cpi	r18, 0x02	; 2
    1110:	31 05       	cpc	r19, r1
    1112:	09 f4       	brne	.+2      	; 0x1116 <MDIO_voidSetPinValue+0x68>
    1114:	77 c0       	rjmp	.+238    	; 0x1204 <MDIO_voidSetPinValue+0x156>
    1116:	8c 85       	ldd	r24, Y+12	; 0x0c
    1118:	9d 85       	ldd	r25, Y+13	; 0x0d
    111a:	83 30       	cpi	r24, 0x03	; 3
    111c:	91 05       	cpc	r25, r1
    111e:	09 f4       	brne	.+2      	; 0x1122 <MDIO_voidSetPinValue+0x74>
    1120:	a9 c0       	rjmp	.+338    	; 0x1274 <MDIO_voidSetPinValue+0x1c6>
    1122:	de c0       	rjmp	.+444    	; 0x12e0 <MDIO_voidSetPinValue+0x232>
		{
		case PORTA:
			switch(A_PINVALUE)
    1124:	8b 81       	ldd	r24, Y+3	; 0x03
    1126:	28 2f       	mov	r18, r24
    1128:	30 e0       	ldi	r19, 0x00	; 0
    112a:	3b 87       	std	Y+11, r19	; 0x0b
    112c:	2a 87       	std	Y+10, r18	; 0x0a
    112e:	8a 85       	ldd	r24, Y+10	; 0x0a
    1130:	9b 85       	ldd	r25, Y+11	; 0x0b
    1132:	00 97       	sbiw	r24, 0x00	; 0
    1134:	d1 f0       	breq	.+52     	; 0x116a <MDIO_voidSetPinValue+0xbc>
    1136:	2a 85       	ldd	r18, Y+10	; 0x0a
    1138:	3b 85       	ldd	r19, Y+11	; 0x0b
    113a:	21 30       	cpi	r18, 0x01	; 1
    113c:	31 05       	cpc	r19, r1
    113e:	09 f0       	breq	.+2      	; 0x1142 <MDIO_voidSetPinValue+0x94>
    1140:	cf c0       	rjmp	.+414    	; 0x12e0 <MDIO_voidSetPinValue+0x232>
			{
			case DIO_HIGH: SET_BIT(PORTA_REG,A_DIOPIN);break;
    1142:	ab e3       	ldi	r26, 0x3B	; 59
    1144:	b0 e0       	ldi	r27, 0x00	; 0
    1146:	eb e3       	ldi	r30, 0x3B	; 59
    1148:	f0 e0       	ldi	r31, 0x00	; 0
    114a:	80 81       	ld	r24, Z
    114c:	48 2f       	mov	r20, r24
    114e:	8a 81       	ldd	r24, Y+2	; 0x02
    1150:	28 2f       	mov	r18, r24
    1152:	30 e0       	ldi	r19, 0x00	; 0
    1154:	81 e0       	ldi	r24, 0x01	; 1
    1156:	90 e0       	ldi	r25, 0x00	; 0
    1158:	02 2e       	mov	r0, r18
    115a:	02 c0       	rjmp	.+4      	; 0x1160 <MDIO_voidSetPinValue+0xb2>
    115c:	88 0f       	add	r24, r24
    115e:	99 1f       	adc	r25, r25
    1160:	0a 94       	dec	r0
    1162:	e2 f7       	brpl	.-8      	; 0x115c <MDIO_voidSetPinValue+0xae>
    1164:	84 2b       	or	r24, r20
    1166:	8c 93       	st	X, r24
    1168:	bb c0       	rjmp	.+374    	; 0x12e0 <MDIO_voidSetPinValue+0x232>
			case DIO_LOW: CLR_BIT(PORTA_REG,A_DIOPIN);break;
    116a:	ab e3       	ldi	r26, 0x3B	; 59
    116c:	b0 e0       	ldi	r27, 0x00	; 0
    116e:	eb e3       	ldi	r30, 0x3B	; 59
    1170:	f0 e0       	ldi	r31, 0x00	; 0
    1172:	80 81       	ld	r24, Z
    1174:	48 2f       	mov	r20, r24
    1176:	8a 81       	ldd	r24, Y+2	; 0x02
    1178:	28 2f       	mov	r18, r24
    117a:	30 e0       	ldi	r19, 0x00	; 0
    117c:	81 e0       	ldi	r24, 0x01	; 1
    117e:	90 e0       	ldi	r25, 0x00	; 0
    1180:	02 2e       	mov	r0, r18
    1182:	02 c0       	rjmp	.+4      	; 0x1188 <MDIO_voidSetPinValue+0xda>
    1184:	88 0f       	add	r24, r24
    1186:	99 1f       	adc	r25, r25
    1188:	0a 94       	dec	r0
    118a:	e2 f7       	brpl	.-8      	; 0x1184 <MDIO_voidSetPinValue+0xd6>
    118c:	80 95       	com	r24
    118e:	84 23       	and	r24, r20
    1190:	8c 93       	st	X, r24
    1192:	a6 c0       	rjmp	.+332    	; 0x12e0 <MDIO_voidSetPinValue+0x232>

			}
			break;
		case PORTB:
			switch(A_PINVALUE)
    1194:	8b 81       	ldd	r24, Y+3	; 0x03
    1196:	28 2f       	mov	r18, r24
    1198:	30 e0       	ldi	r19, 0x00	; 0
    119a:	39 87       	std	Y+9, r19	; 0x09
    119c:	28 87       	std	Y+8, r18	; 0x08
    119e:	88 85       	ldd	r24, Y+8	; 0x08
    11a0:	99 85       	ldd	r25, Y+9	; 0x09
    11a2:	00 97       	sbiw	r24, 0x00	; 0
    11a4:	d1 f0       	breq	.+52     	; 0x11da <MDIO_voidSetPinValue+0x12c>
    11a6:	28 85       	ldd	r18, Y+8	; 0x08
    11a8:	39 85       	ldd	r19, Y+9	; 0x09
    11aa:	21 30       	cpi	r18, 0x01	; 1
    11ac:	31 05       	cpc	r19, r1
    11ae:	09 f0       	breq	.+2      	; 0x11b2 <MDIO_voidSetPinValue+0x104>
    11b0:	97 c0       	rjmp	.+302    	; 0x12e0 <MDIO_voidSetPinValue+0x232>
						{
			case DIO_HIGH:SET_BIT(PORTB_REG,A_DIOPIN);break;
    11b2:	a8 e3       	ldi	r26, 0x38	; 56
    11b4:	b0 e0       	ldi	r27, 0x00	; 0
    11b6:	e8 e3       	ldi	r30, 0x38	; 56
    11b8:	f0 e0       	ldi	r31, 0x00	; 0
    11ba:	80 81       	ld	r24, Z
    11bc:	48 2f       	mov	r20, r24
    11be:	8a 81       	ldd	r24, Y+2	; 0x02
    11c0:	28 2f       	mov	r18, r24
    11c2:	30 e0       	ldi	r19, 0x00	; 0
    11c4:	81 e0       	ldi	r24, 0x01	; 1
    11c6:	90 e0       	ldi	r25, 0x00	; 0
    11c8:	02 2e       	mov	r0, r18
    11ca:	02 c0       	rjmp	.+4      	; 0x11d0 <MDIO_voidSetPinValue+0x122>
    11cc:	88 0f       	add	r24, r24
    11ce:	99 1f       	adc	r25, r25
    11d0:	0a 94       	dec	r0
    11d2:	e2 f7       	brpl	.-8      	; 0x11cc <MDIO_voidSetPinValue+0x11e>
    11d4:	84 2b       	or	r24, r20
    11d6:	8c 93       	st	X, r24
    11d8:	83 c0       	rjmp	.+262    	; 0x12e0 <MDIO_voidSetPinValue+0x232>
			case DIO_LOW: CLR_BIT(PORTB_REG,A_DIOPIN);break;
    11da:	a8 e3       	ldi	r26, 0x38	; 56
    11dc:	b0 e0       	ldi	r27, 0x00	; 0
    11de:	e8 e3       	ldi	r30, 0x38	; 56
    11e0:	f0 e0       	ldi	r31, 0x00	; 0
    11e2:	80 81       	ld	r24, Z
    11e4:	48 2f       	mov	r20, r24
    11e6:	8a 81       	ldd	r24, Y+2	; 0x02
    11e8:	28 2f       	mov	r18, r24
    11ea:	30 e0       	ldi	r19, 0x00	; 0
    11ec:	81 e0       	ldi	r24, 0x01	; 1
    11ee:	90 e0       	ldi	r25, 0x00	; 0
    11f0:	02 2e       	mov	r0, r18
    11f2:	02 c0       	rjmp	.+4      	; 0x11f8 <MDIO_voidSetPinValue+0x14a>
    11f4:	88 0f       	add	r24, r24
    11f6:	99 1f       	adc	r25, r25
    11f8:	0a 94       	dec	r0
    11fa:	e2 f7       	brpl	.-8      	; 0x11f4 <MDIO_voidSetPinValue+0x146>
    11fc:	80 95       	com	r24
    11fe:	84 23       	and	r24, r20
    1200:	8c 93       	st	X, r24
    1202:	6e c0       	rjmp	.+220    	; 0x12e0 <MDIO_voidSetPinValue+0x232>

						}
			break;
		case PORTC:
			switch(A_PINVALUE)
    1204:	8b 81       	ldd	r24, Y+3	; 0x03
    1206:	28 2f       	mov	r18, r24
    1208:	30 e0       	ldi	r19, 0x00	; 0
    120a:	3f 83       	std	Y+7, r19	; 0x07
    120c:	2e 83       	std	Y+6, r18	; 0x06
    120e:	8e 81       	ldd	r24, Y+6	; 0x06
    1210:	9f 81       	ldd	r25, Y+7	; 0x07
    1212:	00 97       	sbiw	r24, 0x00	; 0
    1214:	d1 f0       	breq	.+52     	; 0x124a <MDIO_voidSetPinValue+0x19c>
    1216:	2e 81       	ldd	r18, Y+6	; 0x06
    1218:	3f 81       	ldd	r19, Y+7	; 0x07
    121a:	21 30       	cpi	r18, 0x01	; 1
    121c:	31 05       	cpc	r19, r1
    121e:	09 f0       	breq	.+2      	; 0x1222 <MDIO_voidSetPinValue+0x174>
    1220:	5f c0       	rjmp	.+190    	; 0x12e0 <MDIO_voidSetPinValue+0x232>
						{
			case DIO_HIGH: SET_BIT(PORTC_REG,A_DIOPIN);break;
    1222:	a5 e3       	ldi	r26, 0x35	; 53
    1224:	b0 e0       	ldi	r27, 0x00	; 0
    1226:	e5 e3       	ldi	r30, 0x35	; 53
    1228:	f0 e0       	ldi	r31, 0x00	; 0
    122a:	80 81       	ld	r24, Z
    122c:	48 2f       	mov	r20, r24
    122e:	8a 81       	ldd	r24, Y+2	; 0x02
    1230:	28 2f       	mov	r18, r24
    1232:	30 e0       	ldi	r19, 0x00	; 0
    1234:	81 e0       	ldi	r24, 0x01	; 1
    1236:	90 e0       	ldi	r25, 0x00	; 0
    1238:	02 2e       	mov	r0, r18
    123a:	02 c0       	rjmp	.+4      	; 0x1240 <MDIO_voidSetPinValue+0x192>
    123c:	88 0f       	add	r24, r24
    123e:	99 1f       	adc	r25, r25
    1240:	0a 94       	dec	r0
    1242:	e2 f7       	brpl	.-8      	; 0x123c <MDIO_voidSetPinValue+0x18e>
    1244:	84 2b       	or	r24, r20
    1246:	8c 93       	st	X, r24
    1248:	4b c0       	rjmp	.+150    	; 0x12e0 <MDIO_voidSetPinValue+0x232>
			case DIO_LOW: CLR_BIT(PORTC_REG,A_DIOPIN);break;
    124a:	a5 e3       	ldi	r26, 0x35	; 53
    124c:	b0 e0       	ldi	r27, 0x00	; 0
    124e:	e5 e3       	ldi	r30, 0x35	; 53
    1250:	f0 e0       	ldi	r31, 0x00	; 0
    1252:	80 81       	ld	r24, Z
    1254:	48 2f       	mov	r20, r24
    1256:	8a 81       	ldd	r24, Y+2	; 0x02
    1258:	28 2f       	mov	r18, r24
    125a:	30 e0       	ldi	r19, 0x00	; 0
    125c:	81 e0       	ldi	r24, 0x01	; 1
    125e:	90 e0       	ldi	r25, 0x00	; 0
    1260:	02 2e       	mov	r0, r18
    1262:	02 c0       	rjmp	.+4      	; 0x1268 <MDIO_voidSetPinValue+0x1ba>
    1264:	88 0f       	add	r24, r24
    1266:	99 1f       	adc	r25, r25
    1268:	0a 94       	dec	r0
    126a:	e2 f7       	brpl	.-8      	; 0x1264 <MDIO_voidSetPinValue+0x1b6>
    126c:	80 95       	com	r24
    126e:	84 23       	and	r24, r20
    1270:	8c 93       	st	X, r24
    1272:	36 c0       	rjmp	.+108    	; 0x12e0 <MDIO_voidSetPinValue+0x232>

						}
			break;
		case PORTD:
			switch(A_PINVALUE)
    1274:	8b 81       	ldd	r24, Y+3	; 0x03
    1276:	28 2f       	mov	r18, r24
    1278:	30 e0       	ldi	r19, 0x00	; 0
    127a:	3d 83       	std	Y+5, r19	; 0x05
    127c:	2c 83       	std	Y+4, r18	; 0x04
    127e:	8c 81       	ldd	r24, Y+4	; 0x04
    1280:	9d 81       	ldd	r25, Y+5	; 0x05
    1282:	00 97       	sbiw	r24, 0x00	; 0
    1284:	c9 f0       	breq	.+50     	; 0x12b8 <MDIO_voidSetPinValue+0x20a>
    1286:	2c 81       	ldd	r18, Y+4	; 0x04
    1288:	3d 81       	ldd	r19, Y+5	; 0x05
    128a:	21 30       	cpi	r18, 0x01	; 1
    128c:	31 05       	cpc	r19, r1
    128e:	41 f5       	brne	.+80     	; 0x12e0 <MDIO_voidSetPinValue+0x232>
						{
			case DIO_HIGH: SET_BIT(PORTD_REG,A_DIOPIN);break;
    1290:	a2 e3       	ldi	r26, 0x32	; 50
    1292:	b0 e0       	ldi	r27, 0x00	; 0
    1294:	e2 e3       	ldi	r30, 0x32	; 50
    1296:	f0 e0       	ldi	r31, 0x00	; 0
    1298:	80 81       	ld	r24, Z
    129a:	48 2f       	mov	r20, r24
    129c:	8a 81       	ldd	r24, Y+2	; 0x02
    129e:	28 2f       	mov	r18, r24
    12a0:	30 e0       	ldi	r19, 0x00	; 0
    12a2:	81 e0       	ldi	r24, 0x01	; 1
    12a4:	90 e0       	ldi	r25, 0x00	; 0
    12a6:	02 2e       	mov	r0, r18
    12a8:	02 c0       	rjmp	.+4      	; 0x12ae <MDIO_voidSetPinValue+0x200>
    12aa:	88 0f       	add	r24, r24
    12ac:	99 1f       	adc	r25, r25
    12ae:	0a 94       	dec	r0
    12b0:	e2 f7       	brpl	.-8      	; 0x12aa <MDIO_voidSetPinValue+0x1fc>
    12b2:	84 2b       	or	r24, r20
    12b4:	8c 93       	st	X, r24
    12b6:	14 c0       	rjmp	.+40     	; 0x12e0 <MDIO_voidSetPinValue+0x232>
			case DIO_LOW: CLR_BIT(PORTD_REG,A_DIOPIN);break;
    12b8:	a2 e3       	ldi	r26, 0x32	; 50
    12ba:	b0 e0       	ldi	r27, 0x00	; 0
    12bc:	e2 e3       	ldi	r30, 0x32	; 50
    12be:	f0 e0       	ldi	r31, 0x00	; 0
    12c0:	80 81       	ld	r24, Z
    12c2:	48 2f       	mov	r20, r24
    12c4:	8a 81       	ldd	r24, Y+2	; 0x02
    12c6:	28 2f       	mov	r18, r24
    12c8:	30 e0       	ldi	r19, 0x00	; 0
    12ca:	81 e0       	ldi	r24, 0x01	; 1
    12cc:	90 e0       	ldi	r25, 0x00	; 0
    12ce:	02 2e       	mov	r0, r18
    12d0:	02 c0       	rjmp	.+4      	; 0x12d6 <MDIO_voidSetPinValue+0x228>
    12d2:	88 0f       	add	r24, r24
    12d4:	99 1f       	adc	r25, r25
    12d6:	0a 94       	dec	r0
    12d8:	e2 f7       	brpl	.-8      	; 0x12d2 <MDIO_voidSetPinValue+0x224>
    12da:	80 95       	com	r24
    12dc:	84 23       	and	r24, r20
    12de:	8c 93       	st	X, r24
						}
			break;
			default:break;
		}
	}
}
    12e0:	2d 96       	adiw	r28, 0x0d	; 13
    12e2:	0f b6       	in	r0, 0x3f	; 63
    12e4:	f8 94       	cli
    12e6:	de bf       	out	0x3e, r29	; 62
    12e8:	0f be       	out	0x3f, r0	; 63
    12ea:	cd bf       	out	0x3d, r28	; 61
    12ec:	cf 91       	pop	r28
    12ee:	df 91       	pop	r29
    12f0:	08 95       	ret

000012f2 <MDIO_voidTogglePinValue>:

void MDIO_voidTogglePinValue (DIO_PORTS A_DIOPORT,DIO_PINS A_DIOPIN)
{
    12f2:	df 93       	push	r29
    12f4:	cf 93       	push	r28
    12f6:	00 d0       	rcall	.+0      	; 0x12f8 <MDIO_voidTogglePinValue+0x6>
    12f8:	00 d0       	rcall	.+0      	; 0x12fa <MDIO_voidTogglePinValue+0x8>
    12fa:	cd b7       	in	r28, 0x3d	; 61
    12fc:	de b7       	in	r29, 0x3e	; 62
    12fe:	89 83       	std	Y+1, r24	; 0x01
    1300:	6a 83       	std	Y+2, r22	; 0x02

	if((A_DIOPORT<= PORTD) && (A_DIOPIN<=PIN7 ))
    1302:	89 81       	ldd	r24, Y+1	; 0x01
    1304:	84 30       	cpi	r24, 0x04	; 4
    1306:	08 f0       	brcs	.+2      	; 0x130a <MDIO_voidTogglePinValue+0x18>
    1308:	72 c0       	rjmp	.+228    	; 0x13ee <MDIO_voidTogglePinValue+0xfc>
    130a:	8a 81       	ldd	r24, Y+2	; 0x02
    130c:	88 30       	cpi	r24, 0x08	; 8
    130e:	08 f0       	brcs	.+2      	; 0x1312 <MDIO_voidTogglePinValue+0x20>
    1310:	6e c0       	rjmp	.+220    	; 0x13ee <MDIO_voidTogglePinValue+0xfc>
	{
		switch(A_DIOPORT)
    1312:	89 81       	ldd	r24, Y+1	; 0x01
    1314:	28 2f       	mov	r18, r24
    1316:	30 e0       	ldi	r19, 0x00	; 0
    1318:	3c 83       	std	Y+4, r19	; 0x04
    131a:	2b 83       	std	Y+3, r18	; 0x03
    131c:	8b 81       	ldd	r24, Y+3	; 0x03
    131e:	9c 81       	ldd	r25, Y+4	; 0x04
    1320:	81 30       	cpi	r24, 0x01	; 1
    1322:	91 05       	cpc	r25, r1
    1324:	49 f1       	breq	.+82     	; 0x1378 <MDIO_voidTogglePinValue+0x86>
    1326:	2b 81       	ldd	r18, Y+3	; 0x03
    1328:	3c 81       	ldd	r19, Y+4	; 0x04
    132a:	22 30       	cpi	r18, 0x02	; 2
    132c:	31 05       	cpc	r19, r1
    132e:	2c f4       	brge	.+10     	; 0x133a <MDIO_voidTogglePinValue+0x48>
    1330:	8b 81       	ldd	r24, Y+3	; 0x03
    1332:	9c 81       	ldd	r25, Y+4	; 0x04
    1334:	00 97       	sbiw	r24, 0x00	; 0
    1336:	61 f0       	breq	.+24     	; 0x1350 <MDIO_voidTogglePinValue+0x5e>
    1338:	5a c0       	rjmp	.+180    	; 0x13ee <MDIO_voidTogglePinValue+0xfc>
    133a:	2b 81       	ldd	r18, Y+3	; 0x03
    133c:	3c 81       	ldd	r19, Y+4	; 0x04
    133e:	22 30       	cpi	r18, 0x02	; 2
    1340:	31 05       	cpc	r19, r1
    1342:	71 f1       	breq	.+92     	; 0x13a0 <MDIO_voidTogglePinValue+0xae>
    1344:	8b 81       	ldd	r24, Y+3	; 0x03
    1346:	9c 81       	ldd	r25, Y+4	; 0x04
    1348:	83 30       	cpi	r24, 0x03	; 3
    134a:	91 05       	cpc	r25, r1
    134c:	e9 f1       	breq	.+122    	; 0x13c8 <MDIO_voidTogglePinValue+0xd6>
    134e:	4f c0       	rjmp	.+158    	; 0x13ee <MDIO_voidTogglePinValue+0xfc>
		{

		case PORTA:
			TOGGLE_BIT(PORTA_REG,A_DIOPIN);
    1350:	ab e3       	ldi	r26, 0x3B	; 59
    1352:	b0 e0       	ldi	r27, 0x00	; 0
    1354:	eb e3       	ldi	r30, 0x3B	; 59
    1356:	f0 e0       	ldi	r31, 0x00	; 0
    1358:	80 81       	ld	r24, Z
    135a:	48 2f       	mov	r20, r24
    135c:	8a 81       	ldd	r24, Y+2	; 0x02
    135e:	28 2f       	mov	r18, r24
    1360:	30 e0       	ldi	r19, 0x00	; 0
    1362:	81 e0       	ldi	r24, 0x01	; 1
    1364:	90 e0       	ldi	r25, 0x00	; 0
    1366:	02 2e       	mov	r0, r18
    1368:	02 c0       	rjmp	.+4      	; 0x136e <MDIO_voidTogglePinValue+0x7c>
    136a:	88 0f       	add	r24, r24
    136c:	99 1f       	adc	r25, r25
    136e:	0a 94       	dec	r0
    1370:	e2 f7       	brpl	.-8      	; 0x136a <MDIO_voidTogglePinValue+0x78>
    1372:	84 27       	eor	r24, r20
    1374:	8c 93       	st	X, r24
    1376:	3b c0       	rjmp	.+118    	; 0x13ee <MDIO_voidTogglePinValue+0xfc>
			break;

		case PORTB:
			TOGGLE_BIT(PORTB_REG,A_DIOPIN);
    1378:	a8 e3       	ldi	r26, 0x38	; 56
    137a:	b0 e0       	ldi	r27, 0x00	; 0
    137c:	e8 e3       	ldi	r30, 0x38	; 56
    137e:	f0 e0       	ldi	r31, 0x00	; 0
    1380:	80 81       	ld	r24, Z
    1382:	48 2f       	mov	r20, r24
    1384:	8a 81       	ldd	r24, Y+2	; 0x02
    1386:	28 2f       	mov	r18, r24
    1388:	30 e0       	ldi	r19, 0x00	; 0
    138a:	81 e0       	ldi	r24, 0x01	; 1
    138c:	90 e0       	ldi	r25, 0x00	; 0
    138e:	02 2e       	mov	r0, r18
    1390:	02 c0       	rjmp	.+4      	; 0x1396 <MDIO_voidTogglePinValue+0xa4>
    1392:	88 0f       	add	r24, r24
    1394:	99 1f       	adc	r25, r25
    1396:	0a 94       	dec	r0
    1398:	e2 f7       	brpl	.-8      	; 0x1392 <MDIO_voidTogglePinValue+0xa0>
    139a:	84 27       	eor	r24, r20
    139c:	8c 93       	st	X, r24
    139e:	27 c0       	rjmp	.+78     	; 0x13ee <MDIO_voidTogglePinValue+0xfc>
			break;

		case PORTC:
			TOGGLE_BIT(PORTC_REG,A_DIOPIN);
    13a0:	a5 e3       	ldi	r26, 0x35	; 53
    13a2:	b0 e0       	ldi	r27, 0x00	; 0
    13a4:	e5 e3       	ldi	r30, 0x35	; 53
    13a6:	f0 e0       	ldi	r31, 0x00	; 0
    13a8:	80 81       	ld	r24, Z
    13aa:	48 2f       	mov	r20, r24
    13ac:	8a 81       	ldd	r24, Y+2	; 0x02
    13ae:	28 2f       	mov	r18, r24
    13b0:	30 e0       	ldi	r19, 0x00	; 0
    13b2:	81 e0       	ldi	r24, 0x01	; 1
    13b4:	90 e0       	ldi	r25, 0x00	; 0
    13b6:	02 2e       	mov	r0, r18
    13b8:	02 c0       	rjmp	.+4      	; 0x13be <MDIO_voidTogglePinValue+0xcc>
    13ba:	88 0f       	add	r24, r24
    13bc:	99 1f       	adc	r25, r25
    13be:	0a 94       	dec	r0
    13c0:	e2 f7       	brpl	.-8      	; 0x13ba <MDIO_voidTogglePinValue+0xc8>
    13c2:	84 27       	eor	r24, r20
    13c4:	8c 93       	st	X, r24
    13c6:	13 c0       	rjmp	.+38     	; 0x13ee <MDIO_voidTogglePinValue+0xfc>
			break;

		case PORTD:
			TOGGLE_BIT(PORTD_REG,A_DIOPIN);
    13c8:	a2 e3       	ldi	r26, 0x32	; 50
    13ca:	b0 e0       	ldi	r27, 0x00	; 0
    13cc:	e2 e3       	ldi	r30, 0x32	; 50
    13ce:	f0 e0       	ldi	r31, 0x00	; 0
    13d0:	80 81       	ld	r24, Z
    13d2:	48 2f       	mov	r20, r24
    13d4:	8a 81       	ldd	r24, Y+2	; 0x02
    13d6:	28 2f       	mov	r18, r24
    13d8:	30 e0       	ldi	r19, 0x00	; 0
    13da:	81 e0       	ldi	r24, 0x01	; 1
    13dc:	90 e0       	ldi	r25, 0x00	; 0
    13de:	02 2e       	mov	r0, r18
    13e0:	02 c0       	rjmp	.+4      	; 0x13e6 <MDIO_voidTogglePinValue+0xf4>
    13e2:	88 0f       	add	r24, r24
    13e4:	99 1f       	adc	r25, r25
    13e6:	0a 94       	dec	r0
    13e8:	e2 f7       	brpl	.-8      	; 0x13e2 <MDIO_voidTogglePinValue+0xf0>
    13ea:	84 27       	eor	r24, r20
    13ec:	8c 93       	st	X, r24
			break;
		default:break;
		}
	}
}
    13ee:	0f 90       	pop	r0
    13f0:	0f 90       	pop	r0
    13f2:	0f 90       	pop	r0
    13f4:	0f 90       	pop	r0
    13f6:	cf 91       	pop	r28
    13f8:	df 91       	pop	r29
    13fa:	08 95       	ret

000013fc <MDIO_voidTogglePinDirection>:

void MDIO_voidTogglePinDirection (DIO_PORTS A_DIOPORT,DIO_PINS A_DIOPIN)
{
    13fc:	df 93       	push	r29
    13fe:	cf 93       	push	r28
    1400:	00 d0       	rcall	.+0      	; 0x1402 <MDIO_voidTogglePinDirection+0x6>
    1402:	00 d0       	rcall	.+0      	; 0x1404 <MDIO_voidTogglePinDirection+0x8>
    1404:	cd b7       	in	r28, 0x3d	; 61
    1406:	de b7       	in	r29, 0x3e	; 62
    1408:	89 83       	std	Y+1, r24	; 0x01
    140a:	6a 83       	std	Y+2, r22	; 0x02

	if((A_DIOPORT<= PORTD) && (A_DIOPIN<=PIN7 ))
    140c:	89 81       	ldd	r24, Y+1	; 0x01
    140e:	84 30       	cpi	r24, 0x04	; 4
    1410:	08 f0       	brcs	.+2      	; 0x1414 <MDIO_voidTogglePinDirection+0x18>
    1412:	72 c0       	rjmp	.+228    	; 0x14f8 <MDIO_voidTogglePinDirection+0xfc>
    1414:	8a 81       	ldd	r24, Y+2	; 0x02
    1416:	88 30       	cpi	r24, 0x08	; 8
    1418:	08 f0       	brcs	.+2      	; 0x141c <MDIO_voidTogglePinDirection+0x20>
    141a:	6e c0       	rjmp	.+220    	; 0x14f8 <MDIO_voidTogglePinDirection+0xfc>
	{
		switch(A_DIOPORT)
    141c:	89 81       	ldd	r24, Y+1	; 0x01
    141e:	28 2f       	mov	r18, r24
    1420:	30 e0       	ldi	r19, 0x00	; 0
    1422:	3c 83       	std	Y+4, r19	; 0x04
    1424:	2b 83       	std	Y+3, r18	; 0x03
    1426:	8b 81       	ldd	r24, Y+3	; 0x03
    1428:	9c 81       	ldd	r25, Y+4	; 0x04
    142a:	81 30       	cpi	r24, 0x01	; 1
    142c:	91 05       	cpc	r25, r1
    142e:	49 f1       	breq	.+82     	; 0x1482 <MDIO_voidTogglePinDirection+0x86>
    1430:	2b 81       	ldd	r18, Y+3	; 0x03
    1432:	3c 81       	ldd	r19, Y+4	; 0x04
    1434:	22 30       	cpi	r18, 0x02	; 2
    1436:	31 05       	cpc	r19, r1
    1438:	2c f4       	brge	.+10     	; 0x1444 <MDIO_voidTogglePinDirection+0x48>
    143a:	8b 81       	ldd	r24, Y+3	; 0x03
    143c:	9c 81       	ldd	r25, Y+4	; 0x04
    143e:	00 97       	sbiw	r24, 0x00	; 0
    1440:	61 f0       	breq	.+24     	; 0x145a <MDIO_voidTogglePinDirection+0x5e>
    1442:	5a c0       	rjmp	.+180    	; 0x14f8 <MDIO_voidTogglePinDirection+0xfc>
    1444:	2b 81       	ldd	r18, Y+3	; 0x03
    1446:	3c 81       	ldd	r19, Y+4	; 0x04
    1448:	22 30       	cpi	r18, 0x02	; 2
    144a:	31 05       	cpc	r19, r1
    144c:	71 f1       	breq	.+92     	; 0x14aa <MDIO_voidTogglePinDirection+0xae>
    144e:	8b 81       	ldd	r24, Y+3	; 0x03
    1450:	9c 81       	ldd	r25, Y+4	; 0x04
    1452:	83 30       	cpi	r24, 0x03	; 3
    1454:	91 05       	cpc	r25, r1
    1456:	e9 f1       	breq	.+122    	; 0x14d2 <MDIO_voidTogglePinDirection+0xd6>
    1458:	4f c0       	rjmp	.+158    	; 0x14f8 <MDIO_voidTogglePinDirection+0xfc>
		{
		case PORTA:
			TOGGLE_BIT(DDRA_REG,A_DIOPIN);
    145a:	aa e3       	ldi	r26, 0x3A	; 58
    145c:	b0 e0       	ldi	r27, 0x00	; 0
    145e:	ea e3       	ldi	r30, 0x3A	; 58
    1460:	f0 e0       	ldi	r31, 0x00	; 0
    1462:	80 81       	ld	r24, Z
    1464:	48 2f       	mov	r20, r24
    1466:	8a 81       	ldd	r24, Y+2	; 0x02
    1468:	28 2f       	mov	r18, r24
    146a:	30 e0       	ldi	r19, 0x00	; 0
    146c:	81 e0       	ldi	r24, 0x01	; 1
    146e:	90 e0       	ldi	r25, 0x00	; 0
    1470:	02 2e       	mov	r0, r18
    1472:	02 c0       	rjmp	.+4      	; 0x1478 <MDIO_voidTogglePinDirection+0x7c>
    1474:	88 0f       	add	r24, r24
    1476:	99 1f       	adc	r25, r25
    1478:	0a 94       	dec	r0
    147a:	e2 f7       	brpl	.-8      	; 0x1474 <MDIO_voidTogglePinDirection+0x78>
    147c:	84 27       	eor	r24, r20
    147e:	8c 93       	st	X, r24
    1480:	3b c0       	rjmp	.+118    	; 0x14f8 <MDIO_voidTogglePinDirection+0xfc>
			break;
		case PORTB:
			TOGGLE_BIT(DDRB_REG,A_DIOPIN);
    1482:	a7 e3       	ldi	r26, 0x37	; 55
    1484:	b0 e0       	ldi	r27, 0x00	; 0
    1486:	e7 e3       	ldi	r30, 0x37	; 55
    1488:	f0 e0       	ldi	r31, 0x00	; 0
    148a:	80 81       	ld	r24, Z
    148c:	48 2f       	mov	r20, r24
    148e:	8a 81       	ldd	r24, Y+2	; 0x02
    1490:	28 2f       	mov	r18, r24
    1492:	30 e0       	ldi	r19, 0x00	; 0
    1494:	81 e0       	ldi	r24, 0x01	; 1
    1496:	90 e0       	ldi	r25, 0x00	; 0
    1498:	02 2e       	mov	r0, r18
    149a:	02 c0       	rjmp	.+4      	; 0x14a0 <MDIO_voidTogglePinDirection+0xa4>
    149c:	88 0f       	add	r24, r24
    149e:	99 1f       	adc	r25, r25
    14a0:	0a 94       	dec	r0
    14a2:	e2 f7       	brpl	.-8      	; 0x149c <MDIO_voidTogglePinDirection+0xa0>
    14a4:	84 27       	eor	r24, r20
    14a6:	8c 93       	st	X, r24
    14a8:	27 c0       	rjmp	.+78     	; 0x14f8 <MDIO_voidTogglePinDirection+0xfc>

			break;
		case PORTC:
			TOGGLE_BIT(DDRC_REG,A_DIOPIN);
    14aa:	a4 e3       	ldi	r26, 0x34	; 52
    14ac:	b0 e0       	ldi	r27, 0x00	; 0
    14ae:	e4 e3       	ldi	r30, 0x34	; 52
    14b0:	f0 e0       	ldi	r31, 0x00	; 0
    14b2:	80 81       	ld	r24, Z
    14b4:	48 2f       	mov	r20, r24
    14b6:	8a 81       	ldd	r24, Y+2	; 0x02
    14b8:	28 2f       	mov	r18, r24
    14ba:	30 e0       	ldi	r19, 0x00	; 0
    14bc:	81 e0       	ldi	r24, 0x01	; 1
    14be:	90 e0       	ldi	r25, 0x00	; 0
    14c0:	02 2e       	mov	r0, r18
    14c2:	02 c0       	rjmp	.+4      	; 0x14c8 <MDIO_voidTogglePinDirection+0xcc>
    14c4:	88 0f       	add	r24, r24
    14c6:	99 1f       	adc	r25, r25
    14c8:	0a 94       	dec	r0
    14ca:	e2 f7       	brpl	.-8      	; 0x14c4 <MDIO_voidTogglePinDirection+0xc8>
    14cc:	84 27       	eor	r24, r20
    14ce:	8c 93       	st	X, r24
    14d0:	13 c0       	rjmp	.+38     	; 0x14f8 <MDIO_voidTogglePinDirection+0xfc>

			break;
		case PORTD:
			TOGGLE_BIT(DDRD_REG,A_DIOPIN);
    14d2:	a1 e3       	ldi	r26, 0x31	; 49
    14d4:	b0 e0       	ldi	r27, 0x00	; 0
    14d6:	e1 e3       	ldi	r30, 0x31	; 49
    14d8:	f0 e0       	ldi	r31, 0x00	; 0
    14da:	80 81       	ld	r24, Z
    14dc:	48 2f       	mov	r20, r24
    14de:	8a 81       	ldd	r24, Y+2	; 0x02
    14e0:	28 2f       	mov	r18, r24
    14e2:	30 e0       	ldi	r19, 0x00	; 0
    14e4:	81 e0       	ldi	r24, 0x01	; 1
    14e6:	90 e0       	ldi	r25, 0x00	; 0
    14e8:	02 2e       	mov	r0, r18
    14ea:	02 c0       	rjmp	.+4      	; 0x14f0 <MDIO_voidTogglePinDirection+0xf4>
    14ec:	88 0f       	add	r24, r24
    14ee:	99 1f       	adc	r25, r25
    14f0:	0a 94       	dec	r0
    14f2:	e2 f7       	brpl	.-8      	; 0x14ec <MDIO_voidTogglePinDirection+0xf0>
    14f4:	84 27       	eor	r24, r20
    14f6:	8c 93       	st	X, r24
			break;
		default:break;

		}
	}
}
    14f8:	0f 90       	pop	r0
    14fa:	0f 90       	pop	r0
    14fc:	0f 90       	pop	r0
    14fe:	0f 90       	pop	r0
    1500:	cf 91       	pop	r28
    1502:	df 91       	pop	r29
    1504:	08 95       	ret

00001506 <MDIO_voidSetPortValue>:

void MDIO_voidSetPortValue (DIO_PORTS A_DIOPORT,u8 a_u8PORTVALUE)
{
    1506:	df 93       	push	r29
    1508:	cf 93       	push	r28
    150a:	00 d0       	rcall	.+0      	; 0x150c <MDIO_voidSetPortValue+0x6>
    150c:	00 d0       	rcall	.+0      	; 0x150e <MDIO_voidSetPortValue+0x8>
    150e:	cd b7       	in	r28, 0x3d	; 61
    1510:	de b7       	in	r29, 0x3e	; 62
    1512:	89 83       	std	Y+1, r24	; 0x01
    1514:	6a 83       	std	Y+2, r22	; 0x02
	if((A_DIOPORT<= PORTD))
    1516:	89 81       	ldd	r24, Y+1	; 0x01
    1518:	84 30       	cpi	r24, 0x04	; 4
    151a:	90 f5       	brcc	.+100    	; 0x1580 <MDIO_voidSetPortValue+0x7a>
		{
			switch(A_DIOPORT)
    151c:	89 81       	ldd	r24, Y+1	; 0x01
    151e:	28 2f       	mov	r18, r24
    1520:	30 e0       	ldi	r19, 0x00	; 0
    1522:	3c 83       	std	Y+4, r19	; 0x04
    1524:	2b 83       	std	Y+3, r18	; 0x03
    1526:	8b 81       	ldd	r24, Y+3	; 0x03
    1528:	9c 81       	ldd	r25, Y+4	; 0x04
    152a:	81 30       	cpi	r24, 0x01	; 1
    152c:	91 05       	cpc	r25, r1
    152e:	d1 f0       	breq	.+52     	; 0x1564 <MDIO_voidSetPortValue+0x5e>
    1530:	2b 81       	ldd	r18, Y+3	; 0x03
    1532:	3c 81       	ldd	r19, Y+4	; 0x04
    1534:	22 30       	cpi	r18, 0x02	; 2
    1536:	31 05       	cpc	r19, r1
    1538:	2c f4       	brge	.+10     	; 0x1544 <MDIO_voidSetPortValue+0x3e>
    153a:	8b 81       	ldd	r24, Y+3	; 0x03
    153c:	9c 81       	ldd	r25, Y+4	; 0x04
    153e:	00 97       	sbiw	r24, 0x00	; 0
    1540:	61 f0       	breq	.+24     	; 0x155a <MDIO_voidSetPortValue+0x54>
    1542:	1e c0       	rjmp	.+60     	; 0x1580 <MDIO_voidSetPortValue+0x7a>
    1544:	2b 81       	ldd	r18, Y+3	; 0x03
    1546:	3c 81       	ldd	r19, Y+4	; 0x04
    1548:	22 30       	cpi	r18, 0x02	; 2
    154a:	31 05       	cpc	r19, r1
    154c:	81 f0       	breq	.+32     	; 0x156e <MDIO_voidSetPortValue+0x68>
    154e:	8b 81       	ldd	r24, Y+3	; 0x03
    1550:	9c 81       	ldd	r25, Y+4	; 0x04
    1552:	83 30       	cpi	r24, 0x03	; 3
    1554:	91 05       	cpc	r25, r1
    1556:	81 f0       	breq	.+32     	; 0x1578 <MDIO_voidSetPortValue+0x72>
    1558:	13 c0       	rjmp	.+38     	; 0x1580 <MDIO_voidSetPortValue+0x7a>
			{
			case PORTA:
				SET_BYTE(PORTA_REG,a_u8PORTVALUE);
    155a:	eb e3       	ldi	r30, 0x3B	; 59
    155c:	f0 e0       	ldi	r31, 0x00	; 0
    155e:	8a 81       	ldd	r24, Y+2	; 0x02
    1560:	80 83       	st	Z, r24
    1562:	0e c0       	rjmp	.+28     	; 0x1580 <MDIO_voidSetPortValue+0x7a>
				break;
			case PORTB:
				SET_BYTE(PORTB_REG,a_u8PORTVALUE);
    1564:	e8 e3       	ldi	r30, 0x38	; 56
    1566:	f0 e0       	ldi	r31, 0x00	; 0
    1568:	8a 81       	ldd	r24, Y+2	; 0x02
    156a:	80 83       	st	Z, r24
    156c:	09 c0       	rjmp	.+18     	; 0x1580 <MDIO_voidSetPortValue+0x7a>

				break;
			case PORTC:
				SET_BYTE(PORTC_REG,a_u8PORTVALUE);
    156e:	e5 e3       	ldi	r30, 0x35	; 53
    1570:	f0 e0       	ldi	r31, 0x00	; 0
    1572:	8a 81       	ldd	r24, Y+2	; 0x02
    1574:	80 83       	st	Z, r24
    1576:	04 c0       	rjmp	.+8      	; 0x1580 <MDIO_voidSetPortValue+0x7a>

				break;
			case PORTD:
				SET_BYTE(PORTD_REG,a_u8PORTVALUE);
    1578:	e2 e3       	ldi	r30, 0x32	; 50
    157a:	f0 e0       	ldi	r31, 0x00	; 0
    157c:	8a 81       	ldd	r24, Y+2	; 0x02
    157e:	80 83       	st	Z, r24

				break;
			}
		}
}
    1580:	0f 90       	pop	r0
    1582:	0f 90       	pop	r0
    1584:	0f 90       	pop	r0
    1586:	0f 90       	pop	r0
    1588:	cf 91       	pop	r28
    158a:	df 91       	pop	r29
    158c:	08 95       	ret

0000158e <MDIO_voidSetPortDirection>:
void MDIO_voidSetPortDirection (DIO_PORTS A_DIOPORT,u8 a_u8PORTDIRECTION)
{
    158e:	df 93       	push	r29
    1590:	cf 93       	push	r28
    1592:	00 d0       	rcall	.+0      	; 0x1594 <MDIO_voidSetPortDirection+0x6>
    1594:	00 d0       	rcall	.+0      	; 0x1596 <MDIO_voidSetPortDirection+0x8>
    1596:	cd b7       	in	r28, 0x3d	; 61
    1598:	de b7       	in	r29, 0x3e	; 62
    159a:	89 83       	std	Y+1, r24	; 0x01
    159c:	6a 83       	std	Y+2, r22	; 0x02
	if((A_DIOPORT<= PORTD))
    159e:	89 81       	ldd	r24, Y+1	; 0x01
    15a0:	84 30       	cpi	r24, 0x04	; 4
    15a2:	90 f5       	brcc	.+100    	; 0x1608 <MDIO_voidSetPortDirection+0x7a>
			{
				switch(A_DIOPORT)
    15a4:	89 81       	ldd	r24, Y+1	; 0x01
    15a6:	28 2f       	mov	r18, r24
    15a8:	30 e0       	ldi	r19, 0x00	; 0
    15aa:	3c 83       	std	Y+4, r19	; 0x04
    15ac:	2b 83       	std	Y+3, r18	; 0x03
    15ae:	8b 81       	ldd	r24, Y+3	; 0x03
    15b0:	9c 81       	ldd	r25, Y+4	; 0x04
    15b2:	81 30       	cpi	r24, 0x01	; 1
    15b4:	91 05       	cpc	r25, r1
    15b6:	d1 f0       	breq	.+52     	; 0x15ec <MDIO_voidSetPortDirection+0x5e>
    15b8:	2b 81       	ldd	r18, Y+3	; 0x03
    15ba:	3c 81       	ldd	r19, Y+4	; 0x04
    15bc:	22 30       	cpi	r18, 0x02	; 2
    15be:	31 05       	cpc	r19, r1
    15c0:	2c f4       	brge	.+10     	; 0x15cc <MDIO_voidSetPortDirection+0x3e>
    15c2:	8b 81       	ldd	r24, Y+3	; 0x03
    15c4:	9c 81       	ldd	r25, Y+4	; 0x04
    15c6:	00 97       	sbiw	r24, 0x00	; 0
    15c8:	61 f0       	breq	.+24     	; 0x15e2 <MDIO_voidSetPortDirection+0x54>
    15ca:	1e c0       	rjmp	.+60     	; 0x1608 <MDIO_voidSetPortDirection+0x7a>
    15cc:	2b 81       	ldd	r18, Y+3	; 0x03
    15ce:	3c 81       	ldd	r19, Y+4	; 0x04
    15d0:	22 30       	cpi	r18, 0x02	; 2
    15d2:	31 05       	cpc	r19, r1
    15d4:	81 f0       	breq	.+32     	; 0x15f6 <MDIO_voidSetPortDirection+0x68>
    15d6:	8b 81       	ldd	r24, Y+3	; 0x03
    15d8:	9c 81       	ldd	r25, Y+4	; 0x04
    15da:	83 30       	cpi	r24, 0x03	; 3
    15dc:	91 05       	cpc	r25, r1
    15de:	81 f0       	breq	.+32     	; 0x1600 <MDIO_voidSetPortDirection+0x72>
    15e0:	13 c0       	rjmp	.+38     	; 0x1608 <MDIO_voidSetPortDirection+0x7a>
				{
				case PORTA:
					SET_BYTE(DDRA_REG,a_u8PORTDIRECTION);
    15e2:	ea e3       	ldi	r30, 0x3A	; 58
    15e4:	f0 e0       	ldi	r31, 0x00	; 0
    15e6:	8a 81       	ldd	r24, Y+2	; 0x02
    15e8:	80 83       	st	Z, r24
    15ea:	0e c0       	rjmp	.+28     	; 0x1608 <MDIO_voidSetPortDirection+0x7a>
					break;
				case PORTB:
					SET_BYTE(DDRB_REG,a_u8PORTDIRECTION);
    15ec:	e7 e3       	ldi	r30, 0x37	; 55
    15ee:	f0 e0       	ldi	r31, 0x00	; 0
    15f0:	8a 81       	ldd	r24, Y+2	; 0x02
    15f2:	80 83       	st	Z, r24
    15f4:	09 c0       	rjmp	.+18     	; 0x1608 <MDIO_voidSetPortDirection+0x7a>

					break;
				case PORTC:
					SET_BYTE(DDRC_REG,a_u8PORTDIRECTION);
    15f6:	e4 e3       	ldi	r30, 0x34	; 52
    15f8:	f0 e0       	ldi	r31, 0x00	; 0
    15fa:	8a 81       	ldd	r24, Y+2	; 0x02
    15fc:	80 83       	st	Z, r24
    15fe:	04 c0       	rjmp	.+8      	; 0x1608 <MDIO_voidSetPortDirection+0x7a>

					break;
				case PORTD:
					SET_BYTE(DDRD_REG,a_u8PORTDIRECTION);
    1600:	e1 e3       	ldi	r30, 0x31	; 49
    1602:	f0 e0       	ldi	r31, 0x00	; 0
    1604:	8a 81       	ldd	r24, Y+2	; 0x02
    1606:	80 83       	st	Z, r24

					break;
				}
			}
}
    1608:	0f 90       	pop	r0
    160a:	0f 90       	pop	r0
    160c:	0f 90       	pop	r0
    160e:	0f 90       	pop	r0
    1610:	cf 91       	pop	r28
    1612:	df 91       	pop	r29
    1614:	08 95       	ret

00001616 <MDIO_pinValueGetPinValue>:

PIN_VALUE MDIO_pinValueGetPinValue(DIO_PORTS A_DIOPORT, DIO_PINS A_DIOPIN)
{
    1616:	df 93       	push	r29
    1618:	cf 93       	push	r28
    161a:	00 d0       	rcall	.+0      	; 0x161c <MDIO_pinValueGetPinValue+0x6>
    161c:	00 d0       	rcall	.+0      	; 0x161e <MDIO_pinValueGetPinValue+0x8>
    161e:	0f 92       	push	r0
    1620:	cd b7       	in	r28, 0x3d	; 61
    1622:	de b7       	in	r29, 0x3e	; 62
    1624:	8a 83       	std	Y+2, r24	; 0x02
    1626:	6b 83       	std	Y+3, r22	; 0x03
	PIN_VALUE VALUE;
	if((A_DIOPORT<= PORTD) && (A_DIOPIN<=PIN7 ))
    1628:	8a 81       	ldd	r24, Y+2	; 0x02
    162a:	84 30       	cpi	r24, 0x04	; 4
    162c:	08 f0       	brcs	.+2      	; 0x1630 <MDIO_pinValueGetPinValue+0x1a>
    162e:	6b c0       	rjmp	.+214    	; 0x1706 <MDIO_pinValueGetPinValue+0xf0>
    1630:	8b 81       	ldd	r24, Y+3	; 0x03
    1632:	88 30       	cpi	r24, 0x08	; 8
    1634:	08 f0       	brcs	.+2      	; 0x1638 <MDIO_pinValueGetPinValue+0x22>
    1636:	67 c0       	rjmp	.+206    	; 0x1706 <MDIO_pinValueGetPinValue+0xf0>
		{
			switch(A_DIOPORT)
    1638:	8a 81       	ldd	r24, Y+2	; 0x02
    163a:	28 2f       	mov	r18, r24
    163c:	30 e0       	ldi	r19, 0x00	; 0
    163e:	3d 83       	std	Y+5, r19	; 0x05
    1640:	2c 83       	std	Y+4, r18	; 0x04
    1642:	4c 81       	ldd	r20, Y+4	; 0x04
    1644:	5d 81       	ldd	r21, Y+5	; 0x05
    1646:	41 30       	cpi	r20, 0x01	; 1
    1648:	51 05       	cpc	r21, r1
    164a:	41 f1       	breq	.+80     	; 0x169c <MDIO_pinValueGetPinValue+0x86>
    164c:	8c 81       	ldd	r24, Y+4	; 0x04
    164e:	9d 81       	ldd	r25, Y+5	; 0x05
    1650:	82 30       	cpi	r24, 0x02	; 2
    1652:	91 05       	cpc	r25, r1
    1654:	34 f4       	brge	.+12     	; 0x1662 <MDIO_pinValueGetPinValue+0x4c>
    1656:	2c 81       	ldd	r18, Y+4	; 0x04
    1658:	3d 81       	ldd	r19, Y+5	; 0x05
    165a:	21 15       	cp	r18, r1
    165c:	31 05       	cpc	r19, r1
    165e:	61 f0       	breq	.+24     	; 0x1678 <MDIO_pinValueGetPinValue+0x62>
    1660:	52 c0       	rjmp	.+164    	; 0x1706 <MDIO_pinValueGetPinValue+0xf0>
    1662:	4c 81       	ldd	r20, Y+4	; 0x04
    1664:	5d 81       	ldd	r21, Y+5	; 0x05
    1666:	42 30       	cpi	r20, 0x02	; 2
    1668:	51 05       	cpc	r21, r1
    166a:	51 f1       	breq	.+84     	; 0x16c0 <MDIO_pinValueGetPinValue+0xaa>
    166c:	8c 81       	ldd	r24, Y+4	; 0x04
    166e:	9d 81       	ldd	r25, Y+5	; 0x05
    1670:	83 30       	cpi	r24, 0x03	; 3
    1672:	91 05       	cpc	r25, r1
    1674:	b9 f1       	breq	.+110    	; 0x16e4 <MDIO_pinValueGetPinValue+0xce>
    1676:	47 c0       	rjmp	.+142    	; 0x1706 <MDIO_pinValueGetPinValue+0xf0>
			{

			case PORTA:
				VALUE=GET_BIT(PINA_REG,A_DIOPIN);
    1678:	e9 e3       	ldi	r30, 0x39	; 57
    167a:	f0 e0       	ldi	r31, 0x00	; 0
    167c:	80 81       	ld	r24, Z
    167e:	28 2f       	mov	r18, r24
    1680:	30 e0       	ldi	r19, 0x00	; 0
    1682:	8b 81       	ldd	r24, Y+3	; 0x03
    1684:	88 2f       	mov	r24, r24
    1686:	90 e0       	ldi	r25, 0x00	; 0
    1688:	a9 01       	movw	r20, r18
    168a:	02 c0       	rjmp	.+4      	; 0x1690 <MDIO_pinValueGetPinValue+0x7a>
    168c:	55 95       	asr	r21
    168e:	47 95       	ror	r20
    1690:	8a 95       	dec	r24
    1692:	e2 f7       	brpl	.-8      	; 0x168c <MDIO_pinValueGetPinValue+0x76>
    1694:	ca 01       	movw	r24, r20
    1696:	81 70       	andi	r24, 0x01	; 1
    1698:	89 83       	std	Y+1, r24	; 0x01
    169a:	35 c0       	rjmp	.+106    	; 0x1706 <MDIO_pinValueGetPinValue+0xf0>
				break;

			case PORTB:
				VALUE=GET_BIT(PINB_REG,A_DIOPIN);
    169c:	e6 e3       	ldi	r30, 0x36	; 54
    169e:	f0 e0       	ldi	r31, 0x00	; 0
    16a0:	80 81       	ld	r24, Z
    16a2:	28 2f       	mov	r18, r24
    16a4:	30 e0       	ldi	r19, 0x00	; 0
    16a6:	8b 81       	ldd	r24, Y+3	; 0x03
    16a8:	88 2f       	mov	r24, r24
    16aa:	90 e0       	ldi	r25, 0x00	; 0
    16ac:	a9 01       	movw	r20, r18
    16ae:	02 c0       	rjmp	.+4      	; 0x16b4 <MDIO_pinValueGetPinValue+0x9e>
    16b0:	55 95       	asr	r21
    16b2:	47 95       	ror	r20
    16b4:	8a 95       	dec	r24
    16b6:	e2 f7       	brpl	.-8      	; 0x16b0 <MDIO_pinValueGetPinValue+0x9a>
    16b8:	ca 01       	movw	r24, r20
    16ba:	81 70       	andi	r24, 0x01	; 1
    16bc:	89 83       	std	Y+1, r24	; 0x01
    16be:	23 c0       	rjmp	.+70     	; 0x1706 <MDIO_pinValueGetPinValue+0xf0>
				break;

			case PORTC:
				VALUE=GET_BIT(PINC_REG,A_DIOPIN);
    16c0:	e3 e3       	ldi	r30, 0x33	; 51
    16c2:	f0 e0       	ldi	r31, 0x00	; 0
    16c4:	80 81       	ld	r24, Z
    16c6:	28 2f       	mov	r18, r24
    16c8:	30 e0       	ldi	r19, 0x00	; 0
    16ca:	8b 81       	ldd	r24, Y+3	; 0x03
    16cc:	88 2f       	mov	r24, r24
    16ce:	90 e0       	ldi	r25, 0x00	; 0
    16d0:	a9 01       	movw	r20, r18
    16d2:	02 c0       	rjmp	.+4      	; 0x16d8 <MDIO_pinValueGetPinValue+0xc2>
    16d4:	55 95       	asr	r21
    16d6:	47 95       	ror	r20
    16d8:	8a 95       	dec	r24
    16da:	e2 f7       	brpl	.-8      	; 0x16d4 <MDIO_pinValueGetPinValue+0xbe>
    16dc:	ca 01       	movw	r24, r20
    16de:	81 70       	andi	r24, 0x01	; 1
    16e0:	89 83       	std	Y+1, r24	; 0x01
    16e2:	11 c0       	rjmp	.+34     	; 0x1706 <MDIO_pinValueGetPinValue+0xf0>
				break;

			case PORTD:
				VALUE=GET_BIT(PIND_REG,A_DIOPIN);
    16e4:	e0 e3       	ldi	r30, 0x30	; 48
    16e6:	f0 e0       	ldi	r31, 0x00	; 0
    16e8:	80 81       	ld	r24, Z
    16ea:	28 2f       	mov	r18, r24
    16ec:	30 e0       	ldi	r19, 0x00	; 0
    16ee:	8b 81       	ldd	r24, Y+3	; 0x03
    16f0:	88 2f       	mov	r24, r24
    16f2:	90 e0       	ldi	r25, 0x00	; 0
    16f4:	a9 01       	movw	r20, r18
    16f6:	02 c0       	rjmp	.+4      	; 0x16fc <MDIO_pinValueGetPinValue+0xe6>
    16f8:	55 95       	asr	r21
    16fa:	47 95       	ror	r20
    16fc:	8a 95       	dec	r24
    16fe:	e2 f7       	brpl	.-8      	; 0x16f8 <MDIO_pinValueGetPinValue+0xe2>
    1700:	ca 01       	movw	r24, r20
    1702:	81 70       	andi	r24, 0x01	; 1
    1704:	89 83       	std	Y+1, r24	; 0x01
				break;
			default:break;
			}
		}
	return VALUE;
    1706:	89 81       	ldd	r24, Y+1	; 0x01

}
    1708:	0f 90       	pop	r0
    170a:	0f 90       	pop	r0
    170c:	0f 90       	pop	r0
    170e:	0f 90       	pop	r0
    1710:	0f 90       	pop	r0
    1712:	cf 91       	pop	r28
    1714:	df 91       	pop	r29
    1716:	08 95       	ret

00001718 <MEXTI_voidConfig>:
void(*EXTI0_Callback)(void)=NULL;
void(*EXTI1_Callback)(void)=NULL;
void(*EXTI2_Callback)(void)=NULL;

void MEXTI_voidConfig (EXTI_ID A_EXTI_ID, EXTI_SENSE_MODE A_EXTI_SENSE_MODE)
{
    1718:	df 93       	push	r29
    171a:	cf 93       	push	r28
    171c:	00 d0       	rcall	.+0      	; 0x171e <MEXTI_voidConfig+0x6>
    171e:	00 d0       	rcall	.+0      	; 0x1720 <MEXTI_voidConfig+0x8>
    1720:	00 d0       	rcall	.+0      	; 0x1722 <MEXTI_voidConfig+0xa>
    1722:	cd b7       	in	r28, 0x3d	; 61
    1724:	de b7       	in	r29, 0x3e	; 62
    1726:	89 83       	std	Y+1, r24	; 0x01
    1728:	6a 83       	std	Y+2, r22	; 0x02
    if((A_EXTI_ID <= EXTI2) && (A_EXTI_SENSE_MODE <= RISING_EDGE))
    172a:	89 81       	ldd	r24, Y+1	; 0x01
    172c:	83 30       	cpi	r24, 0x03	; 3
    172e:	08 f0       	brcs	.+2      	; 0x1732 <MEXTI_voidConfig+0x1a>
    1730:	5e c0       	rjmp	.+188    	; 0x17ee <MEXTI_voidConfig+0xd6>
    1732:	8a 81       	ldd	r24, Y+2	; 0x02
    1734:	84 30       	cpi	r24, 0x04	; 4
    1736:	08 f0       	brcs	.+2      	; 0x173a <MEXTI_voidConfig+0x22>
    1738:	5a c0       	rjmp	.+180    	; 0x17ee <MEXTI_voidConfig+0xd6>
    {
        switch(A_EXTI_ID)
    173a:	89 81       	ldd	r24, Y+1	; 0x01
    173c:	28 2f       	mov	r18, r24
    173e:	30 e0       	ldi	r19, 0x00	; 0
    1740:	3e 83       	std	Y+6, r19	; 0x06
    1742:	2d 83       	std	Y+5, r18	; 0x05
    1744:	8d 81       	ldd	r24, Y+5	; 0x05
    1746:	9e 81       	ldd	r25, Y+6	; 0x06
    1748:	81 30       	cpi	r24, 0x01	; 1
    174a:	91 05       	cpc	r25, r1
    174c:	d1 f0       	breq	.+52     	; 0x1782 <MEXTI_voidConfig+0x6a>
    174e:	2d 81       	ldd	r18, Y+5	; 0x05
    1750:	3e 81       	ldd	r19, Y+6	; 0x06
    1752:	22 30       	cpi	r18, 0x02	; 2
    1754:	31 05       	cpc	r19, r1
    1756:	61 f1       	breq	.+88     	; 0x17b0 <MEXTI_voidConfig+0x98>
    1758:	8d 81       	ldd	r24, Y+5	; 0x05
    175a:	9e 81       	ldd	r25, Y+6	; 0x06
    175c:	00 97       	sbiw	r24, 0x00	; 0
    175e:	09 f0       	breq	.+2      	; 0x1762 <MEXTI_voidConfig+0x4a>
    1760:	46 c0       	rjmp	.+140    	; 0x17ee <MEXTI_voidConfig+0xd6>
        {
            case EXTI0:
                MCUCR &= ~(SENSE_MODE_MASK << EXTI0_SENSE_MODE_BITS);
    1762:	a5 e5       	ldi	r26, 0x55	; 85
    1764:	b0 e0       	ldi	r27, 0x00	; 0
    1766:	e5 e5       	ldi	r30, 0x55	; 85
    1768:	f0 e0       	ldi	r31, 0x00	; 0
    176a:	80 81       	ld	r24, Z
    176c:	8c 7f       	andi	r24, 0xFC	; 252
    176e:	8c 93       	st	X, r24
                MCUCR |= (A_EXTI_SENSE_MODE << EXTI0_SENSE_MODE_BITS);
    1770:	a5 e5       	ldi	r26, 0x55	; 85
    1772:	b0 e0       	ldi	r27, 0x00	; 0
    1774:	e5 e5       	ldi	r30, 0x55	; 85
    1776:	f0 e0       	ldi	r31, 0x00	; 0
    1778:	90 81       	ld	r25, Z
    177a:	8a 81       	ldd	r24, Y+2	; 0x02
    177c:	89 2b       	or	r24, r25
    177e:	8c 93       	st	X, r24
    1780:	36 c0       	rjmp	.+108    	; 0x17ee <MEXTI_voidConfig+0xd6>
                break;
            case EXTI1:
                MCUCR &= ~(SENSE_MODE_MASK << EXTI1_SENSE_MODE_BITS);
    1782:	a5 e5       	ldi	r26, 0x55	; 85
    1784:	b0 e0       	ldi	r27, 0x00	; 0
    1786:	e5 e5       	ldi	r30, 0x55	; 85
    1788:	f0 e0       	ldi	r31, 0x00	; 0
    178a:	80 81       	ld	r24, Z
    178c:	83 7f       	andi	r24, 0xF3	; 243
    178e:	8c 93       	st	X, r24
                MCUCR |= (A_EXTI_SENSE_MODE << EXTI1_SENSE_MODE_BITS);
    1790:	a5 e5       	ldi	r26, 0x55	; 85
    1792:	b0 e0       	ldi	r27, 0x00	; 0
    1794:	e5 e5       	ldi	r30, 0x55	; 85
    1796:	f0 e0       	ldi	r31, 0x00	; 0
    1798:	80 81       	ld	r24, Z
    179a:	28 2f       	mov	r18, r24
    179c:	8a 81       	ldd	r24, Y+2	; 0x02
    179e:	88 2f       	mov	r24, r24
    17a0:	90 e0       	ldi	r25, 0x00	; 0
    17a2:	88 0f       	add	r24, r24
    17a4:	99 1f       	adc	r25, r25
    17a6:	88 0f       	add	r24, r24
    17a8:	99 1f       	adc	r25, r25
    17aa:	82 2b       	or	r24, r18
    17ac:	8c 93       	st	X, r24
    17ae:	1f c0       	rjmp	.+62     	; 0x17ee <MEXTI_voidConfig+0xd6>
                break;
            case EXTI2:
                switch(A_EXTI_SENSE_MODE)
    17b0:	8a 81       	ldd	r24, Y+2	; 0x02
    17b2:	28 2f       	mov	r18, r24
    17b4:	30 e0       	ldi	r19, 0x00	; 0
    17b6:	3c 83       	std	Y+4, r19	; 0x04
    17b8:	2b 83       	std	Y+3, r18	; 0x03
    17ba:	8b 81       	ldd	r24, Y+3	; 0x03
    17bc:	9c 81       	ldd	r25, Y+4	; 0x04
    17be:	82 30       	cpi	r24, 0x02	; 2
    17c0:	91 05       	cpc	r25, r1
    17c2:	31 f0       	breq	.+12     	; 0x17d0 <MEXTI_voidConfig+0xb8>
    17c4:	2b 81       	ldd	r18, Y+3	; 0x03
    17c6:	3c 81       	ldd	r19, Y+4	; 0x04
    17c8:	23 30       	cpi	r18, 0x03	; 3
    17ca:	31 05       	cpc	r19, r1
    17cc:	49 f0       	breq	.+18     	; 0x17e0 <MEXTI_voidConfig+0xc8>
    17ce:	0f c0       	rjmp	.+30     	; 0x17ee <MEXTI_voidConfig+0xd6>
                {
                    case FALLING_EDGE: CLR_BIT(MCUCSR, EXTI2_SENSE_MODE_BITS); break;
    17d0:	a4 e5       	ldi	r26, 0x54	; 84
    17d2:	b0 e0       	ldi	r27, 0x00	; 0
    17d4:	e4 e5       	ldi	r30, 0x54	; 84
    17d6:	f0 e0       	ldi	r31, 0x00	; 0
    17d8:	80 81       	ld	r24, Z
    17da:	8f 7b       	andi	r24, 0xBF	; 191
    17dc:	8c 93       	st	X, r24
    17de:	07 c0       	rjmp	.+14     	; 0x17ee <MEXTI_voidConfig+0xd6>
                    case RISING_EDGE:  SET_BIT(MCUCSR, EXTI2_SENSE_MODE_BITS); break;
    17e0:	a4 e5       	ldi	r26, 0x54	; 84
    17e2:	b0 e0       	ldi	r27, 0x00	; 0
    17e4:	e4 e5       	ldi	r30, 0x54	; 84
    17e6:	f0 e0       	ldi	r31, 0x00	; 0
    17e8:	80 81       	ld	r24, Z
    17ea:	80 64       	ori	r24, 0x40	; 64
    17ec:	8c 93       	st	X, r24

                }
                break;
        }
    }
}
    17ee:	26 96       	adiw	r28, 0x06	; 6
    17f0:	0f b6       	in	r0, 0x3f	; 63
    17f2:	f8 94       	cli
    17f4:	de bf       	out	0x3e, r29	; 62
    17f6:	0f be       	out	0x3f, r0	; 63
    17f8:	cd bf       	out	0x3d, r28	; 61
    17fa:	cf 91       	pop	r28
    17fc:	df 91       	pop	r29
    17fe:	08 95       	ret

00001800 <MEXTI_voidEnable>:

void MEXTI_voidEnable(EXTI_ID A_EXTI_ID)
{
    1800:	df 93       	push	r29
    1802:	cf 93       	push	r28
    1804:	00 d0       	rcall	.+0      	; 0x1806 <MEXTI_voidEnable+0x6>
    1806:	0f 92       	push	r0
    1808:	cd b7       	in	r28, 0x3d	; 61
    180a:	de b7       	in	r29, 0x3e	; 62
    180c:	89 83       	std	Y+1, r24	; 0x01
    switch (A_EXTI_ID)
    180e:	89 81       	ldd	r24, Y+1	; 0x01
    1810:	28 2f       	mov	r18, r24
    1812:	30 e0       	ldi	r19, 0x00	; 0
    1814:	3b 83       	std	Y+3, r19	; 0x03
    1816:	2a 83       	std	Y+2, r18	; 0x02
    1818:	8a 81       	ldd	r24, Y+2	; 0x02
    181a:	9b 81       	ldd	r25, Y+3	; 0x03
    181c:	81 30       	cpi	r24, 0x01	; 1
    181e:	91 05       	cpc	r25, r1
    1820:	89 f0       	breq	.+34     	; 0x1844 <MEXTI_voidEnable+0x44>
    1822:	2a 81       	ldd	r18, Y+2	; 0x02
    1824:	3b 81       	ldd	r19, Y+3	; 0x03
    1826:	22 30       	cpi	r18, 0x02	; 2
    1828:	31 05       	cpc	r19, r1
    182a:	a1 f0       	breq	.+40     	; 0x1854 <MEXTI_voidEnable+0x54>
    182c:	8a 81       	ldd	r24, Y+2	; 0x02
    182e:	9b 81       	ldd	r25, Y+3	; 0x03
    1830:	00 97       	sbiw	r24, 0x00	; 0
    1832:	b9 f4       	brne	.+46     	; 0x1862 <MEXTI_voidEnable+0x62>
    {
        case EXTI0: SET_BIT(GICR, EXTI0_ENABLE_BIT); break;
    1834:	ab e5       	ldi	r26, 0x5B	; 91
    1836:	b0 e0       	ldi	r27, 0x00	; 0
    1838:	eb e5       	ldi	r30, 0x5B	; 91
    183a:	f0 e0       	ldi	r31, 0x00	; 0
    183c:	80 81       	ld	r24, Z
    183e:	80 64       	ori	r24, 0x40	; 64
    1840:	8c 93       	st	X, r24
    1842:	0f c0       	rjmp	.+30     	; 0x1862 <MEXTI_voidEnable+0x62>
        case EXTI1: SET_BIT(GICR, EXTI1_ENABLE_BIT); break;
    1844:	ab e5       	ldi	r26, 0x5B	; 91
    1846:	b0 e0       	ldi	r27, 0x00	; 0
    1848:	eb e5       	ldi	r30, 0x5B	; 91
    184a:	f0 e0       	ldi	r31, 0x00	; 0
    184c:	80 81       	ld	r24, Z
    184e:	80 68       	ori	r24, 0x80	; 128
    1850:	8c 93       	st	X, r24
    1852:	07 c0       	rjmp	.+14     	; 0x1862 <MEXTI_voidEnable+0x62>
        case EXTI2: SET_BIT(GICR, EXTI2_ENABLE_BIT); break;
    1854:	ab e5       	ldi	r26, 0x5B	; 91
    1856:	b0 e0       	ldi	r27, 0x00	; 0
    1858:	eb e5       	ldi	r30, 0x5B	; 91
    185a:	f0 e0       	ldi	r31, 0x00	; 0
    185c:	80 81       	ld	r24, Z
    185e:	80 62       	ori	r24, 0x20	; 32
    1860:	8c 93       	st	X, r24
        default: break;
    }
}
    1862:	0f 90       	pop	r0
    1864:	0f 90       	pop	r0
    1866:	0f 90       	pop	r0
    1868:	cf 91       	pop	r28
    186a:	df 91       	pop	r29
    186c:	08 95       	ret

0000186e <MEXTI_voidDisable>:

void MEXTI_voidDisable(EXTI_ID A_EXTI_ID)
{
    186e:	df 93       	push	r29
    1870:	cf 93       	push	r28
    1872:	00 d0       	rcall	.+0      	; 0x1874 <MEXTI_voidDisable+0x6>
    1874:	0f 92       	push	r0
    1876:	cd b7       	in	r28, 0x3d	; 61
    1878:	de b7       	in	r29, 0x3e	; 62
    187a:	89 83       	std	Y+1, r24	; 0x01
    switch (A_EXTI_ID)
    187c:	89 81       	ldd	r24, Y+1	; 0x01
    187e:	28 2f       	mov	r18, r24
    1880:	30 e0       	ldi	r19, 0x00	; 0
    1882:	3b 83       	std	Y+3, r19	; 0x03
    1884:	2a 83       	std	Y+2, r18	; 0x02
    1886:	8a 81       	ldd	r24, Y+2	; 0x02
    1888:	9b 81       	ldd	r25, Y+3	; 0x03
    188a:	81 30       	cpi	r24, 0x01	; 1
    188c:	91 05       	cpc	r25, r1
    188e:	89 f0       	breq	.+34     	; 0x18b2 <MEXTI_voidDisable+0x44>
    1890:	2a 81       	ldd	r18, Y+2	; 0x02
    1892:	3b 81       	ldd	r19, Y+3	; 0x03
    1894:	22 30       	cpi	r18, 0x02	; 2
    1896:	31 05       	cpc	r19, r1
    1898:	a1 f0       	breq	.+40     	; 0x18c2 <MEXTI_voidDisable+0x54>
    189a:	8a 81       	ldd	r24, Y+2	; 0x02
    189c:	9b 81       	ldd	r25, Y+3	; 0x03
    189e:	00 97       	sbiw	r24, 0x00	; 0
    18a0:	b9 f4       	brne	.+46     	; 0x18d0 <MEXTI_voidDisable+0x62>
    {
        case EXTI0: CLR_BIT(GICR, EXTI0_ENABLE_BIT); break;
    18a2:	ab e5       	ldi	r26, 0x5B	; 91
    18a4:	b0 e0       	ldi	r27, 0x00	; 0
    18a6:	eb e5       	ldi	r30, 0x5B	; 91
    18a8:	f0 e0       	ldi	r31, 0x00	; 0
    18aa:	80 81       	ld	r24, Z
    18ac:	8f 7b       	andi	r24, 0xBF	; 191
    18ae:	8c 93       	st	X, r24
    18b0:	0f c0       	rjmp	.+30     	; 0x18d0 <MEXTI_voidDisable+0x62>
        case EXTI1: CLR_BIT(GICR, EXTI1_ENABLE_BIT); break;
    18b2:	ab e5       	ldi	r26, 0x5B	; 91
    18b4:	b0 e0       	ldi	r27, 0x00	; 0
    18b6:	eb e5       	ldi	r30, 0x5B	; 91
    18b8:	f0 e0       	ldi	r31, 0x00	; 0
    18ba:	80 81       	ld	r24, Z
    18bc:	8f 77       	andi	r24, 0x7F	; 127
    18be:	8c 93       	st	X, r24
    18c0:	07 c0       	rjmp	.+14     	; 0x18d0 <MEXTI_voidDisable+0x62>
        case EXTI2: CLR_BIT(GICR, EXTI2_ENABLE_BIT); break;
    18c2:	ab e5       	ldi	r26, 0x5B	; 91
    18c4:	b0 e0       	ldi	r27, 0x00	; 0
    18c6:	eb e5       	ldi	r30, 0x5B	; 91
    18c8:	f0 e0       	ldi	r31, 0x00	; 0
    18ca:	80 81       	ld	r24, Z
    18cc:	8f 7d       	andi	r24, 0xDF	; 223
    18ce:	8c 93       	st	X, r24
        default: break;
    }
}
    18d0:	0f 90       	pop	r0
    18d2:	0f 90       	pop	r0
    18d4:	0f 90       	pop	r0
    18d6:	cf 91       	pop	r28
    18d8:	df 91       	pop	r29
    18da:	08 95       	ret

000018dc <MEXTI_voidClearFlag>:

void MEXTI_voidClearFlag (EXTI_ID A_EXTI_ID)
{
    18dc:	df 93       	push	r29
    18de:	cf 93       	push	r28
    18e0:	00 d0       	rcall	.+0      	; 0x18e2 <MEXTI_voidClearFlag+0x6>
    18e2:	0f 92       	push	r0
    18e4:	cd b7       	in	r28, 0x3d	; 61
    18e6:	de b7       	in	r29, 0x3e	; 62
    18e8:	89 83       	std	Y+1, r24	; 0x01
    switch (A_EXTI_ID)
    18ea:	89 81       	ldd	r24, Y+1	; 0x01
    18ec:	28 2f       	mov	r18, r24
    18ee:	30 e0       	ldi	r19, 0x00	; 0
    18f0:	3b 83       	std	Y+3, r19	; 0x03
    18f2:	2a 83       	std	Y+2, r18	; 0x02
    18f4:	8a 81       	ldd	r24, Y+2	; 0x02
    18f6:	9b 81       	ldd	r25, Y+3	; 0x03
    18f8:	81 30       	cpi	r24, 0x01	; 1
    18fa:	91 05       	cpc	r25, r1
    18fc:	89 f0       	breq	.+34     	; 0x1920 <MEXTI_voidClearFlag+0x44>
    18fe:	2a 81       	ldd	r18, Y+2	; 0x02
    1900:	3b 81       	ldd	r19, Y+3	; 0x03
    1902:	22 30       	cpi	r18, 0x02	; 2
    1904:	31 05       	cpc	r19, r1
    1906:	a1 f0       	breq	.+40     	; 0x1930 <MEXTI_voidClearFlag+0x54>
    1908:	8a 81       	ldd	r24, Y+2	; 0x02
    190a:	9b 81       	ldd	r25, Y+3	; 0x03
    190c:	00 97       	sbiw	r24, 0x00	; 0
    190e:	b9 f4       	brne	.+46     	; 0x193e <MEXTI_voidClearFlag+0x62>
    {
        case EXTI0: SET_BIT(GIFR, EXTI0_FLAG_BIT); break;
    1910:	aa e5       	ldi	r26, 0x5A	; 90
    1912:	b0 e0       	ldi	r27, 0x00	; 0
    1914:	ea e5       	ldi	r30, 0x5A	; 90
    1916:	f0 e0       	ldi	r31, 0x00	; 0
    1918:	80 81       	ld	r24, Z
    191a:	80 64       	ori	r24, 0x40	; 64
    191c:	8c 93       	st	X, r24
    191e:	0f c0       	rjmp	.+30     	; 0x193e <MEXTI_voidClearFlag+0x62>
        case EXTI1: SET_BIT(GIFR, EXTI1_FLAG_BIT); break;
    1920:	aa e5       	ldi	r26, 0x5A	; 90
    1922:	b0 e0       	ldi	r27, 0x00	; 0
    1924:	ea e5       	ldi	r30, 0x5A	; 90
    1926:	f0 e0       	ldi	r31, 0x00	; 0
    1928:	80 81       	ld	r24, Z
    192a:	80 68       	ori	r24, 0x80	; 128
    192c:	8c 93       	st	X, r24
    192e:	07 c0       	rjmp	.+14     	; 0x193e <MEXTI_voidClearFlag+0x62>
        case EXTI2: SET_BIT(GIFR, EXTI2_FLAG_BIT); break;
    1930:	aa e5       	ldi	r26, 0x5A	; 90
    1932:	b0 e0       	ldi	r27, 0x00	; 0
    1934:	ea e5       	ldi	r30, 0x5A	; 90
    1936:	f0 e0       	ldi	r31, 0x00	; 0
    1938:	80 81       	ld	r24, Z
    193a:	80 62       	ori	r24, 0x20	; 32
    193c:	8c 93       	st	X, r24
        default: break;
    }
}
    193e:	0f 90       	pop	r0
    1940:	0f 90       	pop	r0
    1942:	0f 90       	pop	r0
    1944:	cf 91       	pop	r28
    1946:	df 91       	pop	r29
    1948:	08 95       	ret

0000194a <MEXTI_voidSetCallBack>:

void MEXTI_voidSetCallBack (EXTI_ID A_EXTI_ID, void(*ptrToFunc)(void))
{
    194a:	df 93       	push	r29
    194c:	cf 93       	push	r28
    194e:	00 d0       	rcall	.+0      	; 0x1950 <MEXTI_voidSetCallBack+0x6>
    1950:	00 d0       	rcall	.+0      	; 0x1952 <MEXTI_voidSetCallBack+0x8>
    1952:	0f 92       	push	r0
    1954:	cd b7       	in	r28, 0x3d	; 61
    1956:	de b7       	in	r29, 0x3e	; 62
    1958:	89 83       	std	Y+1, r24	; 0x01
    195a:	7b 83       	std	Y+3, r23	; 0x03
    195c:	6a 83       	std	Y+2, r22	; 0x02
    if((A_EXTI_ID <= EXTI2) && (ptrToFunc!= NULL))
    195e:	89 81       	ldd	r24, Y+1	; 0x01
    1960:	83 30       	cpi	r24, 0x03	; 3
    1962:	58 f5       	brcc	.+86     	; 0x19ba <MEXTI_voidSetCallBack+0x70>
    1964:	8a 81       	ldd	r24, Y+2	; 0x02
    1966:	9b 81       	ldd	r25, Y+3	; 0x03
    1968:	00 97       	sbiw	r24, 0x00	; 0
    196a:	39 f1       	breq	.+78     	; 0x19ba <MEXTI_voidSetCallBack+0x70>
    {
        switch(A_EXTI_ID)
    196c:	89 81       	ldd	r24, Y+1	; 0x01
    196e:	28 2f       	mov	r18, r24
    1970:	30 e0       	ldi	r19, 0x00	; 0
    1972:	3d 83       	std	Y+5, r19	; 0x05
    1974:	2c 83       	std	Y+4, r18	; 0x04
    1976:	8c 81       	ldd	r24, Y+4	; 0x04
    1978:	9d 81       	ldd	r25, Y+5	; 0x05
    197a:	81 30       	cpi	r24, 0x01	; 1
    197c:	91 05       	cpc	r25, r1
    197e:	81 f0       	breq	.+32     	; 0x19a0 <MEXTI_voidSetCallBack+0x56>
    1980:	2c 81       	ldd	r18, Y+4	; 0x04
    1982:	3d 81       	ldd	r19, Y+5	; 0x05
    1984:	22 30       	cpi	r18, 0x02	; 2
    1986:	31 05       	cpc	r19, r1
    1988:	91 f0       	breq	.+36     	; 0x19ae <MEXTI_voidSetCallBack+0x64>
    198a:	8c 81       	ldd	r24, Y+4	; 0x04
    198c:	9d 81       	ldd	r25, Y+5	; 0x05
    198e:	00 97       	sbiw	r24, 0x00	; 0
    1990:	a1 f4       	brne	.+40     	; 0x19ba <MEXTI_voidSetCallBack+0x70>
        {
            case EXTI0: EXTI0_Callback=ptrToFunc; break;
    1992:	8a 81       	ldd	r24, Y+2	; 0x02
    1994:	9b 81       	ldd	r25, Y+3	; 0x03
    1996:	90 93 1d 01 	sts	0x011D, r25
    199a:	80 93 1c 01 	sts	0x011C, r24
    199e:	0d c0       	rjmp	.+26     	; 0x19ba <MEXTI_voidSetCallBack+0x70>
            case EXTI1: EXTI1_Callback=ptrToFunc; break;
    19a0:	8a 81       	ldd	r24, Y+2	; 0x02
    19a2:	9b 81       	ldd	r25, Y+3	; 0x03
    19a4:	90 93 1f 01 	sts	0x011F, r25
    19a8:	80 93 1e 01 	sts	0x011E, r24
    19ac:	06 c0       	rjmp	.+12     	; 0x19ba <MEXTI_voidSetCallBack+0x70>
            case EXTI2: EXTI2_Callback=ptrToFunc; break;
    19ae:	8a 81       	ldd	r24, Y+2	; 0x02
    19b0:	9b 81       	ldd	r25, Y+3	; 0x03
    19b2:	90 93 21 01 	sts	0x0121, r25
    19b6:	80 93 20 01 	sts	0x0120, r24
        }
    }
}
    19ba:	0f 90       	pop	r0
    19bc:	0f 90       	pop	r0
    19be:	0f 90       	pop	r0
    19c0:	0f 90       	pop	r0
    19c2:	0f 90       	pop	r0
    19c4:	cf 91       	pop	r28
    19c6:	df 91       	pop	r29
    19c8:	08 95       	ret

000019ca <__vector_1>:

void __vector_1(void) __attribute__((signal));
void __vector_1(void)
{
    19ca:	1f 92       	push	r1
    19cc:	0f 92       	push	r0
    19ce:	0f b6       	in	r0, 0x3f	; 63
    19d0:	0f 92       	push	r0
    19d2:	11 24       	eor	r1, r1
    19d4:	2f 93       	push	r18
    19d6:	3f 93       	push	r19
    19d8:	4f 93       	push	r20
    19da:	5f 93       	push	r21
    19dc:	6f 93       	push	r22
    19de:	7f 93       	push	r23
    19e0:	8f 93       	push	r24
    19e2:	9f 93       	push	r25
    19e4:	af 93       	push	r26
    19e6:	bf 93       	push	r27
    19e8:	ef 93       	push	r30
    19ea:	ff 93       	push	r31
    19ec:	df 93       	push	r29
    19ee:	cf 93       	push	r28
    19f0:	cd b7       	in	r28, 0x3d	; 61
    19f2:	de b7       	in	r29, 0x3e	; 62
    if(EXTI0_Callback != NULL)
    19f4:	80 91 1c 01 	lds	r24, 0x011C
    19f8:	90 91 1d 01 	lds	r25, 0x011D
    19fc:	00 97       	sbiw	r24, 0x00	; 0
    19fe:	29 f0       	breq	.+10     	; 0x1a0a <__vector_1+0x40>
    {
        EXTI0_Callback();
    1a00:	e0 91 1c 01 	lds	r30, 0x011C
    1a04:	f0 91 1d 01 	lds	r31, 0x011D
    1a08:	09 95       	icall
    }
}
    1a0a:	cf 91       	pop	r28
    1a0c:	df 91       	pop	r29
    1a0e:	ff 91       	pop	r31
    1a10:	ef 91       	pop	r30
    1a12:	bf 91       	pop	r27
    1a14:	af 91       	pop	r26
    1a16:	9f 91       	pop	r25
    1a18:	8f 91       	pop	r24
    1a1a:	7f 91       	pop	r23
    1a1c:	6f 91       	pop	r22
    1a1e:	5f 91       	pop	r21
    1a20:	4f 91       	pop	r20
    1a22:	3f 91       	pop	r19
    1a24:	2f 91       	pop	r18
    1a26:	0f 90       	pop	r0
    1a28:	0f be       	out	0x3f, r0	; 63
    1a2a:	0f 90       	pop	r0
    1a2c:	1f 90       	pop	r1
    1a2e:	18 95       	reti

00001a30 <__vector_2>:

void __vector_2(void) __attribute__((signal));
void __vector_2(void)
{
    1a30:	1f 92       	push	r1
    1a32:	0f 92       	push	r0
    1a34:	0f b6       	in	r0, 0x3f	; 63
    1a36:	0f 92       	push	r0
    1a38:	11 24       	eor	r1, r1
    1a3a:	2f 93       	push	r18
    1a3c:	3f 93       	push	r19
    1a3e:	4f 93       	push	r20
    1a40:	5f 93       	push	r21
    1a42:	6f 93       	push	r22
    1a44:	7f 93       	push	r23
    1a46:	8f 93       	push	r24
    1a48:	9f 93       	push	r25
    1a4a:	af 93       	push	r26
    1a4c:	bf 93       	push	r27
    1a4e:	ef 93       	push	r30
    1a50:	ff 93       	push	r31
    1a52:	df 93       	push	r29
    1a54:	cf 93       	push	r28
    1a56:	cd b7       	in	r28, 0x3d	; 61
    1a58:	de b7       	in	r29, 0x3e	; 62
    if(EXTI1_Callback != NULL)
    1a5a:	80 91 1e 01 	lds	r24, 0x011E
    1a5e:	90 91 1f 01 	lds	r25, 0x011F
    1a62:	00 97       	sbiw	r24, 0x00	; 0
    1a64:	29 f0       	breq	.+10     	; 0x1a70 <__vector_2+0x40>
    {
        EXTI1_Callback();
    1a66:	e0 91 1e 01 	lds	r30, 0x011E
    1a6a:	f0 91 1f 01 	lds	r31, 0x011F
    1a6e:	09 95       	icall
    }
}
    1a70:	cf 91       	pop	r28
    1a72:	df 91       	pop	r29
    1a74:	ff 91       	pop	r31
    1a76:	ef 91       	pop	r30
    1a78:	bf 91       	pop	r27
    1a7a:	af 91       	pop	r26
    1a7c:	9f 91       	pop	r25
    1a7e:	8f 91       	pop	r24
    1a80:	7f 91       	pop	r23
    1a82:	6f 91       	pop	r22
    1a84:	5f 91       	pop	r21
    1a86:	4f 91       	pop	r20
    1a88:	3f 91       	pop	r19
    1a8a:	2f 91       	pop	r18
    1a8c:	0f 90       	pop	r0
    1a8e:	0f be       	out	0x3f, r0	; 63
    1a90:	0f 90       	pop	r0
    1a92:	1f 90       	pop	r1
    1a94:	18 95       	reti

00001a96 <__vector_3>:

void __vector_3(void) __attribute__((signal));
void __vector_3(void)
{
    1a96:	1f 92       	push	r1
    1a98:	0f 92       	push	r0
    1a9a:	0f b6       	in	r0, 0x3f	; 63
    1a9c:	0f 92       	push	r0
    1a9e:	11 24       	eor	r1, r1
    1aa0:	2f 93       	push	r18
    1aa2:	3f 93       	push	r19
    1aa4:	4f 93       	push	r20
    1aa6:	5f 93       	push	r21
    1aa8:	6f 93       	push	r22
    1aaa:	7f 93       	push	r23
    1aac:	8f 93       	push	r24
    1aae:	9f 93       	push	r25
    1ab0:	af 93       	push	r26
    1ab2:	bf 93       	push	r27
    1ab4:	ef 93       	push	r30
    1ab6:	ff 93       	push	r31
    1ab8:	df 93       	push	r29
    1aba:	cf 93       	push	r28
    1abc:	cd b7       	in	r28, 0x3d	; 61
    1abe:	de b7       	in	r29, 0x3e	; 62
    if(EXTI2_Callback != NULL)
    1ac0:	80 91 20 01 	lds	r24, 0x0120
    1ac4:	90 91 21 01 	lds	r25, 0x0121
    1ac8:	00 97       	sbiw	r24, 0x00	; 0
    1aca:	29 f0       	breq	.+10     	; 0x1ad6 <__vector_3+0x40>
    {
        EXTI2_Callback();
    1acc:	e0 91 20 01 	lds	r30, 0x0120
    1ad0:	f0 91 21 01 	lds	r31, 0x0121
    1ad4:	09 95       	icall
    }
}
    1ad6:	cf 91       	pop	r28
    1ad8:	df 91       	pop	r29
    1ada:	ff 91       	pop	r31
    1adc:	ef 91       	pop	r30
    1ade:	bf 91       	pop	r27
    1ae0:	af 91       	pop	r26
    1ae2:	9f 91       	pop	r25
    1ae4:	8f 91       	pop	r24
    1ae6:	7f 91       	pop	r23
    1ae8:	6f 91       	pop	r22
    1aea:	5f 91       	pop	r21
    1aec:	4f 91       	pop	r20
    1aee:	3f 91       	pop	r19
    1af0:	2f 91       	pop	r18
    1af2:	0f 90       	pop	r0
    1af4:	0f be       	out	0x3f, r0	; 63
    1af6:	0f 90       	pop	r0
    1af8:	1f 90       	pop	r1
    1afa:	18 95       	reti

00001afc <HGLUCOSE_voidInit>:
#include "../INCLUDE/HAL/GLUCOSE_SENSOR/GLUCOSE_CFG.h"
#include "../INCLUDE/HAL/GLUCOSE_SENSOR/GLUCOSE_PRIVATE.h"


void HGLUCOSE_voidInit(void)
{
    1afc:	df 93       	push	r29
    1afe:	cf 93       	push	r28
    1b00:	cd b7       	in	r28, 0x3d	; 61
    1b02:	de b7       	in	r29, 0x3e	; 62
    MADC_voidInit();
    1b04:	0e 94 4f 06 	call	0xc9e	; 0xc9e <MADC_voidInit>
}
    1b08:	cf 91       	pop	r28
    1b0a:	df 91       	pop	r29
    1b0c:	08 95       	ret

00001b0e <HGLUCOSE_u16GetGlucoseValue>:


u16 HGLUCOSE_u16GetGlucoseValue(void)
{
    1b0e:	df 93       	push	r29
    1b10:	cf 93       	push	r28
    1b12:	00 d0       	rcall	.+0      	; 0x1b14 <HGLUCOSE_u16GetGlucoseValue+0x6>
    1b14:	00 d0       	rcall	.+0      	; 0x1b16 <HGLUCOSE_u16GetGlucoseValue+0x8>
    1b16:	cd b7       	in	r28, 0x3d	; 61
    1b18:	de b7       	in	r29, 0x3e	; 62
    u16 Local_u16ADCValue;
    u16 Local_u16GlucoseValue;

    Local_u16ADCValue = MADC_u16GetDigitalValue(GLUCOSE_SENSOR_ADC_CHANNEL);
    1b1a:	80 e0       	ldi	r24, 0x00	; 0
    1b1c:	0e 94 95 06 	call	0xd2a	; 0xd2a <MADC_u16GetDigitalValue>
    1b20:	9c 83       	std	Y+4, r25	; 0x04
    1b22:	8b 83       	std	Y+3, r24	; 0x03

    Local_u16GlucoseValue = GLUCOSE_SENSOR_MAP(Local_u16ADCValue);
    1b24:	2b 81       	ldd	r18, Y+3	; 0x03
    1b26:	3c 81       	ldd	r19, Y+4	; 0x04
    1b28:	88 e6       	ldi	r24, 0x68	; 104
    1b2a:	91 e0       	ldi	r25, 0x01	; 1
    1b2c:	ac 01       	movw	r20, r24
    1b2e:	24 9f       	mul	r18, r20
    1b30:	c0 01       	movw	r24, r0
    1b32:	25 9f       	mul	r18, r21
    1b34:	90 0d       	add	r25, r0
    1b36:	34 9f       	mul	r19, r20
    1b38:	90 0d       	add	r25, r0
    1b3a:	11 24       	eor	r1, r1
    1b3c:	2f ef       	ldi	r18, 0xFF	; 255
    1b3e:	33 e0       	ldi	r19, 0x03	; 3
    1b40:	b9 01       	movw	r22, r18
    1b42:	0e 94 e3 1b 	call	0x37c6	; 0x37c6 <__udivmodhi4>
    1b46:	cb 01       	movw	r24, r22
    1b48:	88 96       	adiw	r24, 0x28	; 40
    1b4a:	9a 83       	std	Y+2, r25	; 0x02
    1b4c:	89 83       	std	Y+1, r24	; 0x01

    return Local_u16GlucoseValue;
    1b4e:	89 81       	ldd	r24, Y+1	; 0x01
    1b50:	9a 81       	ldd	r25, Y+2	; 0x02
}
    1b52:	0f 90       	pop	r0
    1b54:	0f 90       	pop	r0
    1b56:	0f 90       	pop	r0
    1b58:	0f 90       	pop	r0
    1b5a:	cf 91       	pop	r28
    1b5c:	df 91       	pop	r29
    1b5e:	08 95       	ret

00001b60 <MGI_voidEnable>:
#include "../INCLUDE/LIB/STD_TYPES.h"

#include "../INCLUDE/MCAL/GL/GL_INTERFACE.h"
#include "../INCLUDE/MCAL/GL/GL_PRIVATE.h"

void MGI_voidEnable(void) {
    1b60:	df 93       	push	r29
    1b62:	cf 93       	push	r28
    1b64:	cd b7       	in	r28, 0x3d	; 61
    1b66:	de b7       	in	r29, 0x3e	; 62
    SET_BIT(SREG , GLOBAL_INTERRUPT_ENABLE_BIT);
    1b68:	af e5       	ldi	r26, 0x5F	; 95
    1b6a:	b0 e0       	ldi	r27, 0x00	; 0
    1b6c:	ef e5       	ldi	r30, 0x5F	; 95
    1b6e:	f0 e0       	ldi	r31, 0x00	; 0
    1b70:	80 81       	ld	r24, Z
    1b72:	80 68       	ori	r24, 0x80	; 128
    1b74:	8c 93       	st	X, r24
}
    1b76:	cf 91       	pop	r28
    1b78:	df 91       	pop	r29
    1b7a:	08 95       	ret

00001b7c <MGI_voidDisable>:

void MGI_voidDisable(void) {
    1b7c:	df 93       	push	r29
    1b7e:	cf 93       	push	r28
    1b80:	cd b7       	in	r28, 0x3d	; 61
    1b82:	de b7       	in	r29, 0x3e	; 62
    CLR_BIT(SREG , GLOBAL_INTERRUPT_ENABLE_BIT);
    1b84:	af e5       	ldi	r26, 0x5F	; 95
    1b86:	b0 e0       	ldi	r27, 0x00	; 0
    1b88:	ef e5       	ldi	r30, 0x5F	; 95
    1b8a:	f0 e0       	ldi	r31, 0x00	; 0
    1b8c:	80 81       	ld	r24, Z
    1b8e:	8f 77       	andi	r24, 0x7F	; 127
    1b90:	8c 93       	st	X, r24
}
    1b92:	cf 91       	pop	r28
    1b94:	df 91       	pop	r29
    1b96:	08 95       	ret

00001b98 <HLCD_voidSendEnablePulse>:

#include "../INCLUDE/HAL/LCD/LCD_INTERFACE.h"
#include "../INCLUDE/HAL/LCD/LCD_PRIVATE.h"
#include "../INCLUDE/HAL/LCD/LCD_CFG.h"

static void HLCD_voidSendEnablePulse(void) {
    1b98:	df 93       	push	r29
    1b9a:	cf 93       	push	r28
    1b9c:	cd b7       	in	r28, 0x3d	; 61
    1b9e:	de b7       	in	r29, 0x3e	; 62
    1ba0:	6c 97       	sbiw	r28, 0x1c	; 28
    1ba2:	0f b6       	in	r0, 0x3f	; 63
    1ba4:	f8 94       	cli
    1ba6:	de bf       	out	0x3e, r29	; 62
    1ba8:	0f be       	out	0x3f, r0	; 63
    1baa:	cd bf       	out	0x3d, r28	; 61
    MDIO_voidSetPinValue(LCD_CONTROL_PORT, LCD_E_PIN, DIO_HIGH);
    1bac:	80 e0       	ldi	r24, 0x00	; 0
    1bae:	63 e0       	ldi	r22, 0x03	; 3
    1bb0:	41 e0       	ldi	r20, 0x01	; 1
    1bb2:	0e 94 57 08 	call	0x10ae	; 0x10ae <MDIO_voidSetPinValue>
    1bb6:	80 e0       	ldi	r24, 0x00	; 0
    1bb8:	90 e0       	ldi	r25, 0x00	; 0
    1bba:	a0 e0       	ldi	r26, 0x00	; 0
    1bbc:	b0 e4       	ldi	r27, 0x40	; 64
    1bbe:	89 8f       	std	Y+25, r24	; 0x19
    1bc0:	9a 8f       	std	Y+26, r25	; 0x1a
    1bc2:	ab 8f       	std	Y+27, r26	; 0x1b
    1bc4:	bc 8f       	std	Y+28, r27	; 0x1c
 */
void
_delay_ms(double __ms)
{
	uint16_t __ticks;
	double __tmp = ((F_CPU) / 4e3) * __ms;
    1bc6:	69 8d       	ldd	r22, Y+25	; 0x19
    1bc8:	7a 8d       	ldd	r23, Y+26	; 0x1a
    1bca:	8b 8d       	ldd	r24, Y+27	; 0x1b
    1bcc:	9c 8d       	ldd	r25, Y+28	; 0x1c
    1bce:	20 e0       	ldi	r18, 0x00	; 0
    1bd0:	30 e0       	ldi	r19, 0x00	; 0
    1bd2:	4a e7       	ldi	r20, 0x7A	; 122
    1bd4:	55 e4       	ldi	r21, 0x45	; 69
    1bd6:	0e 94 1f 02 	call	0x43e	; 0x43e <__mulsf3>
    1bda:	dc 01       	movw	r26, r24
    1bdc:	cb 01       	movw	r24, r22
    1bde:	8d 8b       	std	Y+21, r24	; 0x15
    1be0:	9e 8b       	std	Y+22, r25	; 0x16
    1be2:	af 8b       	std	Y+23, r26	; 0x17
    1be4:	b8 8f       	std	Y+24, r27	; 0x18
	if (__tmp < 1.0)
    1be6:	6d 89       	ldd	r22, Y+21	; 0x15
    1be8:	7e 89       	ldd	r23, Y+22	; 0x16
    1bea:	8f 89       	ldd	r24, Y+23	; 0x17
    1bec:	98 8d       	ldd	r25, Y+24	; 0x18
    1bee:	20 e0       	ldi	r18, 0x00	; 0
    1bf0:	30 e0       	ldi	r19, 0x00	; 0
    1bf2:	40 e8       	ldi	r20, 0x80	; 128
    1bf4:	5f e3       	ldi	r21, 0x3F	; 63
    1bf6:	0e 94 25 04 	call	0x84a	; 0x84a <__ltsf2>
    1bfa:	88 23       	and	r24, r24
    1bfc:	2c f4       	brge	.+10     	; 0x1c08 <HLCD_voidSendEnablePulse+0x70>
		__ticks = 1;
    1bfe:	81 e0       	ldi	r24, 0x01	; 1
    1c00:	90 e0       	ldi	r25, 0x00	; 0
    1c02:	9c 8b       	std	Y+20, r25	; 0x14
    1c04:	8b 8b       	std	Y+19, r24	; 0x13
    1c06:	3f c0       	rjmp	.+126    	; 0x1c86 <HLCD_voidSendEnablePulse+0xee>
	else if (__tmp > 65535)
    1c08:	6d 89       	ldd	r22, Y+21	; 0x15
    1c0a:	7e 89       	ldd	r23, Y+22	; 0x16
    1c0c:	8f 89       	ldd	r24, Y+23	; 0x17
    1c0e:	98 8d       	ldd	r25, Y+24	; 0x18
    1c10:	20 e0       	ldi	r18, 0x00	; 0
    1c12:	3f ef       	ldi	r19, 0xFF	; 255
    1c14:	4f e7       	ldi	r20, 0x7F	; 127
    1c16:	57 e4       	ldi	r21, 0x47	; 71
    1c18:	0e 94 c5 03 	call	0x78a	; 0x78a <__gtsf2>
    1c1c:	18 16       	cp	r1, r24
    1c1e:	4c f5       	brge	.+82     	; 0x1c72 <HLCD_voidSendEnablePulse+0xda>
	{
		//	__ticks = requested delay in 1/10 ms
		__ticks = (uint16_t) (__ms * 10.0);
    1c20:	69 8d       	ldd	r22, Y+25	; 0x19
    1c22:	7a 8d       	ldd	r23, Y+26	; 0x1a
    1c24:	8b 8d       	ldd	r24, Y+27	; 0x1b
    1c26:	9c 8d       	ldd	r25, Y+28	; 0x1c
    1c28:	20 e0       	ldi	r18, 0x00	; 0
    1c2a:	30 e0       	ldi	r19, 0x00	; 0
    1c2c:	40 e2       	ldi	r20, 0x20	; 32
    1c2e:	51 e4       	ldi	r21, 0x41	; 65
    1c30:	0e 94 1f 02 	call	0x43e	; 0x43e <__mulsf3>
    1c34:	dc 01       	movw	r26, r24
    1c36:	cb 01       	movw	r24, r22
    1c38:	bc 01       	movw	r22, r24
    1c3a:	cd 01       	movw	r24, r26
    1c3c:	0e 94 49 00 	call	0x92	; 0x92 <__fixunssfsi>
    1c40:	dc 01       	movw	r26, r24
    1c42:	cb 01       	movw	r24, r22
    1c44:	9c 8b       	std	Y+20, r25	; 0x14
    1c46:	8b 8b       	std	Y+19, r24	; 0x13
    1c48:	0f c0       	rjmp	.+30     	; 0x1c68 <HLCD_voidSendEnablePulse+0xd0>
    1c4a:	80 e9       	ldi	r24, 0x90	; 144
    1c4c:	91 e0       	ldi	r25, 0x01	; 1
    1c4e:	9a 8b       	std	Y+18, r25	; 0x12
    1c50:	89 8b       	std	Y+17, r24	; 0x11
    milliseconds can be achieved.
 */
void
_delay_loop_2(uint16_t __count)
{
	__asm__ volatile (
    1c52:	89 89       	ldd	r24, Y+17	; 0x11
    1c54:	9a 89       	ldd	r25, Y+18	; 0x12
    1c56:	01 97       	sbiw	r24, 0x01	; 1
    1c58:	f1 f7       	brne	.-4      	; 0x1c56 <HLCD_voidSendEnablePulse+0xbe>
    1c5a:	9a 8b       	std	Y+18, r25	; 0x12
    1c5c:	89 8b       	std	Y+17, r24	; 0x11
		while(__ticks)
		{
			// wait 1/10 ms
			_delay_loop_2(((F_CPU) / 4e3) / 10);
			__ticks --;
    1c5e:	8b 89       	ldd	r24, Y+19	; 0x13
    1c60:	9c 89       	ldd	r25, Y+20	; 0x14
    1c62:	01 97       	sbiw	r24, 0x01	; 1
    1c64:	9c 8b       	std	Y+20, r25	; 0x14
    1c66:	8b 8b       	std	Y+19, r24	; 0x13
		__ticks = 1;
	else if (__tmp > 65535)
	{
		//	__ticks = requested delay in 1/10 ms
		__ticks = (uint16_t) (__ms * 10.0);
		while(__ticks)
    1c68:	8b 89       	ldd	r24, Y+19	; 0x13
    1c6a:	9c 89       	ldd	r25, Y+20	; 0x14
    1c6c:	00 97       	sbiw	r24, 0x00	; 0
    1c6e:	69 f7       	brne	.-38     	; 0x1c4a <HLCD_voidSendEnablePulse+0xb2>
    1c70:	14 c0       	rjmp	.+40     	; 0x1c9a <HLCD_voidSendEnablePulse+0x102>
			__ticks --;
		}
		return;
	}
	else
		__ticks = (uint16_t)__tmp;
    1c72:	6d 89       	ldd	r22, Y+21	; 0x15
    1c74:	7e 89       	ldd	r23, Y+22	; 0x16
    1c76:	8f 89       	ldd	r24, Y+23	; 0x17
    1c78:	98 8d       	ldd	r25, Y+24	; 0x18
    1c7a:	0e 94 49 00 	call	0x92	; 0x92 <__fixunssfsi>
    1c7e:	dc 01       	movw	r26, r24
    1c80:	cb 01       	movw	r24, r22
    1c82:	9c 8b       	std	Y+20, r25	; 0x14
    1c84:	8b 8b       	std	Y+19, r24	; 0x13
    1c86:	8b 89       	ldd	r24, Y+19	; 0x13
    1c88:	9c 89       	ldd	r25, Y+20	; 0x14
    1c8a:	98 8b       	std	Y+16, r25	; 0x10
    1c8c:	8f 87       	std	Y+15, r24	; 0x0f
    1c8e:	8f 85       	ldd	r24, Y+15	; 0x0f
    1c90:	98 89       	ldd	r25, Y+16	; 0x10
    1c92:	01 97       	sbiw	r24, 0x01	; 1
    1c94:	f1 f7       	brne	.-4      	; 0x1c92 <HLCD_voidSendEnablePulse+0xfa>
    1c96:	98 8b       	std	Y+16, r25	; 0x10
    1c98:	8f 87       	std	Y+15, r24	; 0x0f
    _delay_ms(2);
    MDIO_voidSetPinValue(LCD_CONTROL_PORT, LCD_E_PIN, DIO_LOW);
    1c9a:	80 e0       	ldi	r24, 0x00	; 0
    1c9c:	63 e0       	ldi	r22, 0x03	; 3
    1c9e:	40 e0       	ldi	r20, 0x00	; 0
    1ca0:	0e 94 57 08 	call	0x10ae	; 0x10ae <MDIO_voidSetPinValue>
    1ca4:	80 e0       	ldi	r24, 0x00	; 0
    1ca6:	90 e0       	ldi	r25, 0x00	; 0
    1ca8:	a0 e0       	ldi	r26, 0x00	; 0
    1caa:	b0 e4       	ldi	r27, 0x40	; 64
    1cac:	8b 87       	std	Y+11, r24	; 0x0b
    1cae:	9c 87       	std	Y+12, r25	; 0x0c
    1cb0:	ad 87       	std	Y+13, r26	; 0x0d
    1cb2:	be 87       	std	Y+14, r27	; 0x0e
 */
void
_delay_ms(double __ms)
{
	uint16_t __ticks;
	double __tmp = ((F_CPU) / 4e3) * __ms;
    1cb4:	6b 85       	ldd	r22, Y+11	; 0x0b
    1cb6:	7c 85       	ldd	r23, Y+12	; 0x0c
    1cb8:	8d 85       	ldd	r24, Y+13	; 0x0d
    1cba:	9e 85       	ldd	r25, Y+14	; 0x0e
    1cbc:	20 e0       	ldi	r18, 0x00	; 0
    1cbe:	30 e0       	ldi	r19, 0x00	; 0
    1cc0:	4a e7       	ldi	r20, 0x7A	; 122
    1cc2:	55 e4       	ldi	r21, 0x45	; 69
    1cc4:	0e 94 1f 02 	call	0x43e	; 0x43e <__mulsf3>
    1cc8:	dc 01       	movw	r26, r24
    1cca:	cb 01       	movw	r24, r22
    1ccc:	8f 83       	std	Y+7, r24	; 0x07
    1cce:	98 87       	std	Y+8, r25	; 0x08
    1cd0:	a9 87       	std	Y+9, r26	; 0x09
    1cd2:	ba 87       	std	Y+10, r27	; 0x0a
	if (__tmp < 1.0)
    1cd4:	6f 81       	ldd	r22, Y+7	; 0x07
    1cd6:	78 85       	ldd	r23, Y+8	; 0x08
    1cd8:	89 85       	ldd	r24, Y+9	; 0x09
    1cda:	9a 85       	ldd	r25, Y+10	; 0x0a
    1cdc:	20 e0       	ldi	r18, 0x00	; 0
    1cde:	30 e0       	ldi	r19, 0x00	; 0
    1ce0:	40 e8       	ldi	r20, 0x80	; 128
    1ce2:	5f e3       	ldi	r21, 0x3F	; 63
    1ce4:	0e 94 25 04 	call	0x84a	; 0x84a <__ltsf2>
    1ce8:	88 23       	and	r24, r24
    1cea:	2c f4       	brge	.+10     	; 0x1cf6 <HLCD_voidSendEnablePulse+0x15e>
		__ticks = 1;
    1cec:	81 e0       	ldi	r24, 0x01	; 1
    1cee:	90 e0       	ldi	r25, 0x00	; 0
    1cf0:	9e 83       	std	Y+6, r25	; 0x06
    1cf2:	8d 83       	std	Y+5, r24	; 0x05
    1cf4:	3f c0       	rjmp	.+126    	; 0x1d74 <HLCD_voidSendEnablePulse+0x1dc>
	else if (__tmp > 65535)
    1cf6:	6f 81       	ldd	r22, Y+7	; 0x07
    1cf8:	78 85       	ldd	r23, Y+8	; 0x08
    1cfa:	89 85       	ldd	r24, Y+9	; 0x09
    1cfc:	9a 85       	ldd	r25, Y+10	; 0x0a
    1cfe:	20 e0       	ldi	r18, 0x00	; 0
    1d00:	3f ef       	ldi	r19, 0xFF	; 255
    1d02:	4f e7       	ldi	r20, 0x7F	; 127
    1d04:	57 e4       	ldi	r21, 0x47	; 71
    1d06:	0e 94 c5 03 	call	0x78a	; 0x78a <__gtsf2>
    1d0a:	18 16       	cp	r1, r24
    1d0c:	4c f5       	brge	.+82     	; 0x1d60 <HLCD_voidSendEnablePulse+0x1c8>
	{
		//	__ticks = requested delay in 1/10 ms
		__ticks = (uint16_t) (__ms * 10.0);
    1d0e:	6b 85       	ldd	r22, Y+11	; 0x0b
    1d10:	7c 85       	ldd	r23, Y+12	; 0x0c
    1d12:	8d 85       	ldd	r24, Y+13	; 0x0d
    1d14:	9e 85       	ldd	r25, Y+14	; 0x0e
    1d16:	20 e0       	ldi	r18, 0x00	; 0
    1d18:	30 e0       	ldi	r19, 0x00	; 0
    1d1a:	40 e2       	ldi	r20, 0x20	; 32
    1d1c:	51 e4       	ldi	r21, 0x41	; 65
    1d1e:	0e 94 1f 02 	call	0x43e	; 0x43e <__mulsf3>
    1d22:	dc 01       	movw	r26, r24
    1d24:	cb 01       	movw	r24, r22
    1d26:	bc 01       	movw	r22, r24
    1d28:	cd 01       	movw	r24, r26
    1d2a:	0e 94 49 00 	call	0x92	; 0x92 <__fixunssfsi>
    1d2e:	dc 01       	movw	r26, r24
    1d30:	cb 01       	movw	r24, r22
    1d32:	9e 83       	std	Y+6, r25	; 0x06
    1d34:	8d 83       	std	Y+5, r24	; 0x05
    1d36:	0f c0       	rjmp	.+30     	; 0x1d56 <HLCD_voidSendEnablePulse+0x1be>
    1d38:	80 e9       	ldi	r24, 0x90	; 144
    1d3a:	91 e0       	ldi	r25, 0x01	; 1
    1d3c:	9c 83       	std	Y+4, r25	; 0x04
    1d3e:	8b 83       	std	Y+3, r24	; 0x03
    1d40:	8b 81       	ldd	r24, Y+3	; 0x03
    1d42:	9c 81       	ldd	r25, Y+4	; 0x04
    1d44:	01 97       	sbiw	r24, 0x01	; 1
    1d46:	f1 f7       	brne	.-4      	; 0x1d44 <HLCD_voidSendEnablePulse+0x1ac>
    1d48:	9c 83       	std	Y+4, r25	; 0x04
    1d4a:	8b 83       	std	Y+3, r24	; 0x03
		while(__ticks)
		{
			// wait 1/10 ms
			_delay_loop_2(((F_CPU) / 4e3) / 10);
			__ticks --;
    1d4c:	8d 81       	ldd	r24, Y+5	; 0x05
    1d4e:	9e 81       	ldd	r25, Y+6	; 0x06
    1d50:	01 97       	sbiw	r24, 0x01	; 1
    1d52:	9e 83       	std	Y+6, r25	; 0x06
    1d54:	8d 83       	std	Y+5, r24	; 0x05
		__ticks = 1;
	else if (__tmp > 65535)
	{
		//	__ticks = requested delay in 1/10 ms
		__ticks = (uint16_t) (__ms * 10.0);
		while(__ticks)
    1d56:	8d 81       	ldd	r24, Y+5	; 0x05
    1d58:	9e 81       	ldd	r25, Y+6	; 0x06
    1d5a:	00 97       	sbiw	r24, 0x00	; 0
    1d5c:	69 f7       	brne	.-38     	; 0x1d38 <HLCD_voidSendEnablePulse+0x1a0>
    1d5e:	14 c0       	rjmp	.+40     	; 0x1d88 <HLCD_voidSendEnablePulse+0x1f0>
			__ticks --;
		}
		return;
	}
	else
		__ticks = (uint16_t)__tmp;
    1d60:	6f 81       	ldd	r22, Y+7	; 0x07
    1d62:	78 85       	ldd	r23, Y+8	; 0x08
    1d64:	89 85       	ldd	r24, Y+9	; 0x09
    1d66:	9a 85       	ldd	r25, Y+10	; 0x0a
    1d68:	0e 94 49 00 	call	0x92	; 0x92 <__fixunssfsi>
    1d6c:	dc 01       	movw	r26, r24
    1d6e:	cb 01       	movw	r24, r22
    1d70:	9e 83       	std	Y+6, r25	; 0x06
    1d72:	8d 83       	std	Y+5, r24	; 0x05
    1d74:	8d 81       	ldd	r24, Y+5	; 0x05
    1d76:	9e 81       	ldd	r25, Y+6	; 0x06
    1d78:	9a 83       	std	Y+2, r25	; 0x02
    1d7a:	89 83       	std	Y+1, r24	; 0x01
    1d7c:	89 81       	ldd	r24, Y+1	; 0x01
    1d7e:	9a 81       	ldd	r25, Y+2	; 0x02
    1d80:	01 97       	sbiw	r24, 0x01	; 1
    1d82:	f1 f7       	brne	.-4      	; 0x1d80 <HLCD_voidSendEnablePulse+0x1e8>
    1d84:	9a 83       	std	Y+2, r25	; 0x02
    1d86:	89 83       	std	Y+1, r24	; 0x01
    _delay_ms(2);
}
    1d88:	6c 96       	adiw	r28, 0x1c	; 28
    1d8a:	0f b6       	in	r0, 0x3f	; 63
    1d8c:	f8 94       	cli
    1d8e:	de bf       	out	0x3e, r29	; 62
    1d90:	0f be       	out	0x3f, r0	; 63
    1d92:	cd bf       	out	0x3d, r28	; 61
    1d94:	cf 91       	pop	r28
    1d96:	df 91       	pop	r29
    1d98:	08 95       	ret

00001d9a <HLCD_voidWrite4Bits>:

static void HLCD_voidWrite4Bits(u8 copy_u8Data) {
    1d9a:	df 93       	push	r29
    1d9c:	cf 93       	push	r28
    1d9e:	0f 92       	push	r0
    1da0:	cd b7       	in	r28, 0x3d	; 61
    1da2:	de b7       	in	r29, 0x3e	; 62
    1da4:	89 83       	std	Y+1, r24	; 0x01
    MDIO_voidSetPinValue(LCD_DATA_PORT, LCD_D4_PIN, GET_BIT(copy_u8Data, 0));
    1da6:	89 81       	ldd	r24, Y+1	; 0x01
    1da8:	98 2f       	mov	r25, r24
    1daa:	91 70       	andi	r25, 0x01	; 1
    1dac:	80 e0       	ldi	r24, 0x00	; 0
    1dae:	64 e0       	ldi	r22, 0x04	; 4
    1db0:	49 2f       	mov	r20, r25
    1db2:	0e 94 57 08 	call	0x10ae	; 0x10ae <MDIO_voidSetPinValue>
    MDIO_voidSetPinValue(LCD_DATA_PORT, LCD_D5_PIN, GET_BIT(copy_u8Data, 1));
    1db6:	89 81       	ldd	r24, Y+1	; 0x01
    1db8:	86 95       	lsr	r24
    1dba:	98 2f       	mov	r25, r24
    1dbc:	91 70       	andi	r25, 0x01	; 1
    1dbe:	80 e0       	ldi	r24, 0x00	; 0
    1dc0:	65 e0       	ldi	r22, 0x05	; 5
    1dc2:	49 2f       	mov	r20, r25
    1dc4:	0e 94 57 08 	call	0x10ae	; 0x10ae <MDIO_voidSetPinValue>
    MDIO_voidSetPinValue(LCD_DATA_PORT, LCD_D6_PIN, GET_BIT(copy_u8Data, 2));
    1dc8:	89 81       	ldd	r24, Y+1	; 0x01
    1dca:	86 95       	lsr	r24
    1dcc:	86 95       	lsr	r24
    1dce:	98 2f       	mov	r25, r24
    1dd0:	91 70       	andi	r25, 0x01	; 1
    1dd2:	80 e0       	ldi	r24, 0x00	; 0
    1dd4:	66 e0       	ldi	r22, 0x06	; 6
    1dd6:	49 2f       	mov	r20, r25
    1dd8:	0e 94 57 08 	call	0x10ae	; 0x10ae <MDIO_voidSetPinValue>
    MDIO_voidSetPinValue(LCD_DATA_PORT, LCD_D7_PIN, GET_BIT(copy_u8Data, 3));
    1ddc:	89 81       	ldd	r24, Y+1	; 0x01
    1dde:	86 95       	lsr	r24
    1de0:	86 95       	lsr	r24
    1de2:	86 95       	lsr	r24
    1de4:	98 2f       	mov	r25, r24
    1de6:	91 70       	andi	r25, 0x01	; 1
    1de8:	80 e0       	ldi	r24, 0x00	; 0
    1dea:	67 e0       	ldi	r22, 0x07	; 7
    1dec:	49 2f       	mov	r20, r25
    1dee:	0e 94 57 08 	call	0x10ae	; 0x10ae <MDIO_voidSetPinValue>
    HLCD_voidSendEnablePulse();
    1df2:	0e 94 cc 0d 	call	0x1b98	; 0x1b98 <HLCD_voidSendEnablePulse>
}
    1df6:	0f 90       	pop	r0
    1df8:	cf 91       	pop	r28
    1dfa:	df 91       	pop	r29
    1dfc:	08 95       	ret

00001dfe <HLCD_voidInit>:

void HLCD_voidInit(void) {
    1dfe:	0f 93       	push	r16
    1e00:	1f 93       	push	r17
    1e02:	df 93       	push	r29
    1e04:	cf 93       	push	r28
    1e06:	cd b7       	in	r28, 0x3d	; 61
    1e08:	de b7       	in	r29, 0x3e	; 62
    1e0a:	cc 56       	subi	r28, 0x6C	; 108
    1e0c:	d0 40       	sbci	r29, 0x00	; 0
    1e0e:	0f b6       	in	r0, 0x3f	; 63
    1e10:	f8 94       	cli
    1e12:	de bf       	out	0x3e, r29	; 62
    1e14:	0f be       	out	0x3f, r0	; 63
    1e16:	cd bf       	out	0x3d, r28	; 61
    1e18:	fe 01       	movw	r30, r28
    1e1a:	e7 59       	subi	r30, 0x97	; 151
    1e1c:	ff 4f       	sbci	r31, 0xFF	; 255
    1e1e:	80 e0       	ldi	r24, 0x00	; 0
    1e20:	90 e0       	ldi	r25, 0x00	; 0
    1e22:	a0 e2       	ldi	r26, 0x20	; 32
    1e24:	b2 e4       	ldi	r27, 0x42	; 66
    1e26:	80 83       	st	Z, r24
    1e28:	91 83       	std	Z+1, r25	; 0x01
    1e2a:	a2 83       	std	Z+2, r26	; 0x02
    1e2c:	b3 83       	std	Z+3, r27	; 0x03
 */
void
_delay_ms(double __ms)
{
	uint16_t __ticks;
	double __tmp = ((F_CPU) / 4e3) * __ms;
    1e2e:	8e 01       	movw	r16, r28
    1e30:	0b 59       	subi	r16, 0x9B	; 155
    1e32:	1f 4f       	sbci	r17, 0xFF	; 255
    1e34:	fe 01       	movw	r30, r28
    1e36:	e7 59       	subi	r30, 0x97	; 151
    1e38:	ff 4f       	sbci	r31, 0xFF	; 255
    1e3a:	60 81       	ld	r22, Z
    1e3c:	71 81       	ldd	r23, Z+1	; 0x01
    1e3e:	82 81       	ldd	r24, Z+2	; 0x02
    1e40:	93 81       	ldd	r25, Z+3	; 0x03
    1e42:	20 e0       	ldi	r18, 0x00	; 0
    1e44:	30 e0       	ldi	r19, 0x00	; 0
    1e46:	4a e7       	ldi	r20, 0x7A	; 122
    1e48:	55 e4       	ldi	r21, 0x45	; 69
    1e4a:	0e 94 1f 02 	call	0x43e	; 0x43e <__mulsf3>
    1e4e:	dc 01       	movw	r26, r24
    1e50:	cb 01       	movw	r24, r22
    1e52:	f8 01       	movw	r30, r16
    1e54:	80 83       	st	Z, r24
    1e56:	91 83       	std	Z+1, r25	; 0x01
    1e58:	a2 83       	std	Z+2, r26	; 0x02
    1e5a:	b3 83       	std	Z+3, r27	; 0x03
	if (__tmp < 1.0)
    1e5c:	fe 01       	movw	r30, r28
    1e5e:	eb 59       	subi	r30, 0x9B	; 155
    1e60:	ff 4f       	sbci	r31, 0xFF	; 255
    1e62:	60 81       	ld	r22, Z
    1e64:	71 81       	ldd	r23, Z+1	; 0x01
    1e66:	82 81       	ldd	r24, Z+2	; 0x02
    1e68:	93 81       	ldd	r25, Z+3	; 0x03
    1e6a:	20 e0       	ldi	r18, 0x00	; 0
    1e6c:	30 e0       	ldi	r19, 0x00	; 0
    1e6e:	40 e8       	ldi	r20, 0x80	; 128
    1e70:	5f e3       	ldi	r21, 0x3F	; 63
    1e72:	0e 94 25 04 	call	0x84a	; 0x84a <__ltsf2>
    1e76:	88 23       	and	r24, r24
    1e78:	44 f4       	brge	.+16     	; 0x1e8a <HLCD_voidInit+0x8c>
		__ticks = 1;
    1e7a:	fe 01       	movw	r30, r28
    1e7c:	ed 59       	subi	r30, 0x9D	; 157
    1e7e:	ff 4f       	sbci	r31, 0xFF	; 255
    1e80:	81 e0       	ldi	r24, 0x01	; 1
    1e82:	90 e0       	ldi	r25, 0x00	; 0
    1e84:	91 83       	std	Z+1, r25	; 0x01
    1e86:	80 83       	st	Z, r24
    1e88:	64 c0       	rjmp	.+200    	; 0x1f52 <HLCD_voidInit+0x154>
	else if (__tmp > 65535)
    1e8a:	fe 01       	movw	r30, r28
    1e8c:	eb 59       	subi	r30, 0x9B	; 155
    1e8e:	ff 4f       	sbci	r31, 0xFF	; 255
    1e90:	60 81       	ld	r22, Z
    1e92:	71 81       	ldd	r23, Z+1	; 0x01
    1e94:	82 81       	ldd	r24, Z+2	; 0x02
    1e96:	93 81       	ldd	r25, Z+3	; 0x03
    1e98:	20 e0       	ldi	r18, 0x00	; 0
    1e9a:	3f ef       	ldi	r19, 0xFF	; 255
    1e9c:	4f e7       	ldi	r20, 0x7F	; 127
    1e9e:	57 e4       	ldi	r21, 0x47	; 71
    1ea0:	0e 94 c5 03 	call	0x78a	; 0x78a <__gtsf2>
    1ea4:	18 16       	cp	r1, r24
    1ea6:	0c f0       	brlt	.+2      	; 0x1eaa <HLCD_voidInit+0xac>
    1ea8:	43 c0       	rjmp	.+134    	; 0x1f30 <HLCD_voidInit+0x132>
	{
		//	__ticks = requested delay in 1/10 ms
		__ticks = (uint16_t) (__ms * 10.0);
    1eaa:	fe 01       	movw	r30, r28
    1eac:	e7 59       	subi	r30, 0x97	; 151
    1eae:	ff 4f       	sbci	r31, 0xFF	; 255
    1eb0:	60 81       	ld	r22, Z
    1eb2:	71 81       	ldd	r23, Z+1	; 0x01
    1eb4:	82 81       	ldd	r24, Z+2	; 0x02
    1eb6:	93 81       	ldd	r25, Z+3	; 0x03
    1eb8:	20 e0       	ldi	r18, 0x00	; 0
    1eba:	30 e0       	ldi	r19, 0x00	; 0
    1ebc:	40 e2       	ldi	r20, 0x20	; 32
    1ebe:	51 e4       	ldi	r21, 0x41	; 65
    1ec0:	0e 94 1f 02 	call	0x43e	; 0x43e <__mulsf3>
    1ec4:	dc 01       	movw	r26, r24
    1ec6:	cb 01       	movw	r24, r22
    1ec8:	8e 01       	movw	r16, r28
    1eca:	0d 59       	subi	r16, 0x9D	; 157
    1ecc:	1f 4f       	sbci	r17, 0xFF	; 255
    1ece:	bc 01       	movw	r22, r24
    1ed0:	cd 01       	movw	r24, r26
    1ed2:	0e 94 49 00 	call	0x92	; 0x92 <__fixunssfsi>
    1ed6:	dc 01       	movw	r26, r24
    1ed8:	cb 01       	movw	r24, r22
    1eda:	f8 01       	movw	r30, r16
    1edc:	91 83       	std	Z+1, r25	; 0x01
    1ede:	80 83       	st	Z, r24
    1ee0:	1f c0       	rjmp	.+62     	; 0x1f20 <HLCD_voidInit+0x122>
    1ee2:	fe 01       	movw	r30, r28
    1ee4:	ef 59       	subi	r30, 0x9F	; 159
    1ee6:	ff 4f       	sbci	r31, 0xFF	; 255
    1ee8:	80 e9       	ldi	r24, 0x90	; 144
    1eea:	91 e0       	ldi	r25, 0x01	; 1
    1eec:	91 83       	std	Z+1, r25	; 0x01
    1eee:	80 83       	st	Z, r24
    1ef0:	fe 01       	movw	r30, r28
    1ef2:	ef 59       	subi	r30, 0x9F	; 159
    1ef4:	ff 4f       	sbci	r31, 0xFF	; 255
    1ef6:	80 81       	ld	r24, Z
    1ef8:	91 81       	ldd	r25, Z+1	; 0x01
    1efa:	01 97       	sbiw	r24, 0x01	; 1
    1efc:	f1 f7       	brne	.-4      	; 0x1efa <HLCD_voidInit+0xfc>
    1efe:	fe 01       	movw	r30, r28
    1f00:	ef 59       	subi	r30, 0x9F	; 159
    1f02:	ff 4f       	sbci	r31, 0xFF	; 255
    1f04:	91 83       	std	Z+1, r25	; 0x01
    1f06:	80 83       	st	Z, r24
		while(__ticks)
		{
			// wait 1/10 ms
			_delay_loop_2(((F_CPU) / 4e3) / 10);
			__ticks --;
    1f08:	de 01       	movw	r26, r28
    1f0a:	ad 59       	subi	r26, 0x9D	; 157
    1f0c:	bf 4f       	sbci	r27, 0xFF	; 255
    1f0e:	fe 01       	movw	r30, r28
    1f10:	ed 59       	subi	r30, 0x9D	; 157
    1f12:	ff 4f       	sbci	r31, 0xFF	; 255
    1f14:	80 81       	ld	r24, Z
    1f16:	91 81       	ldd	r25, Z+1	; 0x01
    1f18:	01 97       	sbiw	r24, 0x01	; 1
    1f1a:	11 96       	adiw	r26, 0x01	; 1
    1f1c:	9c 93       	st	X, r25
    1f1e:	8e 93       	st	-X, r24
		__ticks = 1;
	else if (__tmp > 65535)
	{
		//	__ticks = requested delay in 1/10 ms
		__ticks = (uint16_t) (__ms * 10.0);
		while(__ticks)
    1f20:	fe 01       	movw	r30, r28
    1f22:	ed 59       	subi	r30, 0x9D	; 157
    1f24:	ff 4f       	sbci	r31, 0xFF	; 255
    1f26:	80 81       	ld	r24, Z
    1f28:	91 81       	ldd	r25, Z+1	; 0x01
    1f2a:	00 97       	sbiw	r24, 0x00	; 0
    1f2c:	d1 f6       	brne	.-76     	; 0x1ee2 <HLCD_voidInit+0xe4>
    1f2e:	27 c0       	rjmp	.+78     	; 0x1f7e <HLCD_voidInit+0x180>
			__ticks --;
		}
		return;
	}
	else
		__ticks = (uint16_t)__tmp;
    1f30:	8e 01       	movw	r16, r28
    1f32:	0d 59       	subi	r16, 0x9D	; 157
    1f34:	1f 4f       	sbci	r17, 0xFF	; 255
    1f36:	fe 01       	movw	r30, r28
    1f38:	eb 59       	subi	r30, 0x9B	; 155
    1f3a:	ff 4f       	sbci	r31, 0xFF	; 255
    1f3c:	60 81       	ld	r22, Z
    1f3e:	71 81       	ldd	r23, Z+1	; 0x01
    1f40:	82 81       	ldd	r24, Z+2	; 0x02
    1f42:	93 81       	ldd	r25, Z+3	; 0x03
    1f44:	0e 94 49 00 	call	0x92	; 0x92 <__fixunssfsi>
    1f48:	dc 01       	movw	r26, r24
    1f4a:	cb 01       	movw	r24, r22
    1f4c:	f8 01       	movw	r30, r16
    1f4e:	91 83       	std	Z+1, r25	; 0x01
    1f50:	80 83       	st	Z, r24
    1f52:	de 01       	movw	r26, r28
    1f54:	a1 5a       	subi	r26, 0xA1	; 161
    1f56:	bf 4f       	sbci	r27, 0xFF	; 255
    1f58:	fe 01       	movw	r30, r28
    1f5a:	ed 59       	subi	r30, 0x9D	; 157
    1f5c:	ff 4f       	sbci	r31, 0xFF	; 255
    1f5e:	80 81       	ld	r24, Z
    1f60:	91 81       	ldd	r25, Z+1	; 0x01
    1f62:	8d 93       	st	X+, r24
    1f64:	9c 93       	st	X, r25
    1f66:	fe 01       	movw	r30, r28
    1f68:	e1 5a       	subi	r30, 0xA1	; 161
    1f6a:	ff 4f       	sbci	r31, 0xFF	; 255
    1f6c:	80 81       	ld	r24, Z
    1f6e:	91 81       	ldd	r25, Z+1	; 0x01
    1f70:	01 97       	sbiw	r24, 0x01	; 1
    1f72:	f1 f7       	brne	.-4      	; 0x1f70 <HLCD_voidInit+0x172>
    1f74:	fe 01       	movw	r30, r28
    1f76:	e1 5a       	subi	r30, 0xA1	; 161
    1f78:	ff 4f       	sbci	r31, 0xFF	; 255
    1f7a:	91 83       	std	Z+1, r25	; 0x01
    1f7c:	80 83       	st	Z, r24
    _delay_ms(40);

    MDIO_voidSetPinDirection(LCD_CONTROL_PORT, LCD_RS_PIN, DIO_OUTPUT);
    1f7e:	80 e0       	ldi	r24, 0x00	; 0
    1f80:	61 e0       	ldi	r22, 0x01	; 1
    1f82:	41 e0       	ldi	r20, 0x01	; 1
    1f84:	0e 94 35 07 	call	0xe6a	; 0xe6a <MDIO_voidSetPinDirection>
    MDIO_voidSetPinDirection(LCD_CONTROL_PORT, LCD_RW_PIN, DIO_OUTPUT);
    1f88:	80 e0       	ldi	r24, 0x00	; 0
    1f8a:	62 e0       	ldi	r22, 0x02	; 2
    1f8c:	41 e0       	ldi	r20, 0x01	; 1
    1f8e:	0e 94 35 07 	call	0xe6a	; 0xe6a <MDIO_voidSetPinDirection>
    MDIO_voidSetPinDirection(LCD_CONTROL_PORT, LCD_E_PIN, DIO_OUTPUT);
    1f92:	80 e0       	ldi	r24, 0x00	; 0
    1f94:	63 e0       	ldi	r22, 0x03	; 3
    1f96:	41 e0       	ldi	r20, 0x01	; 1
    1f98:	0e 94 35 07 	call	0xe6a	; 0xe6a <MDIO_voidSetPinDirection>

    MDIO_voidSetPinDirection(LCD_DATA_PORT, LCD_D4_PIN, DIO_OUTPUT);
    1f9c:	80 e0       	ldi	r24, 0x00	; 0
    1f9e:	64 e0       	ldi	r22, 0x04	; 4
    1fa0:	41 e0       	ldi	r20, 0x01	; 1
    1fa2:	0e 94 35 07 	call	0xe6a	; 0xe6a <MDIO_voidSetPinDirection>
    MDIO_voidSetPinDirection(LCD_DATA_PORT, LCD_D5_PIN, DIO_OUTPUT);
    1fa6:	80 e0       	ldi	r24, 0x00	; 0
    1fa8:	65 e0       	ldi	r22, 0x05	; 5
    1faa:	41 e0       	ldi	r20, 0x01	; 1
    1fac:	0e 94 35 07 	call	0xe6a	; 0xe6a <MDIO_voidSetPinDirection>
    MDIO_voidSetPinDirection(LCD_DATA_PORT, LCD_D6_PIN, DIO_OUTPUT);
    1fb0:	80 e0       	ldi	r24, 0x00	; 0
    1fb2:	66 e0       	ldi	r22, 0x06	; 6
    1fb4:	41 e0       	ldi	r20, 0x01	; 1
    1fb6:	0e 94 35 07 	call	0xe6a	; 0xe6a <MDIO_voidSetPinDirection>
    MDIO_voidSetPinDirection(LCD_DATA_PORT, LCD_D7_PIN, DIO_OUTPUT);
    1fba:	80 e0       	ldi	r24, 0x00	; 0
    1fbc:	67 e0       	ldi	r22, 0x07	; 7
    1fbe:	41 e0       	ldi	r20, 0x01	; 1
    1fc0:	0e 94 35 07 	call	0xe6a	; 0xe6a <MDIO_voidSetPinDirection>

    MDIO_voidSetPinValue(LCD_CONTROL_PORT, LCD_RS_PIN, DIO_LOW);
    1fc4:	80 e0       	ldi	r24, 0x00	; 0
    1fc6:	61 e0       	ldi	r22, 0x01	; 1
    1fc8:	40 e0       	ldi	r20, 0x00	; 0
    1fca:	0e 94 57 08 	call	0x10ae	; 0x10ae <MDIO_voidSetPinValue>
    MDIO_voidSetPinValue(LCD_CONTROL_PORT, LCD_RW_PIN, DIO_LOW);
    1fce:	80 e0       	ldi	r24, 0x00	; 0
    1fd0:	62 e0       	ldi	r22, 0x02	; 2
    1fd2:	40 e0       	ldi	r20, 0x00	; 0
    1fd4:	0e 94 57 08 	call	0x10ae	; 0x10ae <MDIO_voidSetPinValue>

    HLCD_voidWrite4Bits(0x03);
    1fd8:	83 e0       	ldi	r24, 0x03	; 3
    1fda:	0e 94 cd 0e 	call	0x1d9a	; 0x1d9a <HLCD_voidWrite4Bits>
    1fde:	fe 01       	movw	r30, r28
    1fe0:	e5 5a       	subi	r30, 0xA5	; 165
    1fe2:	ff 4f       	sbci	r31, 0xFF	; 255
    1fe4:	80 e0       	ldi	r24, 0x00	; 0
    1fe6:	90 e0       	ldi	r25, 0x00	; 0
    1fe8:	a0 ea       	ldi	r26, 0xA0	; 160
    1fea:	b0 e4       	ldi	r27, 0x40	; 64
    1fec:	80 83       	st	Z, r24
    1fee:	91 83       	std	Z+1, r25	; 0x01
    1ff0:	a2 83       	std	Z+2, r26	; 0x02
    1ff2:	b3 83       	std	Z+3, r27	; 0x03
 */
void
_delay_ms(double __ms)
{
	uint16_t __ticks;
	double __tmp = ((F_CPU) / 4e3) * __ms;
    1ff4:	8e 01       	movw	r16, r28
    1ff6:	09 5a       	subi	r16, 0xA9	; 169
    1ff8:	1f 4f       	sbci	r17, 0xFF	; 255
    1ffa:	fe 01       	movw	r30, r28
    1ffc:	e5 5a       	subi	r30, 0xA5	; 165
    1ffe:	ff 4f       	sbci	r31, 0xFF	; 255
    2000:	60 81       	ld	r22, Z
    2002:	71 81       	ldd	r23, Z+1	; 0x01
    2004:	82 81       	ldd	r24, Z+2	; 0x02
    2006:	93 81       	ldd	r25, Z+3	; 0x03
    2008:	20 e0       	ldi	r18, 0x00	; 0
    200a:	30 e0       	ldi	r19, 0x00	; 0
    200c:	4a e7       	ldi	r20, 0x7A	; 122
    200e:	55 e4       	ldi	r21, 0x45	; 69
    2010:	0e 94 1f 02 	call	0x43e	; 0x43e <__mulsf3>
    2014:	dc 01       	movw	r26, r24
    2016:	cb 01       	movw	r24, r22
    2018:	f8 01       	movw	r30, r16
    201a:	80 83       	st	Z, r24
    201c:	91 83       	std	Z+1, r25	; 0x01
    201e:	a2 83       	std	Z+2, r26	; 0x02
    2020:	b3 83       	std	Z+3, r27	; 0x03
	if (__tmp < 1.0)
    2022:	fe 01       	movw	r30, r28
    2024:	e9 5a       	subi	r30, 0xA9	; 169
    2026:	ff 4f       	sbci	r31, 0xFF	; 255
    2028:	60 81       	ld	r22, Z
    202a:	71 81       	ldd	r23, Z+1	; 0x01
    202c:	82 81       	ldd	r24, Z+2	; 0x02
    202e:	93 81       	ldd	r25, Z+3	; 0x03
    2030:	20 e0       	ldi	r18, 0x00	; 0
    2032:	30 e0       	ldi	r19, 0x00	; 0
    2034:	40 e8       	ldi	r20, 0x80	; 128
    2036:	5f e3       	ldi	r21, 0x3F	; 63
    2038:	0e 94 25 04 	call	0x84a	; 0x84a <__ltsf2>
    203c:	88 23       	and	r24, r24
    203e:	44 f4       	brge	.+16     	; 0x2050 <HLCD_voidInit+0x252>
		__ticks = 1;
    2040:	fe 01       	movw	r30, r28
    2042:	eb 5a       	subi	r30, 0xAB	; 171
    2044:	ff 4f       	sbci	r31, 0xFF	; 255
    2046:	81 e0       	ldi	r24, 0x01	; 1
    2048:	90 e0       	ldi	r25, 0x00	; 0
    204a:	91 83       	std	Z+1, r25	; 0x01
    204c:	80 83       	st	Z, r24
    204e:	64 c0       	rjmp	.+200    	; 0x2118 <HLCD_voidInit+0x31a>
	else if (__tmp > 65535)
    2050:	fe 01       	movw	r30, r28
    2052:	e9 5a       	subi	r30, 0xA9	; 169
    2054:	ff 4f       	sbci	r31, 0xFF	; 255
    2056:	60 81       	ld	r22, Z
    2058:	71 81       	ldd	r23, Z+1	; 0x01
    205a:	82 81       	ldd	r24, Z+2	; 0x02
    205c:	93 81       	ldd	r25, Z+3	; 0x03
    205e:	20 e0       	ldi	r18, 0x00	; 0
    2060:	3f ef       	ldi	r19, 0xFF	; 255
    2062:	4f e7       	ldi	r20, 0x7F	; 127
    2064:	57 e4       	ldi	r21, 0x47	; 71
    2066:	0e 94 c5 03 	call	0x78a	; 0x78a <__gtsf2>
    206a:	18 16       	cp	r1, r24
    206c:	0c f0       	brlt	.+2      	; 0x2070 <HLCD_voidInit+0x272>
    206e:	43 c0       	rjmp	.+134    	; 0x20f6 <HLCD_voidInit+0x2f8>
	{
		//	__ticks = requested delay in 1/10 ms
		__ticks = (uint16_t) (__ms * 10.0);
    2070:	fe 01       	movw	r30, r28
    2072:	e5 5a       	subi	r30, 0xA5	; 165
    2074:	ff 4f       	sbci	r31, 0xFF	; 255
    2076:	60 81       	ld	r22, Z
    2078:	71 81       	ldd	r23, Z+1	; 0x01
    207a:	82 81       	ldd	r24, Z+2	; 0x02
    207c:	93 81       	ldd	r25, Z+3	; 0x03
    207e:	20 e0       	ldi	r18, 0x00	; 0
    2080:	30 e0       	ldi	r19, 0x00	; 0
    2082:	40 e2       	ldi	r20, 0x20	; 32
    2084:	51 e4       	ldi	r21, 0x41	; 65
    2086:	0e 94 1f 02 	call	0x43e	; 0x43e <__mulsf3>
    208a:	dc 01       	movw	r26, r24
    208c:	cb 01       	movw	r24, r22
    208e:	8e 01       	movw	r16, r28
    2090:	0b 5a       	subi	r16, 0xAB	; 171
    2092:	1f 4f       	sbci	r17, 0xFF	; 255
    2094:	bc 01       	movw	r22, r24
    2096:	cd 01       	movw	r24, r26
    2098:	0e 94 49 00 	call	0x92	; 0x92 <__fixunssfsi>
    209c:	dc 01       	movw	r26, r24
    209e:	cb 01       	movw	r24, r22
    20a0:	f8 01       	movw	r30, r16
    20a2:	91 83       	std	Z+1, r25	; 0x01
    20a4:	80 83       	st	Z, r24
    20a6:	1f c0       	rjmp	.+62     	; 0x20e6 <HLCD_voidInit+0x2e8>
    20a8:	fe 01       	movw	r30, r28
    20aa:	ed 5a       	subi	r30, 0xAD	; 173
    20ac:	ff 4f       	sbci	r31, 0xFF	; 255
    20ae:	80 e9       	ldi	r24, 0x90	; 144
    20b0:	91 e0       	ldi	r25, 0x01	; 1
    20b2:	91 83       	std	Z+1, r25	; 0x01
    20b4:	80 83       	st	Z, r24
    20b6:	fe 01       	movw	r30, r28
    20b8:	ed 5a       	subi	r30, 0xAD	; 173
    20ba:	ff 4f       	sbci	r31, 0xFF	; 255
    20bc:	80 81       	ld	r24, Z
    20be:	91 81       	ldd	r25, Z+1	; 0x01
    20c0:	01 97       	sbiw	r24, 0x01	; 1
    20c2:	f1 f7       	brne	.-4      	; 0x20c0 <HLCD_voidInit+0x2c2>
    20c4:	fe 01       	movw	r30, r28
    20c6:	ed 5a       	subi	r30, 0xAD	; 173
    20c8:	ff 4f       	sbci	r31, 0xFF	; 255
    20ca:	91 83       	std	Z+1, r25	; 0x01
    20cc:	80 83       	st	Z, r24
		while(__ticks)
		{
			// wait 1/10 ms
			_delay_loop_2(((F_CPU) / 4e3) / 10);
			__ticks --;
    20ce:	de 01       	movw	r26, r28
    20d0:	ab 5a       	subi	r26, 0xAB	; 171
    20d2:	bf 4f       	sbci	r27, 0xFF	; 255
    20d4:	fe 01       	movw	r30, r28
    20d6:	eb 5a       	subi	r30, 0xAB	; 171
    20d8:	ff 4f       	sbci	r31, 0xFF	; 255
    20da:	80 81       	ld	r24, Z
    20dc:	91 81       	ldd	r25, Z+1	; 0x01
    20de:	01 97       	sbiw	r24, 0x01	; 1
    20e0:	11 96       	adiw	r26, 0x01	; 1
    20e2:	9c 93       	st	X, r25
    20e4:	8e 93       	st	-X, r24
		__ticks = 1;
	else if (__tmp > 65535)
	{
		//	__ticks = requested delay in 1/10 ms
		__ticks = (uint16_t) (__ms * 10.0);
		while(__ticks)
    20e6:	fe 01       	movw	r30, r28
    20e8:	eb 5a       	subi	r30, 0xAB	; 171
    20ea:	ff 4f       	sbci	r31, 0xFF	; 255
    20ec:	80 81       	ld	r24, Z
    20ee:	91 81       	ldd	r25, Z+1	; 0x01
    20f0:	00 97       	sbiw	r24, 0x00	; 0
    20f2:	d1 f6       	brne	.-76     	; 0x20a8 <HLCD_voidInit+0x2aa>
    20f4:	27 c0       	rjmp	.+78     	; 0x2144 <HLCD_voidInit+0x346>
			__ticks --;
		}
		return;
	}
	else
		__ticks = (uint16_t)__tmp;
    20f6:	8e 01       	movw	r16, r28
    20f8:	0b 5a       	subi	r16, 0xAB	; 171
    20fa:	1f 4f       	sbci	r17, 0xFF	; 255
    20fc:	fe 01       	movw	r30, r28
    20fe:	e9 5a       	subi	r30, 0xA9	; 169
    2100:	ff 4f       	sbci	r31, 0xFF	; 255
    2102:	60 81       	ld	r22, Z
    2104:	71 81       	ldd	r23, Z+1	; 0x01
    2106:	82 81       	ldd	r24, Z+2	; 0x02
    2108:	93 81       	ldd	r25, Z+3	; 0x03
    210a:	0e 94 49 00 	call	0x92	; 0x92 <__fixunssfsi>
    210e:	dc 01       	movw	r26, r24
    2110:	cb 01       	movw	r24, r22
    2112:	f8 01       	movw	r30, r16
    2114:	91 83       	std	Z+1, r25	; 0x01
    2116:	80 83       	st	Z, r24
    2118:	de 01       	movw	r26, r28
    211a:	af 5a       	subi	r26, 0xAF	; 175
    211c:	bf 4f       	sbci	r27, 0xFF	; 255
    211e:	fe 01       	movw	r30, r28
    2120:	eb 5a       	subi	r30, 0xAB	; 171
    2122:	ff 4f       	sbci	r31, 0xFF	; 255
    2124:	80 81       	ld	r24, Z
    2126:	91 81       	ldd	r25, Z+1	; 0x01
    2128:	8d 93       	st	X+, r24
    212a:	9c 93       	st	X, r25
    212c:	fe 01       	movw	r30, r28
    212e:	ef 5a       	subi	r30, 0xAF	; 175
    2130:	ff 4f       	sbci	r31, 0xFF	; 255
    2132:	80 81       	ld	r24, Z
    2134:	91 81       	ldd	r25, Z+1	; 0x01
    2136:	01 97       	sbiw	r24, 0x01	; 1
    2138:	f1 f7       	brne	.-4      	; 0x2136 <HLCD_voidInit+0x338>
    213a:	fe 01       	movw	r30, r28
    213c:	ef 5a       	subi	r30, 0xAF	; 175
    213e:	ff 4f       	sbci	r31, 0xFF	; 255
    2140:	91 83       	std	Z+1, r25	; 0x01
    2142:	80 83       	st	Z, r24
    _delay_ms(5);
    HLCD_voidWrite4Bits(0x03);
    2144:	83 e0       	ldi	r24, 0x03	; 3
    2146:	0e 94 cd 0e 	call	0x1d9a	; 0x1d9a <HLCD_voidWrite4Bits>
    214a:	fe 01       	movw	r30, r28
    214c:	e3 5b       	subi	r30, 0xB3	; 179
    214e:	ff 4f       	sbci	r31, 0xFF	; 255
    2150:	80 e0       	ldi	r24, 0x00	; 0
    2152:	90 e0       	ldi	r25, 0x00	; 0
    2154:	a6 e1       	ldi	r26, 0x16	; 22
    2156:	b3 e4       	ldi	r27, 0x43	; 67
    2158:	80 83       	st	Z, r24
    215a:	91 83       	std	Z+1, r25	; 0x01
    215c:	a2 83       	std	Z+2, r26	; 0x02
    215e:	b3 83       	std	Z+3, r27	; 0x03
 */
void
_delay_us(double __us)
{
	uint8_t __ticks;
	double __tmp = ((F_CPU) / 3e6) * __us;
    2160:	8e 01       	movw	r16, r28
    2162:	07 5b       	subi	r16, 0xB7	; 183
    2164:	1f 4f       	sbci	r17, 0xFF	; 255
    2166:	fe 01       	movw	r30, r28
    2168:	e3 5b       	subi	r30, 0xB3	; 179
    216a:	ff 4f       	sbci	r31, 0xFF	; 255
    216c:	60 81       	ld	r22, Z
    216e:	71 81       	ldd	r23, Z+1	; 0x01
    2170:	82 81       	ldd	r24, Z+2	; 0x02
    2172:	93 81       	ldd	r25, Z+3	; 0x03
    2174:	2b ea       	ldi	r18, 0xAB	; 171
    2176:	3a ea       	ldi	r19, 0xAA	; 170
    2178:	4a ea       	ldi	r20, 0xAA	; 170
    217a:	50 e4       	ldi	r21, 0x40	; 64
    217c:	0e 94 1f 02 	call	0x43e	; 0x43e <__mulsf3>
    2180:	dc 01       	movw	r26, r24
    2182:	cb 01       	movw	r24, r22
    2184:	f8 01       	movw	r30, r16
    2186:	80 83       	st	Z, r24
    2188:	91 83       	std	Z+1, r25	; 0x01
    218a:	a2 83       	std	Z+2, r26	; 0x02
    218c:	b3 83       	std	Z+3, r27	; 0x03
	if (__tmp < 1.0)
    218e:	fe 01       	movw	r30, r28
    2190:	e7 5b       	subi	r30, 0xB7	; 183
    2192:	ff 4f       	sbci	r31, 0xFF	; 255
    2194:	60 81       	ld	r22, Z
    2196:	71 81       	ldd	r23, Z+1	; 0x01
    2198:	82 81       	ldd	r24, Z+2	; 0x02
    219a:	93 81       	ldd	r25, Z+3	; 0x03
    219c:	20 e0       	ldi	r18, 0x00	; 0
    219e:	30 e0       	ldi	r19, 0x00	; 0
    21a0:	40 e8       	ldi	r20, 0x80	; 128
    21a2:	5f e3       	ldi	r21, 0x3F	; 63
    21a4:	0e 94 25 04 	call	0x84a	; 0x84a <__ltsf2>
    21a8:	88 23       	and	r24, r24
    21aa:	34 f4       	brge	.+12     	; 0x21b8 <HLCD_voidInit+0x3ba>
		__ticks = 1;
    21ac:	fe 01       	movw	r30, r28
    21ae:	e8 5b       	subi	r30, 0xB8	; 184
    21b0:	ff 4f       	sbci	r31, 0xFF	; 255
    21b2:	81 e0       	ldi	r24, 0x01	; 1
    21b4:	80 83       	st	Z, r24
    21b6:	b4 c0       	rjmp	.+360    	; 0x2320 <HLCD_voidInit+0x522>
	else if (__tmp > 255)
    21b8:	fe 01       	movw	r30, r28
    21ba:	e7 5b       	subi	r30, 0xB7	; 183
    21bc:	ff 4f       	sbci	r31, 0xFF	; 255
    21be:	60 81       	ld	r22, Z
    21c0:	71 81       	ldd	r23, Z+1	; 0x01
    21c2:	82 81       	ldd	r24, Z+2	; 0x02
    21c4:	93 81       	ldd	r25, Z+3	; 0x03
    21c6:	20 e0       	ldi	r18, 0x00	; 0
    21c8:	30 e0       	ldi	r19, 0x00	; 0
    21ca:	4f e7       	ldi	r20, 0x7F	; 127
    21cc:	53 e4       	ldi	r21, 0x43	; 67
    21ce:	0e 94 c5 03 	call	0x78a	; 0x78a <__gtsf2>
    21d2:	18 16       	cp	r1, r24
    21d4:	0c f0       	brlt	.+2      	; 0x21d8 <HLCD_voidInit+0x3da>
    21d6:	94 c0       	rjmp	.+296    	; 0x2300 <HLCD_voidInit+0x502>
	{
		_delay_ms(__us / 1000.0);
    21d8:	fe 01       	movw	r30, r28
    21da:	e3 5b       	subi	r30, 0xB3	; 179
    21dc:	ff 4f       	sbci	r31, 0xFF	; 255
    21de:	60 81       	ld	r22, Z
    21e0:	71 81       	ldd	r23, Z+1	; 0x01
    21e2:	82 81       	ldd	r24, Z+2	; 0x02
    21e4:	93 81       	ldd	r25, Z+3	; 0x03
    21e6:	20 e0       	ldi	r18, 0x00	; 0
    21e8:	30 e0       	ldi	r19, 0x00	; 0
    21ea:	4a e7       	ldi	r20, 0x7A	; 122
    21ec:	54 e4       	ldi	r21, 0x44	; 68
    21ee:	0e 94 19 03 	call	0x632	; 0x632 <__divsf3>
    21f2:	dc 01       	movw	r26, r24
    21f4:	cb 01       	movw	r24, r22
    21f6:	fe 01       	movw	r30, r28
    21f8:	ec 5b       	subi	r30, 0xBC	; 188
    21fa:	ff 4f       	sbci	r31, 0xFF	; 255
    21fc:	80 83       	st	Z, r24
    21fe:	91 83       	std	Z+1, r25	; 0x01
    2200:	a2 83       	std	Z+2, r26	; 0x02
    2202:	b3 83       	std	Z+3, r27	; 0x03
 */
void
_delay_ms(double __ms)
{
	uint16_t __ticks;
	double __tmp = ((F_CPU) / 4e3) * __ms;
    2204:	8e 01       	movw	r16, r28
    2206:	00 5c       	subi	r16, 0xC0	; 192
    2208:	1f 4f       	sbci	r17, 0xFF	; 255
    220a:	fe 01       	movw	r30, r28
    220c:	ec 5b       	subi	r30, 0xBC	; 188
    220e:	ff 4f       	sbci	r31, 0xFF	; 255
    2210:	60 81       	ld	r22, Z
    2212:	71 81       	ldd	r23, Z+1	; 0x01
    2214:	82 81       	ldd	r24, Z+2	; 0x02
    2216:	93 81       	ldd	r25, Z+3	; 0x03
    2218:	20 e0       	ldi	r18, 0x00	; 0
    221a:	30 e0       	ldi	r19, 0x00	; 0
    221c:	4a e7       	ldi	r20, 0x7A	; 122
    221e:	55 e4       	ldi	r21, 0x45	; 69
    2220:	0e 94 1f 02 	call	0x43e	; 0x43e <__mulsf3>
    2224:	dc 01       	movw	r26, r24
    2226:	cb 01       	movw	r24, r22
    2228:	f8 01       	movw	r30, r16
    222a:	80 83       	st	Z, r24
    222c:	91 83       	std	Z+1, r25	; 0x01
    222e:	a2 83       	std	Z+2, r26	; 0x02
    2230:	b3 83       	std	Z+3, r27	; 0x03
	if (__tmp < 1.0)
    2232:	fe 01       	movw	r30, r28
    2234:	e0 5c       	subi	r30, 0xC0	; 192
    2236:	ff 4f       	sbci	r31, 0xFF	; 255
    2238:	60 81       	ld	r22, Z
    223a:	71 81       	ldd	r23, Z+1	; 0x01
    223c:	82 81       	ldd	r24, Z+2	; 0x02
    223e:	93 81       	ldd	r25, Z+3	; 0x03
    2240:	20 e0       	ldi	r18, 0x00	; 0
    2242:	30 e0       	ldi	r19, 0x00	; 0
    2244:	40 e8       	ldi	r20, 0x80	; 128
    2246:	5f e3       	ldi	r21, 0x3F	; 63
    2248:	0e 94 25 04 	call	0x84a	; 0x84a <__ltsf2>
    224c:	88 23       	and	r24, r24
    224e:	2c f4       	brge	.+10     	; 0x225a <HLCD_voidInit+0x45c>
		__ticks = 1;
    2250:	81 e0       	ldi	r24, 0x01	; 1
    2252:	90 e0       	ldi	r25, 0x00	; 0
    2254:	9f af       	std	Y+63, r25	; 0x3f
    2256:	8e af       	std	Y+62, r24	; 0x3e
    2258:	48 c0       	rjmp	.+144    	; 0x22ea <HLCD_voidInit+0x4ec>
	else if (__tmp > 65535)
    225a:	fe 01       	movw	r30, r28
    225c:	e0 5c       	subi	r30, 0xC0	; 192
    225e:	ff 4f       	sbci	r31, 0xFF	; 255
    2260:	60 81       	ld	r22, Z
    2262:	71 81       	ldd	r23, Z+1	; 0x01
    2264:	82 81       	ldd	r24, Z+2	; 0x02
    2266:	93 81       	ldd	r25, Z+3	; 0x03
    2268:	20 e0       	ldi	r18, 0x00	; 0
    226a:	3f ef       	ldi	r19, 0xFF	; 255
    226c:	4f e7       	ldi	r20, 0x7F	; 127
    226e:	57 e4       	ldi	r21, 0x47	; 71
    2270:	0e 94 c5 03 	call	0x78a	; 0x78a <__gtsf2>
    2274:	18 16       	cp	r1, r24
    2276:	64 f5       	brge	.+88     	; 0x22d0 <HLCD_voidInit+0x4d2>
	{
		//	__ticks = requested delay in 1/10 ms
		__ticks = (uint16_t) (__ms * 10.0);
    2278:	fe 01       	movw	r30, r28
    227a:	ec 5b       	subi	r30, 0xBC	; 188
    227c:	ff 4f       	sbci	r31, 0xFF	; 255
    227e:	60 81       	ld	r22, Z
    2280:	71 81       	ldd	r23, Z+1	; 0x01
    2282:	82 81       	ldd	r24, Z+2	; 0x02
    2284:	93 81       	ldd	r25, Z+3	; 0x03
    2286:	20 e0       	ldi	r18, 0x00	; 0
    2288:	30 e0       	ldi	r19, 0x00	; 0
    228a:	40 e2       	ldi	r20, 0x20	; 32
    228c:	51 e4       	ldi	r21, 0x41	; 65
    228e:	0e 94 1f 02 	call	0x43e	; 0x43e <__mulsf3>
    2292:	dc 01       	movw	r26, r24
    2294:	cb 01       	movw	r24, r22
    2296:	bc 01       	movw	r22, r24
    2298:	cd 01       	movw	r24, r26
    229a:	0e 94 49 00 	call	0x92	; 0x92 <__fixunssfsi>
    229e:	dc 01       	movw	r26, r24
    22a0:	cb 01       	movw	r24, r22
    22a2:	9f af       	std	Y+63, r25	; 0x3f
    22a4:	8e af       	std	Y+62, r24	; 0x3e
    22a6:	0f c0       	rjmp	.+30     	; 0x22c6 <HLCD_voidInit+0x4c8>
    22a8:	80 e9       	ldi	r24, 0x90	; 144
    22aa:	91 e0       	ldi	r25, 0x01	; 1
    22ac:	9d af       	std	Y+61, r25	; 0x3d
    22ae:	8c af       	std	Y+60, r24	; 0x3c
    22b0:	8c ad       	ldd	r24, Y+60	; 0x3c
    22b2:	9d ad       	ldd	r25, Y+61	; 0x3d
    22b4:	01 97       	sbiw	r24, 0x01	; 1
    22b6:	f1 f7       	brne	.-4      	; 0x22b4 <HLCD_voidInit+0x4b6>
    22b8:	9d af       	std	Y+61, r25	; 0x3d
    22ba:	8c af       	std	Y+60, r24	; 0x3c
		while(__ticks)
		{
			// wait 1/10 ms
			_delay_loop_2(((F_CPU) / 4e3) / 10);
			__ticks --;
    22bc:	8e ad       	ldd	r24, Y+62	; 0x3e
    22be:	9f ad       	ldd	r25, Y+63	; 0x3f
    22c0:	01 97       	sbiw	r24, 0x01	; 1
    22c2:	9f af       	std	Y+63, r25	; 0x3f
    22c4:	8e af       	std	Y+62, r24	; 0x3e
		__ticks = 1;
	else if (__tmp > 65535)
	{
		//	__ticks = requested delay in 1/10 ms
		__ticks = (uint16_t) (__ms * 10.0);
		while(__ticks)
    22c6:	8e ad       	ldd	r24, Y+62	; 0x3e
    22c8:	9f ad       	ldd	r25, Y+63	; 0x3f
    22ca:	00 97       	sbiw	r24, 0x00	; 0
    22cc:	69 f7       	brne	.-38     	; 0x22a8 <HLCD_voidInit+0x4aa>
    22ce:	31 c0       	rjmp	.+98     	; 0x2332 <HLCD_voidInit+0x534>
			__ticks --;
		}
		return;
	}
	else
		__ticks = (uint16_t)__tmp;
    22d0:	fe 01       	movw	r30, r28
    22d2:	e0 5c       	subi	r30, 0xC0	; 192
    22d4:	ff 4f       	sbci	r31, 0xFF	; 255
    22d6:	60 81       	ld	r22, Z
    22d8:	71 81       	ldd	r23, Z+1	; 0x01
    22da:	82 81       	ldd	r24, Z+2	; 0x02
    22dc:	93 81       	ldd	r25, Z+3	; 0x03
    22de:	0e 94 49 00 	call	0x92	; 0x92 <__fixunssfsi>
    22e2:	dc 01       	movw	r26, r24
    22e4:	cb 01       	movw	r24, r22
    22e6:	9f af       	std	Y+63, r25	; 0x3f
    22e8:	8e af       	std	Y+62, r24	; 0x3e
    22ea:	8e ad       	ldd	r24, Y+62	; 0x3e
    22ec:	9f ad       	ldd	r25, Y+63	; 0x3f
    22ee:	9b af       	std	Y+59, r25	; 0x3b
    22f0:	8a af       	std	Y+58, r24	; 0x3a
    22f2:	8a ad       	ldd	r24, Y+58	; 0x3a
    22f4:	9b ad       	ldd	r25, Y+59	; 0x3b
    22f6:	01 97       	sbiw	r24, 0x01	; 1
    22f8:	f1 f7       	brne	.-4      	; 0x22f6 <HLCD_voidInit+0x4f8>
    22fa:	9b af       	std	Y+59, r25	; 0x3b
    22fc:	8a af       	std	Y+58, r24	; 0x3a
    22fe:	19 c0       	rjmp	.+50     	; 0x2332 <HLCD_voidInit+0x534>
	{
		_delay_ms(__us / 1000.0);
		return;
	}
	else
		__ticks = (uint8_t)__tmp;
    2300:	8e 01       	movw	r16, r28
    2302:	08 5b       	subi	r16, 0xB8	; 184
    2304:	1f 4f       	sbci	r17, 0xFF	; 255
    2306:	fe 01       	movw	r30, r28
    2308:	e7 5b       	subi	r30, 0xB7	; 183
    230a:	ff 4f       	sbci	r31, 0xFF	; 255
    230c:	60 81       	ld	r22, Z
    230e:	71 81       	ldd	r23, Z+1	; 0x01
    2310:	82 81       	ldd	r24, Z+2	; 0x02
    2312:	93 81       	ldd	r25, Z+3	; 0x03
    2314:	0e 94 49 00 	call	0x92	; 0x92 <__fixunssfsi>
    2318:	dc 01       	movw	r26, r24
    231a:	cb 01       	movw	r24, r22
    231c:	f8 01       	movw	r30, r16
    231e:	80 83       	st	Z, r24
    2320:	fe 01       	movw	r30, r28
    2322:	e8 5b       	subi	r30, 0xB8	; 184
    2324:	ff 4f       	sbci	r31, 0xFF	; 255
    2326:	80 81       	ld	r24, Z
    2328:	89 af       	std	Y+57, r24	; 0x39
    can be achieved.
*/
void
_delay_loop_1(uint8_t __count)
{
	__asm__ volatile (
    232a:	89 ad       	ldd	r24, Y+57	; 0x39
    232c:	8a 95       	dec	r24
    232e:	f1 f7       	brne	.-4      	; 0x232c <HLCD_voidInit+0x52e>
    2330:	89 af       	std	Y+57, r24	; 0x39
    _delay_us(150);
    HLCD_voidWrite4Bits(0x03);
    2332:	83 e0       	ldi	r24, 0x03	; 3
    2334:	0e 94 cd 0e 	call	0x1d9a	; 0x1d9a <HLCD_voidWrite4Bits>
    HLCD_voidWrite4Bits(0x02);
    2338:	82 e0       	ldi	r24, 0x02	; 2
    233a:	0e 94 cd 0e 	call	0x1d9a	; 0x1d9a <HLCD_voidWrite4Bits>

    HLCD_voidSendCommand(0x28);
    233e:	88 e2       	ldi	r24, 0x28	; 40
    2340:	0e 94 7f 13 	call	0x26fe	; 0x26fe <HLCD_voidSendCommand>
    2344:	80 e0       	ldi	r24, 0x00	; 0
    2346:	90 e0       	ldi	r25, 0x00	; 0
    2348:	a0 e8       	ldi	r26, 0x80	; 128
    234a:	bf e3       	ldi	r27, 0x3F	; 63
    234c:	8d ab       	std	Y+53, r24	; 0x35
    234e:	9e ab       	std	Y+54, r25	; 0x36
    2350:	af ab       	std	Y+55, r26	; 0x37
    2352:	b8 af       	std	Y+56, r27	; 0x38
 */
void
_delay_ms(double __ms)
{
	uint16_t __ticks;
	double __tmp = ((F_CPU) / 4e3) * __ms;
    2354:	6d a9       	ldd	r22, Y+53	; 0x35
    2356:	7e a9       	ldd	r23, Y+54	; 0x36
    2358:	8f a9       	ldd	r24, Y+55	; 0x37
    235a:	98 ad       	ldd	r25, Y+56	; 0x38
    235c:	20 e0       	ldi	r18, 0x00	; 0
    235e:	30 e0       	ldi	r19, 0x00	; 0
    2360:	4a e7       	ldi	r20, 0x7A	; 122
    2362:	55 e4       	ldi	r21, 0x45	; 69
    2364:	0e 94 1f 02 	call	0x43e	; 0x43e <__mulsf3>
    2368:	dc 01       	movw	r26, r24
    236a:	cb 01       	movw	r24, r22
    236c:	89 ab       	std	Y+49, r24	; 0x31
    236e:	9a ab       	std	Y+50, r25	; 0x32
    2370:	ab ab       	std	Y+51, r26	; 0x33
    2372:	bc ab       	std	Y+52, r27	; 0x34
	if (__tmp < 1.0)
    2374:	69 a9       	ldd	r22, Y+49	; 0x31
    2376:	7a a9       	ldd	r23, Y+50	; 0x32
    2378:	8b a9       	ldd	r24, Y+51	; 0x33
    237a:	9c a9       	ldd	r25, Y+52	; 0x34
    237c:	20 e0       	ldi	r18, 0x00	; 0
    237e:	30 e0       	ldi	r19, 0x00	; 0
    2380:	40 e8       	ldi	r20, 0x80	; 128
    2382:	5f e3       	ldi	r21, 0x3F	; 63
    2384:	0e 94 25 04 	call	0x84a	; 0x84a <__ltsf2>
    2388:	88 23       	and	r24, r24
    238a:	2c f4       	brge	.+10     	; 0x2396 <HLCD_voidInit+0x598>
		__ticks = 1;
    238c:	81 e0       	ldi	r24, 0x01	; 1
    238e:	90 e0       	ldi	r25, 0x00	; 0
    2390:	98 ab       	std	Y+48, r25	; 0x30
    2392:	8f a7       	std	Y+47, r24	; 0x2f
    2394:	3f c0       	rjmp	.+126    	; 0x2414 <HLCD_voidInit+0x616>
	else if (__tmp > 65535)
    2396:	69 a9       	ldd	r22, Y+49	; 0x31
    2398:	7a a9       	ldd	r23, Y+50	; 0x32
    239a:	8b a9       	ldd	r24, Y+51	; 0x33
    239c:	9c a9       	ldd	r25, Y+52	; 0x34
    239e:	20 e0       	ldi	r18, 0x00	; 0
    23a0:	3f ef       	ldi	r19, 0xFF	; 255
    23a2:	4f e7       	ldi	r20, 0x7F	; 127
    23a4:	57 e4       	ldi	r21, 0x47	; 71
    23a6:	0e 94 c5 03 	call	0x78a	; 0x78a <__gtsf2>
    23aa:	18 16       	cp	r1, r24
    23ac:	4c f5       	brge	.+82     	; 0x2400 <HLCD_voidInit+0x602>
	{
		//	__ticks = requested delay in 1/10 ms
		__ticks = (uint16_t) (__ms * 10.0);
    23ae:	6d a9       	ldd	r22, Y+53	; 0x35
    23b0:	7e a9       	ldd	r23, Y+54	; 0x36
    23b2:	8f a9       	ldd	r24, Y+55	; 0x37
    23b4:	98 ad       	ldd	r25, Y+56	; 0x38
    23b6:	20 e0       	ldi	r18, 0x00	; 0
    23b8:	30 e0       	ldi	r19, 0x00	; 0
    23ba:	40 e2       	ldi	r20, 0x20	; 32
    23bc:	51 e4       	ldi	r21, 0x41	; 65
    23be:	0e 94 1f 02 	call	0x43e	; 0x43e <__mulsf3>
    23c2:	dc 01       	movw	r26, r24
    23c4:	cb 01       	movw	r24, r22
    23c6:	bc 01       	movw	r22, r24
    23c8:	cd 01       	movw	r24, r26
    23ca:	0e 94 49 00 	call	0x92	; 0x92 <__fixunssfsi>
    23ce:	dc 01       	movw	r26, r24
    23d0:	cb 01       	movw	r24, r22
    23d2:	98 ab       	std	Y+48, r25	; 0x30
    23d4:	8f a7       	std	Y+47, r24	; 0x2f
    23d6:	0f c0       	rjmp	.+30     	; 0x23f6 <HLCD_voidInit+0x5f8>
    23d8:	80 e9       	ldi	r24, 0x90	; 144
    23da:	91 e0       	ldi	r25, 0x01	; 1
    23dc:	9e a7       	std	Y+46, r25	; 0x2e
    23de:	8d a7       	std	Y+45, r24	; 0x2d
    milliseconds can be achieved.
 */
void
_delay_loop_2(uint16_t __count)
{
	__asm__ volatile (
    23e0:	8d a5       	ldd	r24, Y+45	; 0x2d
    23e2:	9e a5       	ldd	r25, Y+46	; 0x2e
    23e4:	01 97       	sbiw	r24, 0x01	; 1
    23e6:	f1 f7       	brne	.-4      	; 0x23e4 <HLCD_voidInit+0x5e6>
    23e8:	9e a7       	std	Y+46, r25	; 0x2e
    23ea:	8d a7       	std	Y+45, r24	; 0x2d
		while(__ticks)
		{
			// wait 1/10 ms
			_delay_loop_2(((F_CPU) / 4e3) / 10);
			__ticks --;
    23ec:	8f a5       	ldd	r24, Y+47	; 0x2f
    23ee:	98 a9       	ldd	r25, Y+48	; 0x30
    23f0:	01 97       	sbiw	r24, 0x01	; 1
    23f2:	98 ab       	std	Y+48, r25	; 0x30
    23f4:	8f a7       	std	Y+47, r24	; 0x2f
		__ticks = 1;
	else if (__tmp > 65535)
	{
		//	__ticks = requested delay in 1/10 ms
		__ticks = (uint16_t) (__ms * 10.0);
		while(__ticks)
    23f6:	8f a5       	ldd	r24, Y+47	; 0x2f
    23f8:	98 a9       	ldd	r25, Y+48	; 0x30
    23fa:	00 97       	sbiw	r24, 0x00	; 0
    23fc:	69 f7       	brne	.-38     	; 0x23d8 <HLCD_voidInit+0x5da>
    23fe:	14 c0       	rjmp	.+40     	; 0x2428 <HLCD_voidInit+0x62a>
			__ticks --;
		}
		return;
	}
	else
		__ticks = (uint16_t)__tmp;
    2400:	69 a9       	ldd	r22, Y+49	; 0x31
    2402:	7a a9       	ldd	r23, Y+50	; 0x32
    2404:	8b a9       	ldd	r24, Y+51	; 0x33
    2406:	9c a9       	ldd	r25, Y+52	; 0x34
    2408:	0e 94 49 00 	call	0x92	; 0x92 <__fixunssfsi>
    240c:	dc 01       	movw	r26, r24
    240e:	cb 01       	movw	r24, r22
    2410:	98 ab       	std	Y+48, r25	; 0x30
    2412:	8f a7       	std	Y+47, r24	; 0x2f
    2414:	8f a5       	ldd	r24, Y+47	; 0x2f
    2416:	98 a9       	ldd	r25, Y+48	; 0x30
    2418:	9c a7       	std	Y+44, r25	; 0x2c
    241a:	8b a7       	std	Y+43, r24	; 0x2b
    241c:	8b a5       	ldd	r24, Y+43	; 0x2b
    241e:	9c a5       	ldd	r25, Y+44	; 0x2c
    2420:	01 97       	sbiw	r24, 0x01	; 1
    2422:	f1 f7       	brne	.-4      	; 0x2420 <HLCD_voidInit+0x622>
    2424:	9c a7       	std	Y+44, r25	; 0x2c
    2426:	8b a7       	std	Y+43, r24	; 0x2b
    _delay_ms(1);
    HLCD_voidSendCommand(0x0C);
    2428:	8c e0       	ldi	r24, 0x0C	; 12
    242a:	0e 94 7f 13 	call	0x26fe	; 0x26fe <HLCD_voidSendCommand>
    242e:	80 e0       	ldi	r24, 0x00	; 0
    2430:	90 e0       	ldi	r25, 0x00	; 0
    2432:	a0 e8       	ldi	r26, 0x80	; 128
    2434:	bf e3       	ldi	r27, 0x3F	; 63
    2436:	8f a3       	std	Y+39, r24	; 0x27
    2438:	98 a7       	std	Y+40, r25	; 0x28
    243a:	a9 a7       	std	Y+41, r26	; 0x29
    243c:	ba a7       	std	Y+42, r27	; 0x2a
 */
void
_delay_ms(double __ms)
{
	uint16_t __ticks;
	double __tmp = ((F_CPU) / 4e3) * __ms;
    243e:	6f a1       	ldd	r22, Y+39	; 0x27
    2440:	78 a5       	ldd	r23, Y+40	; 0x28
    2442:	89 a5       	ldd	r24, Y+41	; 0x29
    2444:	9a a5       	ldd	r25, Y+42	; 0x2a
    2446:	20 e0       	ldi	r18, 0x00	; 0
    2448:	30 e0       	ldi	r19, 0x00	; 0
    244a:	4a e7       	ldi	r20, 0x7A	; 122
    244c:	55 e4       	ldi	r21, 0x45	; 69
    244e:	0e 94 1f 02 	call	0x43e	; 0x43e <__mulsf3>
    2452:	dc 01       	movw	r26, r24
    2454:	cb 01       	movw	r24, r22
    2456:	8b a3       	std	Y+35, r24	; 0x23
    2458:	9c a3       	std	Y+36, r25	; 0x24
    245a:	ad a3       	std	Y+37, r26	; 0x25
    245c:	be a3       	std	Y+38, r27	; 0x26
	if (__tmp < 1.0)
    245e:	6b a1       	ldd	r22, Y+35	; 0x23
    2460:	7c a1       	ldd	r23, Y+36	; 0x24
    2462:	8d a1       	ldd	r24, Y+37	; 0x25
    2464:	9e a1       	ldd	r25, Y+38	; 0x26
    2466:	20 e0       	ldi	r18, 0x00	; 0
    2468:	30 e0       	ldi	r19, 0x00	; 0
    246a:	40 e8       	ldi	r20, 0x80	; 128
    246c:	5f e3       	ldi	r21, 0x3F	; 63
    246e:	0e 94 25 04 	call	0x84a	; 0x84a <__ltsf2>
    2472:	88 23       	and	r24, r24
    2474:	2c f4       	brge	.+10     	; 0x2480 <HLCD_voidInit+0x682>
		__ticks = 1;
    2476:	81 e0       	ldi	r24, 0x01	; 1
    2478:	90 e0       	ldi	r25, 0x00	; 0
    247a:	9a a3       	std	Y+34, r25	; 0x22
    247c:	89 a3       	std	Y+33, r24	; 0x21
    247e:	3f c0       	rjmp	.+126    	; 0x24fe <HLCD_voidInit+0x700>
	else if (__tmp > 65535)
    2480:	6b a1       	ldd	r22, Y+35	; 0x23
    2482:	7c a1       	ldd	r23, Y+36	; 0x24
    2484:	8d a1       	ldd	r24, Y+37	; 0x25
    2486:	9e a1       	ldd	r25, Y+38	; 0x26
    2488:	20 e0       	ldi	r18, 0x00	; 0
    248a:	3f ef       	ldi	r19, 0xFF	; 255
    248c:	4f e7       	ldi	r20, 0x7F	; 127
    248e:	57 e4       	ldi	r21, 0x47	; 71
    2490:	0e 94 c5 03 	call	0x78a	; 0x78a <__gtsf2>
    2494:	18 16       	cp	r1, r24
    2496:	4c f5       	brge	.+82     	; 0x24ea <HLCD_voidInit+0x6ec>
	{
		//	__ticks = requested delay in 1/10 ms
		__ticks = (uint16_t) (__ms * 10.0);
    2498:	6f a1       	ldd	r22, Y+39	; 0x27
    249a:	78 a5       	ldd	r23, Y+40	; 0x28
    249c:	89 a5       	ldd	r24, Y+41	; 0x29
    249e:	9a a5       	ldd	r25, Y+42	; 0x2a
    24a0:	20 e0       	ldi	r18, 0x00	; 0
    24a2:	30 e0       	ldi	r19, 0x00	; 0
    24a4:	40 e2       	ldi	r20, 0x20	; 32
    24a6:	51 e4       	ldi	r21, 0x41	; 65
    24a8:	0e 94 1f 02 	call	0x43e	; 0x43e <__mulsf3>
    24ac:	dc 01       	movw	r26, r24
    24ae:	cb 01       	movw	r24, r22
    24b0:	bc 01       	movw	r22, r24
    24b2:	cd 01       	movw	r24, r26
    24b4:	0e 94 49 00 	call	0x92	; 0x92 <__fixunssfsi>
    24b8:	dc 01       	movw	r26, r24
    24ba:	cb 01       	movw	r24, r22
    24bc:	9a a3       	std	Y+34, r25	; 0x22
    24be:	89 a3       	std	Y+33, r24	; 0x21
    24c0:	0f c0       	rjmp	.+30     	; 0x24e0 <HLCD_voidInit+0x6e2>
    24c2:	80 e9       	ldi	r24, 0x90	; 144
    24c4:	91 e0       	ldi	r25, 0x01	; 1
    24c6:	98 a3       	std	Y+32, r25	; 0x20
    24c8:	8f 8f       	std	Y+31, r24	; 0x1f
    24ca:	8f 8d       	ldd	r24, Y+31	; 0x1f
    24cc:	98 a1       	ldd	r25, Y+32	; 0x20
    24ce:	01 97       	sbiw	r24, 0x01	; 1
    24d0:	f1 f7       	brne	.-4      	; 0x24ce <HLCD_voidInit+0x6d0>
    24d2:	98 a3       	std	Y+32, r25	; 0x20
    24d4:	8f 8f       	std	Y+31, r24	; 0x1f
		while(__ticks)
		{
			// wait 1/10 ms
			_delay_loop_2(((F_CPU) / 4e3) / 10);
			__ticks --;
    24d6:	89 a1       	ldd	r24, Y+33	; 0x21
    24d8:	9a a1       	ldd	r25, Y+34	; 0x22
    24da:	01 97       	sbiw	r24, 0x01	; 1
    24dc:	9a a3       	std	Y+34, r25	; 0x22
    24de:	89 a3       	std	Y+33, r24	; 0x21
		__ticks = 1;
	else if (__tmp > 65535)
	{
		//	__ticks = requested delay in 1/10 ms
		__ticks = (uint16_t) (__ms * 10.0);
		while(__ticks)
    24e0:	89 a1       	ldd	r24, Y+33	; 0x21
    24e2:	9a a1       	ldd	r25, Y+34	; 0x22
    24e4:	00 97       	sbiw	r24, 0x00	; 0
    24e6:	69 f7       	brne	.-38     	; 0x24c2 <HLCD_voidInit+0x6c4>
    24e8:	14 c0       	rjmp	.+40     	; 0x2512 <HLCD_voidInit+0x714>
			__ticks --;
		}
		return;
	}
	else
		__ticks = (uint16_t)__tmp;
    24ea:	6b a1       	ldd	r22, Y+35	; 0x23
    24ec:	7c a1       	ldd	r23, Y+36	; 0x24
    24ee:	8d a1       	ldd	r24, Y+37	; 0x25
    24f0:	9e a1       	ldd	r25, Y+38	; 0x26
    24f2:	0e 94 49 00 	call	0x92	; 0x92 <__fixunssfsi>
    24f6:	dc 01       	movw	r26, r24
    24f8:	cb 01       	movw	r24, r22
    24fa:	9a a3       	std	Y+34, r25	; 0x22
    24fc:	89 a3       	std	Y+33, r24	; 0x21
    24fe:	89 a1       	ldd	r24, Y+33	; 0x21
    2500:	9a a1       	ldd	r25, Y+34	; 0x22
    2502:	9e 8f       	std	Y+30, r25	; 0x1e
    2504:	8d 8f       	std	Y+29, r24	; 0x1d
    2506:	8d 8d       	ldd	r24, Y+29	; 0x1d
    2508:	9e 8d       	ldd	r25, Y+30	; 0x1e
    250a:	01 97       	sbiw	r24, 0x01	; 1
    250c:	f1 f7       	brne	.-4      	; 0x250a <HLCD_voidInit+0x70c>
    250e:	9e 8f       	std	Y+30, r25	; 0x1e
    2510:	8d 8f       	std	Y+29, r24	; 0x1d
    _delay_ms(1);
    HLCD_voidSendCommand(0x01);
    2512:	81 e0       	ldi	r24, 0x01	; 1
    2514:	0e 94 7f 13 	call	0x26fe	; 0x26fe <HLCD_voidSendCommand>
    2518:	80 e0       	ldi	r24, 0x00	; 0
    251a:	90 e0       	ldi	r25, 0x00	; 0
    251c:	a0 e0       	ldi	r26, 0x00	; 0
    251e:	b0 e4       	ldi	r27, 0x40	; 64
    2520:	89 8f       	std	Y+25, r24	; 0x19
    2522:	9a 8f       	std	Y+26, r25	; 0x1a
    2524:	ab 8f       	std	Y+27, r26	; 0x1b
    2526:	bc 8f       	std	Y+28, r27	; 0x1c
 */
void
_delay_ms(double __ms)
{
	uint16_t __ticks;
	double __tmp = ((F_CPU) / 4e3) * __ms;
    2528:	69 8d       	ldd	r22, Y+25	; 0x19
    252a:	7a 8d       	ldd	r23, Y+26	; 0x1a
    252c:	8b 8d       	ldd	r24, Y+27	; 0x1b
    252e:	9c 8d       	ldd	r25, Y+28	; 0x1c
    2530:	20 e0       	ldi	r18, 0x00	; 0
    2532:	30 e0       	ldi	r19, 0x00	; 0
    2534:	4a e7       	ldi	r20, 0x7A	; 122
    2536:	55 e4       	ldi	r21, 0x45	; 69
    2538:	0e 94 1f 02 	call	0x43e	; 0x43e <__mulsf3>
    253c:	dc 01       	movw	r26, r24
    253e:	cb 01       	movw	r24, r22
    2540:	8d 8b       	std	Y+21, r24	; 0x15
    2542:	9e 8b       	std	Y+22, r25	; 0x16
    2544:	af 8b       	std	Y+23, r26	; 0x17
    2546:	b8 8f       	std	Y+24, r27	; 0x18
	if (__tmp < 1.0)
    2548:	6d 89       	ldd	r22, Y+21	; 0x15
    254a:	7e 89       	ldd	r23, Y+22	; 0x16
    254c:	8f 89       	ldd	r24, Y+23	; 0x17
    254e:	98 8d       	ldd	r25, Y+24	; 0x18
    2550:	20 e0       	ldi	r18, 0x00	; 0
    2552:	30 e0       	ldi	r19, 0x00	; 0
    2554:	40 e8       	ldi	r20, 0x80	; 128
    2556:	5f e3       	ldi	r21, 0x3F	; 63
    2558:	0e 94 25 04 	call	0x84a	; 0x84a <__ltsf2>
    255c:	88 23       	and	r24, r24
    255e:	2c f4       	brge	.+10     	; 0x256a <HLCD_voidInit+0x76c>
		__ticks = 1;
    2560:	81 e0       	ldi	r24, 0x01	; 1
    2562:	90 e0       	ldi	r25, 0x00	; 0
    2564:	9c 8b       	std	Y+20, r25	; 0x14
    2566:	8b 8b       	std	Y+19, r24	; 0x13
    2568:	3f c0       	rjmp	.+126    	; 0x25e8 <HLCD_voidInit+0x7ea>
	else if (__tmp > 65535)
    256a:	6d 89       	ldd	r22, Y+21	; 0x15
    256c:	7e 89       	ldd	r23, Y+22	; 0x16
    256e:	8f 89       	ldd	r24, Y+23	; 0x17
    2570:	98 8d       	ldd	r25, Y+24	; 0x18
    2572:	20 e0       	ldi	r18, 0x00	; 0
    2574:	3f ef       	ldi	r19, 0xFF	; 255
    2576:	4f e7       	ldi	r20, 0x7F	; 127
    2578:	57 e4       	ldi	r21, 0x47	; 71
    257a:	0e 94 c5 03 	call	0x78a	; 0x78a <__gtsf2>
    257e:	18 16       	cp	r1, r24
    2580:	4c f5       	brge	.+82     	; 0x25d4 <HLCD_voidInit+0x7d6>
	{
		//	__ticks = requested delay in 1/10 ms
		__ticks = (uint16_t) (__ms * 10.0);
    2582:	69 8d       	ldd	r22, Y+25	; 0x19
    2584:	7a 8d       	ldd	r23, Y+26	; 0x1a
    2586:	8b 8d       	ldd	r24, Y+27	; 0x1b
    2588:	9c 8d       	ldd	r25, Y+28	; 0x1c
    258a:	20 e0       	ldi	r18, 0x00	; 0
    258c:	30 e0       	ldi	r19, 0x00	; 0
    258e:	40 e2       	ldi	r20, 0x20	; 32
    2590:	51 e4       	ldi	r21, 0x41	; 65
    2592:	0e 94 1f 02 	call	0x43e	; 0x43e <__mulsf3>
    2596:	dc 01       	movw	r26, r24
    2598:	cb 01       	movw	r24, r22
    259a:	bc 01       	movw	r22, r24
    259c:	cd 01       	movw	r24, r26
    259e:	0e 94 49 00 	call	0x92	; 0x92 <__fixunssfsi>
    25a2:	dc 01       	movw	r26, r24
    25a4:	cb 01       	movw	r24, r22
    25a6:	9c 8b       	std	Y+20, r25	; 0x14
    25a8:	8b 8b       	std	Y+19, r24	; 0x13
    25aa:	0f c0       	rjmp	.+30     	; 0x25ca <HLCD_voidInit+0x7cc>
    25ac:	80 e9       	ldi	r24, 0x90	; 144
    25ae:	91 e0       	ldi	r25, 0x01	; 1
    25b0:	9a 8b       	std	Y+18, r25	; 0x12
    25b2:	89 8b       	std	Y+17, r24	; 0x11
    25b4:	89 89       	ldd	r24, Y+17	; 0x11
    25b6:	9a 89       	ldd	r25, Y+18	; 0x12
    25b8:	01 97       	sbiw	r24, 0x01	; 1
    25ba:	f1 f7       	brne	.-4      	; 0x25b8 <HLCD_voidInit+0x7ba>
    25bc:	9a 8b       	std	Y+18, r25	; 0x12
    25be:	89 8b       	std	Y+17, r24	; 0x11
		while(__ticks)
		{
			// wait 1/10 ms
			_delay_loop_2(((F_CPU) / 4e3) / 10);
			__ticks --;
    25c0:	8b 89       	ldd	r24, Y+19	; 0x13
    25c2:	9c 89       	ldd	r25, Y+20	; 0x14
    25c4:	01 97       	sbiw	r24, 0x01	; 1
    25c6:	9c 8b       	std	Y+20, r25	; 0x14
    25c8:	8b 8b       	std	Y+19, r24	; 0x13
		__ticks = 1;
	else if (__tmp > 65535)
	{
		//	__ticks = requested delay in 1/10 ms
		__ticks = (uint16_t) (__ms * 10.0);
		while(__ticks)
    25ca:	8b 89       	ldd	r24, Y+19	; 0x13
    25cc:	9c 89       	ldd	r25, Y+20	; 0x14
    25ce:	00 97       	sbiw	r24, 0x00	; 0
    25d0:	69 f7       	brne	.-38     	; 0x25ac <HLCD_voidInit+0x7ae>
    25d2:	14 c0       	rjmp	.+40     	; 0x25fc <HLCD_voidInit+0x7fe>
			__ticks --;
		}
		return;
	}
	else
		__ticks = (uint16_t)__tmp;
    25d4:	6d 89       	ldd	r22, Y+21	; 0x15
    25d6:	7e 89       	ldd	r23, Y+22	; 0x16
    25d8:	8f 89       	ldd	r24, Y+23	; 0x17
    25da:	98 8d       	ldd	r25, Y+24	; 0x18
    25dc:	0e 94 49 00 	call	0x92	; 0x92 <__fixunssfsi>
    25e0:	dc 01       	movw	r26, r24
    25e2:	cb 01       	movw	r24, r22
    25e4:	9c 8b       	std	Y+20, r25	; 0x14
    25e6:	8b 8b       	std	Y+19, r24	; 0x13
    25e8:	8b 89       	ldd	r24, Y+19	; 0x13
    25ea:	9c 89       	ldd	r25, Y+20	; 0x14
    25ec:	98 8b       	std	Y+16, r25	; 0x10
    25ee:	8f 87       	std	Y+15, r24	; 0x0f
    25f0:	8f 85       	ldd	r24, Y+15	; 0x0f
    25f2:	98 89       	ldd	r25, Y+16	; 0x10
    25f4:	01 97       	sbiw	r24, 0x01	; 1
    25f6:	f1 f7       	brne	.-4      	; 0x25f4 <HLCD_voidInit+0x7f6>
    25f8:	98 8b       	std	Y+16, r25	; 0x10
    25fa:	8f 87       	std	Y+15, r24	; 0x0f
    _delay_ms(2);
    HLCD_voidSendCommand(0x06);
    25fc:	86 e0       	ldi	r24, 0x06	; 6
    25fe:	0e 94 7f 13 	call	0x26fe	; 0x26fe <HLCD_voidSendCommand>
    2602:	80 e0       	ldi	r24, 0x00	; 0
    2604:	90 e0       	ldi	r25, 0x00	; 0
    2606:	a0 e8       	ldi	r26, 0x80	; 128
    2608:	bf e3       	ldi	r27, 0x3F	; 63
    260a:	8b 87       	std	Y+11, r24	; 0x0b
    260c:	9c 87       	std	Y+12, r25	; 0x0c
    260e:	ad 87       	std	Y+13, r26	; 0x0d
    2610:	be 87       	std	Y+14, r27	; 0x0e
 */
void
_delay_ms(double __ms)
{
	uint16_t __ticks;
	double __tmp = ((F_CPU) / 4e3) * __ms;
    2612:	6b 85       	ldd	r22, Y+11	; 0x0b
    2614:	7c 85       	ldd	r23, Y+12	; 0x0c
    2616:	8d 85       	ldd	r24, Y+13	; 0x0d
    2618:	9e 85       	ldd	r25, Y+14	; 0x0e
    261a:	20 e0       	ldi	r18, 0x00	; 0
    261c:	30 e0       	ldi	r19, 0x00	; 0
    261e:	4a e7       	ldi	r20, 0x7A	; 122
    2620:	55 e4       	ldi	r21, 0x45	; 69
    2622:	0e 94 1f 02 	call	0x43e	; 0x43e <__mulsf3>
    2626:	dc 01       	movw	r26, r24
    2628:	cb 01       	movw	r24, r22
    262a:	8f 83       	std	Y+7, r24	; 0x07
    262c:	98 87       	std	Y+8, r25	; 0x08
    262e:	a9 87       	std	Y+9, r26	; 0x09
    2630:	ba 87       	std	Y+10, r27	; 0x0a
	if (__tmp < 1.0)
    2632:	6f 81       	ldd	r22, Y+7	; 0x07
    2634:	78 85       	ldd	r23, Y+8	; 0x08
    2636:	89 85       	ldd	r24, Y+9	; 0x09
    2638:	9a 85       	ldd	r25, Y+10	; 0x0a
    263a:	20 e0       	ldi	r18, 0x00	; 0
    263c:	30 e0       	ldi	r19, 0x00	; 0
    263e:	40 e8       	ldi	r20, 0x80	; 128
    2640:	5f e3       	ldi	r21, 0x3F	; 63
    2642:	0e 94 25 04 	call	0x84a	; 0x84a <__ltsf2>
    2646:	88 23       	and	r24, r24
    2648:	2c f4       	brge	.+10     	; 0x2654 <HLCD_voidInit+0x856>
		__ticks = 1;
    264a:	81 e0       	ldi	r24, 0x01	; 1
    264c:	90 e0       	ldi	r25, 0x00	; 0
    264e:	9e 83       	std	Y+6, r25	; 0x06
    2650:	8d 83       	std	Y+5, r24	; 0x05
    2652:	3f c0       	rjmp	.+126    	; 0x26d2 <HLCD_voidInit+0x8d4>
	else if (__tmp > 65535)
    2654:	6f 81       	ldd	r22, Y+7	; 0x07
    2656:	78 85       	ldd	r23, Y+8	; 0x08
    2658:	89 85       	ldd	r24, Y+9	; 0x09
    265a:	9a 85       	ldd	r25, Y+10	; 0x0a
    265c:	20 e0       	ldi	r18, 0x00	; 0
    265e:	3f ef       	ldi	r19, 0xFF	; 255
    2660:	4f e7       	ldi	r20, 0x7F	; 127
    2662:	57 e4       	ldi	r21, 0x47	; 71
    2664:	0e 94 c5 03 	call	0x78a	; 0x78a <__gtsf2>
    2668:	18 16       	cp	r1, r24
    266a:	4c f5       	brge	.+82     	; 0x26be <HLCD_voidInit+0x8c0>
	{
		//	__ticks = requested delay in 1/10 ms
		__ticks = (uint16_t) (__ms * 10.0);
    266c:	6b 85       	ldd	r22, Y+11	; 0x0b
    266e:	7c 85       	ldd	r23, Y+12	; 0x0c
    2670:	8d 85       	ldd	r24, Y+13	; 0x0d
    2672:	9e 85       	ldd	r25, Y+14	; 0x0e
    2674:	20 e0       	ldi	r18, 0x00	; 0
    2676:	30 e0       	ldi	r19, 0x00	; 0
    2678:	40 e2       	ldi	r20, 0x20	; 32
    267a:	51 e4       	ldi	r21, 0x41	; 65
    267c:	0e 94 1f 02 	call	0x43e	; 0x43e <__mulsf3>
    2680:	dc 01       	movw	r26, r24
    2682:	cb 01       	movw	r24, r22
    2684:	bc 01       	movw	r22, r24
    2686:	cd 01       	movw	r24, r26
    2688:	0e 94 49 00 	call	0x92	; 0x92 <__fixunssfsi>
    268c:	dc 01       	movw	r26, r24
    268e:	cb 01       	movw	r24, r22
    2690:	9e 83       	std	Y+6, r25	; 0x06
    2692:	8d 83       	std	Y+5, r24	; 0x05
    2694:	0f c0       	rjmp	.+30     	; 0x26b4 <HLCD_voidInit+0x8b6>
    2696:	80 e9       	ldi	r24, 0x90	; 144
    2698:	91 e0       	ldi	r25, 0x01	; 1
    269a:	9c 83       	std	Y+4, r25	; 0x04
    269c:	8b 83       	std	Y+3, r24	; 0x03
    269e:	8b 81       	ldd	r24, Y+3	; 0x03
    26a0:	9c 81       	ldd	r25, Y+4	; 0x04
    26a2:	01 97       	sbiw	r24, 0x01	; 1
    26a4:	f1 f7       	brne	.-4      	; 0x26a2 <HLCD_voidInit+0x8a4>
    26a6:	9c 83       	std	Y+4, r25	; 0x04
    26a8:	8b 83       	std	Y+3, r24	; 0x03
		while(__ticks)
		{
			// wait 1/10 ms
			_delay_loop_2(((F_CPU) / 4e3) / 10);
			__ticks --;
    26aa:	8d 81       	ldd	r24, Y+5	; 0x05
    26ac:	9e 81       	ldd	r25, Y+6	; 0x06
    26ae:	01 97       	sbiw	r24, 0x01	; 1
    26b0:	9e 83       	std	Y+6, r25	; 0x06
    26b2:	8d 83       	std	Y+5, r24	; 0x05
		__ticks = 1;
	else if (__tmp > 65535)
	{
		//	__ticks = requested delay in 1/10 ms
		__ticks = (uint16_t) (__ms * 10.0);
		while(__ticks)
    26b4:	8d 81       	ldd	r24, Y+5	; 0x05
    26b6:	9e 81       	ldd	r25, Y+6	; 0x06
    26b8:	00 97       	sbiw	r24, 0x00	; 0
    26ba:	69 f7       	brne	.-38     	; 0x2696 <HLCD_voidInit+0x898>
    26bc:	14 c0       	rjmp	.+40     	; 0x26e6 <HLCD_voidInit+0x8e8>
			__ticks --;
		}
		return;
	}
	else
		__ticks = (uint16_t)__tmp;
    26be:	6f 81       	ldd	r22, Y+7	; 0x07
    26c0:	78 85       	ldd	r23, Y+8	; 0x08
    26c2:	89 85       	ldd	r24, Y+9	; 0x09
    26c4:	9a 85       	ldd	r25, Y+10	; 0x0a
    26c6:	0e 94 49 00 	call	0x92	; 0x92 <__fixunssfsi>
    26ca:	dc 01       	movw	r26, r24
    26cc:	cb 01       	movw	r24, r22
    26ce:	9e 83       	std	Y+6, r25	; 0x06
    26d0:	8d 83       	std	Y+5, r24	; 0x05
    26d2:	8d 81       	ldd	r24, Y+5	; 0x05
    26d4:	9e 81       	ldd	r25, Y+6	; 0x06
    26d6:	9a 83       	std	Y+2, r25	; 0x02
    26d8:	89 83       	std	Y+1, r24	; 0x01
    26da:	89 81       	ldd	r24, Y+1	; 0x01
    26dc:	9a 81       	ldd	r25, Y+2	; 0x02
    26de:	01 97       	sbiw	r24, 0x01	; 1
    26e0:	f1 f7       	brne	.-4      	; 0x26de <HLCD_voidInit+0x8e0>
    26e2:	9a 83       	std	Y+2, r25	; 0x02
    26e4:	89 83       	std	Y+1, r24	; 0x01
    _delay_ms(1);
}
    26e6:	c4 59       	subi	r28, 0x94	; 148
    26e8:	df 4f       	sbci	r29, 0xFF	; 255
    26ea:	0f b6       	in	r0, 0x3f	; 63
    26ec:	f8 94       	cli
    26ee:	de bf       	out	0x3e, r29	; 62
    26f0:	0f be       	out	0x3f, r0	; 63
    26f2:	cd bf       	out	0x3d, r28	; 61
    26f4:	cf 91       	pop	r28
    26f6:	df 91       	pop	r29
    26f8:	1f 91       	pop	r17
    26fa:	0f 91       	pop	r16
    26fc:	08 95       	ret

000026fe <HLCD_voidSendCommand>:

void HLCD_voidSendCommand(u8 copy_u8Command) {
    26fe:	df 93       	push	r29
    2700:	cf 93       	push	r28
    2702:	0f 92       	push	r0
    2704:	cd b7       	in	r28, 0x3d	; 61
    2706:	de b7       	in	r29, 0x3e	; 62
    2708:	89 83       	std	Y+1, r24	; 0x01
    MDIO_voidSetPinValue(LCD_CONTROL_PORT, LCD_RS_PIN, DIO_LOW);
    270a:	80 e0       	ldi	r24, 0x00	; 0
    270c:	61 e0       	ldi	r22, 0x01	; 1
    270e:	40 e0       	ldi	r20, 0x00	; 0
    2710:	0e 94 57 08 	call	0x10ae	; 0x10ae <MDIO_voidSetPinValue>
    MDIO_voidSetPinValue(LCD_CONTROL_PORT, LCD_RW_PIN, DIO_LOW);
    2714:	80 e0       	ldi	r24, 0x00	; 0
    2716:	62 e0       	ldi	r22, 0x02	; 2
    2718:	40 e0       	ldi	r20, 0x00	; 0
    271a:	0e 94 57 08 	call	0x10ae	; 0x10ae <MDIO_voidSetPinValue>

    HLCD_voidWrite4Bits(copy_u8Command >> 4);
    271e:	89 81       	ldd	r24, Y+1	; 0x01
    2720:	82 95       	swap	r24
    2722:	8f 70       	andi	r24, 0x0F	; 15
    2724:	0e 94 cd 0e 	call	0x1d9a	; 0x1d9a <HLCD_voidWrite4Bits>
    HLCD_voidWrite4Bits(copy_u8Command & 0x0F);
    2728:	89 81       	ldd	r24, Y+1	; 0x01
    272a:	8f 70       	andi	r24, 0x0F	; 15
    272c:	0e 94 cd 0e 	call	0x1d9a	; 0x1d9a <HLCD_voidWrite4Bits>
}
    2730:	0f 90       	pop	r0
    2732:	cf 91       	pop	r28
    2734:	df 91       	pop	r29
    2736:	08 95       	ret

00002738 <HLCD_voidSendData>:

void HLCD_voidSendData(u8 copy_u8Data) {
    2738:	df 93       	push	r29
    273a:	cf 93       	push	r28
    273c:	0f 92       	push	r0
    273e:	cd b7       	in	r28, 0x3d	; 61
    2740:	de b7       	in	r29, 0x3e	; 62
    2742:	89 83       	std	Y+1, r24	; 0x01
    MDIO_voidSetPinValue(LCD_CONTROL_PORT, LCD_RS_PIN, DIO_HIGH);
    2744:	80 e0       	ldi	r24, 0x00	; 0
    2746:	61 e0       	ldi	r22, 0x01	; 1
    2748:	41 e0       	ldi	r20, 0x01	; 1
    274a:	0e 94 57 08 	call	0x10ae	; 0x10ae <MDIO_voidSetPinValue>
    MDIO_voidSetPinValue(LCD_CONTROL_PORT, LCD_RW_PIN, DIO_LOW);
    274e:	80 e0       	ldi	r24, 0x00	; 0
    2750:	62 e0       	ldi	r22, 0x02	; 2
    2752:	40 e0       	ldi	r20, 0x00	; 0
    2754:	0e 94 57 08 	call	0x10ae	; 0x10ae <MDIO_voidSetPinValue>

    HLCD_voidWrite4Bits(copy_u8Data >> 4);
    2758:	89 81       	ldd	r24, Y+1	; 0x01
    275a:	82 95       	swap	r24
    275c:	8f 70       	andi	r24, 0x0F	; 15
    275e:	0e 94 cd 0e 	call	0x1d9a	; 0x1d9a <HLCD_voidWrite4Bits>
    HLCD_voidWrite4Bits(copy_u8Data & 0x0F);
    2762:	89 81       	ldd	r24, Y+1	; 0x01
    2764:	8f 70       	andi	r24, 0x0F	; 15
    2766:	0e 94 cd 0e 	call	0x1d9a	; 0x1d9a <HLCD_voidWrite4Bits>
}
    276a:	0f 90       	pop	r0
    276c:	cf 91       	pop	r28
    276e:	df 91       	pop	r29
    2770:	08 95       	ret

00002772 <HLCD_voidClearDisplay>:

void HLCD_voidClearDisplay(void) {
    2772:	df 93       	push	r29
    2774:	cf 93       	push	r28
    2776:	cd b7       	in	r28, 0x3d	; 61
    2778:	de b7       	in	r29, 0x3e	; 62
    277a:	2e 97       	sbiw	r28, 0x0e	; 14
    277c:	0f b6       	in	r0, 0x3f	; 63
    277e:	f8 94       	cli
    2780:	de bf       	out	0x3e, r29	; 62
    2782:	0f be       	out	0x3f, r0	; 63
    2784:	cd bf       	out	0x3d, r28	; 61
    HLCD_voidSendCommand(0x01);
    2786:	81 e0       	ldi	r24, 0x01	; 1
    2788:	0e 94 7f 13 	call	0x26fe	; 0x26fe <HLCD_voidSendCommand>
    278c:	80 e0       	ldi	r24, 0x00	; 0
    278e:	90 e0       	ldi	r25, 0x00	; 0
    2790:	a0 e0       	ldi	r26, 0x00	; 0
    2792:	b0 e4       	ldi	r27, 0x40	; 64
    2794:	8b 87       	std	Y+11, r24	; 0x0b
    2796:	9c 87       	std	Y+12, r25	; 0x0c
    2798:	ad 87       	std	Y+13, r26	; 0x0d
    279a:	be 87       	std	Y+14, r27	; 0x0e
 */
void
_delay_ms(double __ms)
{
	uint16_t __ticks;
	double __tmp = ((F_CPU) / 4e3) * __ms;
    279c:	6b 85       	ldd	r22, Y+11	; 0x0b
    279e:	7c 85       	ldd	r23, Y+12	; 0x0c
    27a0:	8d 85       	ldd	r24, Y+13	; 0x0d
    27a2:	9e 85       	ldd	r25, Y+14	; 0x0e
    27a4:	20 e0       	ldi	r18, 0x00	; 0
    27a6:	30 e0       	ldi	r19, 0x00	; 0
    27a8:	4a e7       	ldi	r20, 0x7A	; 122
    27aa:	55 e4       	ldi	r21, 0x45	; 69
    27ac:	0e 94 1f 02 	call	0x43e	; 0x43e <__mulsf3>
    27b0:	dc 01       	movw	r26, r24
    27b2:	cb 01       	movw	r24, r22
    27b4:	8f 83       	std	Y+7, r24	; 0x07
    27b6:	98 87       	std	Y+8, r25	; 0x08
    27b8:	a9 87       	std	Y+9, r26	; 0x09
    27ba:	ba 87       	std	Y+10, r27	; 0x0a
	if (__tmp < 1.0)
    27bc:	6f 81       	ldd	r22, Y+7	; 0x07
    27be:	78 85       	ldd	r23, Y+8	; 0x08
    27c0:	89 85       	ldd	r24, Y+9	; 0x09
    27c2:	9a 85       	ldd	r25, Y+10	; 0x0a
    27c4:	20 e0       	ldi	r18, 0x00	; 0
    27c6:	30 e0       	ldi	r19, 0x00	; 0
    27c8:	40 e8       	ldi	r20, 0x80	; 128
    27ca:	5f e3       	ldi	r21, 0x3F	; 63
    27cc:	0e 94 25 04 	call	0x84a	; 0x84a <__ltsf2>
    27d0:	88 23       	and	r24, r24
    27d2:	2c f4       	brge	.+10     	; 0x27de <HLCD_voidClearDisplay+0x6c>
		__ticks = 1;
    27d4:	81 e0       	ldi	r24, 0x01	; 1
    27d6:	90 e0       	ldi	r25, 0x00	; 0
    27d8:	9e 83       	std	Y+6, r25	; 0x06
    27da:	8d 83       	std	Y+5, r24	; 0x05
    27dc:	3f c0       	rjmp	.+126    	; 0x285c <HLCD_voidClearDisplay+0xea>
	else if (__tmp > 65535)
    27de:	6f 81       	ldd	r22, Y+7	; 0x07
    27e0:	78 85       	ldd	r23, Y+8	; 0x08
    27e2:	89 85       	ldd	r24, Y+9	; 0x09
    27e4:	9a 85       	ldd	r25, Y+10	; 0x0a
    27e6:	20 e0       	ldi	r18, 0x00	; 0
    27e8:	3f ef       	ldi	r19, 0xFF	; 255
    27ea:	4f e7       	ldi	r20, 0x7F	; 127
    27ec:	57 e4       	ldi	r21, 0x47	; 71
    27ee:	0e 94 c5 03 	call	0x78a	; 0x78a <__gtsf2>
    27f2:	18 16       	cp	r1, r24
    27f4:	4c f5       	brge	.+82     	; 0x2848 <HLCD_voidClearDisplay+0xd6>
	{
		//	__ticks = requested delay in 1/10 ms
		__ticks = (uint16_t) (__ms * 10.0);
    27f6:	6b 85       	ldd	r22, Y+11	; 0x0b
    27f8:	7c 85       	ldd	r23, Y+12	; 0x0c
    27fa:	8d 85       	ldd	r24, Y+13	; 0x0d
    27fc:	9e 85       	ldd	r25, Y+14	; 0x0e
    27fe:	20 e0       	ldi	r18, 0x00	; 0
    2800:	30 e0       	ldi	r19, 0x00	; 0
    2802:	40 e2       	ldi	r20, 0x20	; 32
    2804:	51 e4       	ldi	r21, 0x41	; 65
    2806:	0e 94 1f 02 	call	0x43e	; 0x43e <__mulsf3>
    280a:	dc 01       	movw	r26, r24
    280c:	cb 01       	movw	r24, r22
    280e:	bc 01       	movw	r22, r24
    2810:	cd 01       	movw	r24, r26
    2812:	0e 94 49 00 	call	0x92	; 0x92 <__fixunssfsi>
    2816:	dc 01       	movw	r26, r24
    2818:	cb 01       	movw	r24, r22
    281a:	9e 83       	std	Y+6, r25	; 0x06
    281c:	8d 83       	std	Y+5, r24	; 0x05
    281e:	0f c0       	rjmp	.+30     	; 0x283e <HLCD_voidClearDisplay+0xcc>
    2820:	80 e9       	ldi	r24, 0x90	; 144
    2822:	91 e0       	ldi	r25, 0x01	; 1
    2824:	9c 83       	std	Y+4, r25	; 0x04
    2826:	8b 83       	std	Y+3, r24	; 0x03
    2828:	8b 81       	ldd	r24, Y+3	; 0x03
    282a:	9c 81       	ldd	r25, Y+4	; 0x04
    282c:	01 97       	sbiw	r24, 0x01	; 1
    282e:	f1 f7       	brne	.-4      	; 0x282c <HLCD_voidClearDisplay+0xba>
    2830:	9c 83       	std	Y+4, r25	; 0x04
    2832:	8b 83       	std	Y+3, r24	; 0x03
		while(__ticks)
		{
			// wait 1/10 ms
			_delay_loop_2(((F_CPU) / 4e3) / 10);
			__ticks --;
    2834:	8d 81       	ldd	r24, Y+5	; 0x05
    2836:	9e 81       	ldd	r25, Y+6	; 0x06
    2838:	01 97       	sbiw	r24, 0x01	; 1
    283a:	9e 83       	std	Y+6, r25	; 0x06
    283c:	8d 83       	std	Y+5, r24	; 0x05
		__ticks = 1;
	else if (__tmp > 65535)
	{
		//	__ticks = requested delay in 1/10 ms
		__ticks = (uint16_t) (__ms * 10.0);
		while(__ticks)
    283e:	8d 81       	ldd	r24, Y+5	; 0x05
    2840:	9e 81       	ldd	r25, Y+6	; 0x06
    2842:	00 97       	sbiw	r24, 0x00	; 0
    2844:	69 f7       	brne	.-38     	; 0x2820 <HLCD_voidClearDisplay+0xae>
    2846:	14 c0       	rjmp	.+40     	; 0x2870 <HLCD_voidClearDisplay+0xfe>
			__ticks --;
		}
		return;
	}
	else
		__ticks = (uint16_t)__tmp;
    2848:	6f 81       	ldd	r22, Y+7	; 0x07
    284a:	78 85       	ldd	r23, Y+8	; 0x08
    284c:	89 85       	ldd	r24, Y+9	; 0x09
    284e:	9a 85       	ldd	r25, Y+10	; 0x0a
    2850:	0e 94 49 00 	call	0x92	; 0x92 <__fixunssfsi>
    2854:	dc 01       	movw	r26, r24
    2856:	cb 01       	movw	r24, r22
    2858:	9e 83       	std	Y+6, r25	; 0x06
    285a:	8d 83       	std	Y+5, r24	; 0x05
    285c:	8d 81       	ldd	r24, Y+5	; 0x05
    285e:	9e 81       	ldd	r25, Y+6	; 0x06
    2860:	9a 83       	std	Y+2, r25	; 0x02
    2862:	89 83       	std	Y+1, r24	; 0x01
    2864:	89 81       	ldd	r24, Y+1	; 0x01
    2866:	9a 81       	ldd	r25, Y+2	; 0x02
    2868:	01 97       	sbiw	r24, 0x01	; 1
    286a:	f1 f7       	brne	.-4      	; 0x2868 <HLCD_voidClearDisplay+0xf6>
    286c:	9a 83       	std	Y+2, r25	; 0x02
    286e:	89 83       	std	Y+1, r24	; 0x01
    _delay_ms(2);
}
    2870:	2e 96       	adiw	r28, 0x0e	; 14
    2872:	0f b6       	in	r0, 0x3f	; 63
    2874:	f8 94       	cli
    2876:	de bf       	out	0x3e, r29	; 62
    2878:	0f be       	out	0x3f, r0	; 63
    287a:	cd bf       	out	0x3d, r28	; 61
    287c:	cf 91       	pop	r28
    287e:	df 91       	pop	r29
    2880:	08 95       	ret

00002882 <HLCD_voidSendString>:

void HLCD_voidSendString(u8 *copy_u8String) {
    2882:	df 93       	push	r29
    2884:	cf 93       	push	r28
    2886:	00 d0       	rcall	.+0      	; 0x2888 <HLCD_voidSendString+0x6>
    2888:	0f 92       	push	r0
    288a:	cd b7       	in	r28, 0x3d	; 61
    288c:	de b7       	in	r29, 0x3e	; 62
    288e:	9b 83       	std	Y+3, r25	; 0x03
    2890:	8a 83       	std	Y+2, r24	; 0x02
    u8 Local_u8Iterator = 0;
    2892:	19 82       	std	Y+1, r1	; 0x01
    2894:	0e c0       	rjmp	.+28     	; 0x28b2 <HLCD_voidSendString+0x30>
    while (copy_u8String[Local_u8Iterator] != '\0') {
        HLCD_voidSendData(copy_u8String[Local_u8Iterator]);
    2896:	89 81       	ldd	r24, Y+1	; 0x01
    2898:	28 2f       	mov	r18, r24
    289a:	30 e0       	ldi	r19, 0x00	; 0
    289c:	8a 81       	ldd	r24, Y+2	; 0x02
    289e:	9b 81       	ldd	r25, Y+3	; 0x03
    28a0:	fc 01       	movw	r30, r24
    28a2:	e2 0f       	add	r30, r18
    28a4:	f3 1f       	adc	r31, r19
    28a6:	80 81       	ld	r24, Z
    28a8:	0e 94 9c 13 	call	0x2738	; 0x2738 <HLCD_voidSendData>
        Local_u8Iterator++;
    28ac:	89 81       	ldd	r24, Y+1	; 0x01
    28ae:	8f 5f       	subi	r24, 0xFF	; 255
    28b0:	89 83       	std	Y+1, r24	; 0x01
    _delay_ms(2);
}

void HLCD_voidSendString(u8 *copy_u8String) {
    u8 Local_u8Iterator = 0;
    while (copy_u8String[Local_u8Iterator] != '\0') {
    28b2:	89 81       	ldd	r24, Y+1	; 0x01
    28b4:	28 2f       	mov	r18, r24
    28b6:	30 e0       	ldi	r19, 0x00	; 0
    28b8:	8a 81       	ldd	r24, Y+2	; 0x02
    28ba:	9b 81       	ldd	r25, Y+3	; 0x03
    28bc:	fc 01       	movw	r30, r24
    28be:	e2 0f       	add	r30, r18
    28c0:	f3 1f       	adc	r31, r19
    28c2:	80 81       	ld	r24, Z
    28c4:	88 23       	and	r24, r24
    28c6:	39 f7       	brne	.-50     	; 0x2896 <HLCD_voidSendString+0x14>
        HLCD_voidSendData(copy_u8String[Local_u8Iterator]);
        Local_u8Iterator++;
    }
}
    28c8:	0f 90       	pop	r0
    28ca:	0f 90       	pop	r0
    28cc:	0f 90       	pop	r0
    28ce:	cf 91       	pop	r28
    28d0:	df 91       	pop	r29
    28d2:	08 95       	ret

000028d4 <HLCD_voidDisplayNumber>:


void HLCD_voidDisplayNumber(u32 copy_u8Number) {
    28d4:	0f 93       	push	r16
    28d6:	1f 93       	push	r17
    28d8:	df 93       	push	r29
    28da:	cf 93       	push	r28
    28dc:	cd b7       	in	r28, 0x3d	; 61
    28de:	de b7       	in	r29, 0x3e	; 62
    28e0:	2f 97       	sbiw	r28, 0x0f	; 15
    28e2:	0f b6       	in	r0, 0x3f	; 63
    28e4:	f8 94       	cli
    28e6:	de bf       	out	0x3e, r29	; 62
    28e8:	0f be       	out	0x3f, r0	; 63
    28ea:	cd bf       	out	0x3d, r28	; 61
    28ec:	6c 87       	std	Y+12, r22	; 0x0c
    28ee:	7d 87       	std	Y+13, r23	; 0x0d
    28f0:	8e 87       	std	Y+14, r24	; 0x0e
    28f2:	9f 87       	std	Y+15, r25	; 0x0f
    u8 Local_u8Arr[10];
    s8 Local_s8Iterator = 0;
    28f4:	19 82       	std	Y+1, r1	; 0x01

    if (copy_u8Number == 0) {
    28f6:	8c 85       	ldd	r24, Y+12	; 0x0c
    28f8:	9d 85       	ldd	r25, Y+13	; 0x0d
    28fa:	ae 85       	ldd	r26, Y+14	; 0x0e
    28fc:	bf 85       	ldd	r27, Y+15	; 0x0f
    28fe:	00 97       	sbiw	r24, 0x00	; 0
    2900:	a1 05       	cpc	r26, r1
    2902:	b1 05       	cpc	r27, r1
    2904:	a1 f5       	brne	.+104    	; 0x296e <HLCD_voidDisplayNumber+0x9a>
        HLCD_voidSendData('0');
    2906:	80 e3       	ldi	r24, 0x30	; 48
    2908:	0e 94 9c 13 	call	0x2738	; 0x2738 <HLCD_voidSendData>
    290c:	4f c0       	rjmp	.+158    	; 0x29ac <HLCD_voidDisplayNumber+0xd8>
        return;
    }

    while (copy_u8Number != 0) {
        Local_u8Arr[Local_s8Iterator] = (copy_u8Number % 10) + '0';
    290e:	89 81       	ldd	r24, Y+1	; 0x01
    2910:	08 2f       	mov	r16, r24
    2912:	11 27       	eor	r17, r17
    2914:	07 fd       	sbrc	r16, 7
    2916:	10 95       	com	r17
    2918:	8c 85       	ldd	r24, Y+12	; 0x0c
    291a:	9d 85       	ldd	r25, Y+13	; 0x0d
    291c:	ae 85       	ldd	r26, Y+14	; 0x0e
    291e:	bf 85       	ldd	r27, Y+15	; 0x0f
    2920:	2a e0       	ldi	r18, 0x0A	; 10
    2922:	30 e0       	ldi	r19, 0x00	; 0
    2924:	40 e0       	ldi	r20, 0x00	; 0
    2926:	50 e0       	ldi	r21, 0x00	; 0
    2928:	bc 01       	movw	r22, r24
    292a:	cd 01       	movw	r24, r26
    292c:	0e 94 f7 1b 	call	0x37ee	; 0x37ee <__udivmodsi4>
    2930:	dc 01       	movw	r26, r24
    2932:	cb 01       	movw	r24, r22
    2934:	28 2f       	mov	r18, r24
    2936:	20 5d       	subi	r18, 0xD0	; 208
    2938:	ce 01       	movw	r24, r28
    293a:	02 96       	adiw	r24, 0x02	; 2
    293c:	fc 01       	movw	r30, r24
    293e:	e0 0f       	add	r30, r16
    2940:	f1 1f       	adc	r31, r17
    2942:	20 83       	st	Z, r18
        copy_u8Number /= 10;
    2944:	8c 85       	ldd	r24, Y+12	; 0x0c
    2946:	9d 85       	ldd	r25, Y+13	; 0x0d
    2948:	ae 85       	ldd	r26, Y+14	; 0x0e
    294a:	bf 85       	ldd	r27, Y+15	; 0x0f
    294c:	2a e0       	ldi	r18, 0x0A	; 10
    294e:	30 e0       	ldi	r19, 0x00	; 0
    2950:	40 e0       	ldi	r20, 0x00	; 0
    2952:	50 e0       	ldi	r21, 0x00	; 0
    2954:	bc 01       	movw	r22, r24
    2956:	cd 01       	movw	r24, r26
    2958:	0e 94 f7 1b 	call	0x37ee	; 0x37ee <__udivmodsi4>
    295c:	da 01       	movw	r26, r20
    295e:	c9 01       	movw	r24, r18
    2960:	8c 87       	std	Y+12, r24	; 0x0c
    2962:	9d 87       	std	Y+13, r25	; 0x0d
    2964:	ae 87       	std	Y+14, r26	; 0x0e
    2966:	bf 87       	std	Y+15, r27	; 0x0f
        Local_s8Iterator++;
    2968:	89 81       	ldd	r24, Y+1	; 0x01
    296a:	8f 5f       	subi	r24, 0xFF	; 255
    296c:	89 83       	std	Y+1, r24	; 0x01
    if (copy_u8Number == 0) {
        HLCD_voidSendData('0');
        return;
    }

    while (copy_u8Number != 0) {
    296e:	8c 85       	ldd	r24, Y+12	; 0x0c
    2970:	9d 85       	ldd	r25, Y+13	; 0x0d
    2972:	ae 85       	ldd	r26, Y+14	; 0x0e
    2974:	bf 85       	ldd	r27, Y+15	; 0x0f
    2976:	00 97       	sbiw	r24, 0x00	; 0
    2978:	a1 05       	cpc	r26, r1
    297a:	b1 05       	cpc	r27, r1
    297c:	41 f6       	brne	.-112    	; 0x290e <HLCD_voidDisplayNumber+0x3a>
        Local_u8Arr[Local_s8Iterator] = (copy_u8Number % 10) + '0';
        copy_u8Number /= 10;
        Local_s8Iterator++;
    }

    Local_s8Iterator--;
    297e:	89 81       	ldd	r24, Y+1	; 0x01
    2980:	81 50       	subi	r24, 0x01	; 1
    2982:	89 83       	std	Y+1, r24	; 0x01
    2984:	10 c0       	rjmp	.+32     	; 0x29a6 <HLCD_voidDisplayNumber+0xd2>
    while (Local_s8Iterator >= 0) {
        HLCD_voidSendData(Local_u8Arr[Local_s8Iterator]);
    2986:	89 81       	ldd	r24, Y+1	; 0x01
    2988:	28 2f       	mov	r18, r24
    298a:	33 27       	eor	r19, r19
    298c:	27 fd       	sbrc	r18, 7
    298e:	30 95       	com	r19
    2990:	ce 01       	movw	r24, r28
    2992:	02 96       	adiw	r24, 0x02	; 2
    2994:	fc 01       	movw	r30, r24
    2996:	e2 0f       	add	r30, r18
    2998:	f3 1f       	adc	r31, r19
    299a:	80 81       	ld	r24, Z
    299c:	0e 94 9c 13 	call	0x2738	; 0x2738 <HLCD_voidSendData>
        Local_s8Iterator--;
    29a0:	89 81       	ldd	r24, Y+1	; 0x01
    29a2:	81 50       	subi	r24, 0x01	; 1
    29a4:	89 83       	std	Y+1, r24	; 0x01
        copy_u8Number /= 10;
        Local_s8Iterator++;
    }

    Local_s8Iterator--;
    while (Local_s8Iterator >= 0) {
    29a6:	89 81       	ldd	r24, Y+1	; 0x01
    29a8:	88 23       	and	r24, r24
    29aa:	6c f7       	brge	.-38     	; 0x2986 <HLCD_voidDisplayNumber+0xb2>
        HLCD_voidSendData(Local_u8Arr[Local_s8Iterator]);
        Local_s8Iterator--;
    }
}
    29ac:	2f 96       	adiw	r28, 0x0f	; 15
    29ae:	0f b6       	in	r0, 0x3f	; 63
    29b0:	f8 94       	cli
    29b2:	de bf       	out	0x3e, r29	; 62
    29b4:	0f be       	out	0x3f, r0	; 63
    29b6:	cd bf       	out	0x3d, r28	; 61
    29b8:	cf 91       	pop	r28
    29ba:	df 91       	pop	r29
    29bc:	1f 91       	pop	r17
    29be:	0f 91       	pop	r16
    29c0:	08 95       	ret

000029c2 <HLCD_voidGoToPos>:

void HLCD_voidGoToPos(u8 copy_u8Row, u8 copy_u8Col) {
    29c2:	df 93       	push	r29
    29c4:	cf 93       	push	r28
    29c6:	00 d0       	rcall	.+0      	; 0x29c8 <HLCD_voidGoToPos+0x6>
    29c8:	00 d0       	rcall	.+0      	; 0x29ca <HLCD_voidGoToPos+0x8>
    29ca:	0f 92       	push	r0
    29cc:	cd b7       	in	r28, 0x3d	; 61
    29ce:	de b7       	in	r29, 0x3e	; 62
    29d0:	8a 83       	std	Y+2, r24	; 0x02
    29d2:	6b 83       	std	Y+3, r22	; 0x03
    u8 Local_u8Address = 0;
    29d4:	19 82       	std	Y+1, r1	; 0x01
    switch (copy_u8Row) {
    29d6:	8a 81       	ldd	r24, Y+2	; 0x02
    29d8:	28 2f       	mov	r18, r24
    29da:	30 e0       	ldi	r19, 0x00	; 0
    29dc:	3d 83       	std	Y+5, r19	; 0x05
    29de:	2c 83       	std	Y+4, r18	; 0x04
    29e0:	8c 81       	ldd	r24, Y+4	; 0x04
    29e2:	9d 81       	ldd	r25, Y+5	; 0x05
    29e4:	81 30       	cpi	r24, 0x01	; 1
    29e6:	91 05       	cpc	r25, r1
    29e8:	31 f0       	breq	.+12     	; 0x29f6 <HLCD_voidGoToPos+0x34>
    29ea:	2c 81       	ldd	r18, Y+4	; 0x04
    29ec:	3d 81       	ldd	r19, Y+5	; 0x05
    29ee:	22 30       	cpi	r18, 0x02	; 2
    29f0:	31 05       	cpc	r19, r1
    29f2:	21 f0       	breq	.+8      	; 0x29fc <HLCD_voidGoToPos+0x3a>
    29f4:	06 c0       	rjmp	.+12     	; 0x2a02 <HLCD_voidGoToPos+0x40>
        case ROW1:
            Local_u8Address = copy_u8Col;
    29f6:	8b 81       	ldd	r24, Y+3	; 0x03
    29f8:	89 83       	std	Y+1, r24	; 0x01
    29fa:	03 c0       	rjmp	.+6      	; 0x2a02 <HLCD_voidGoToPos+0x40>
            break;
        case ROW2:
            Local_u8Address = copy_u8Col + 0x40;
    29fc:	8b 81       	ldd	r24, Y+3	; 0x03
    29fe:	80 5c       	subi	r24, 0xC0	; 192
    2a00:	89 83       	std	Y+1, r24	; 0x01
            break;
    }
    HLCD_voidSendCommand(Local_u8Address + 128);
    2a02:	89 81       	ldd	r24, Y+1	; 0x01
    2a04:	80 58       	subi	r24, 0x80	; 128
    2a06:	0e 94 7f 13 	call	0x26fe	; 0x26fe <HLCD_voidSendCommand>
}
    2a0a:	0f 90       	pop	r0
    2a0c:	0f 90       	pop	r0
    2a0e:	0f 90       	pop	r0
    2a10:	0f 90       	pop	r0
    2a12:	0f 90       	pop	r0
    2a14:	cf 91       	pop	r28
    2a16:	df 91       	pop	r29
    2a18:	08 95       	ret

00002a1a <HLCD_voidSendSpecialCharacter>:

void HLCD_voidSendSpecialCharacter(u8 *copy_u8Pattern, u8 copy_u8PatternNum, u8 copy_u8Row, u8 copy_u8Col) {
    2a1a:	df 93       	push	r29
    2a1c:	cf 93       	push	r28
    2a1e:	cd b7       	in	r28, 0x3d	; 61
    2a20:	de b7       	in	r29, 0x3e	; 62
    2a22:	27 97       	sbiw	r28, 0x07	; 7
    2a24:	0f b6       	in	r0, 0x3f	; 63
    2a26:	f8 94       	cli
    2a28:	de bf       	out	0x3e, r29	; 62
    2a2a:	0f be       	out	0x3f, r0	; 63
    2a2c:	cd bf       	out	0x3d, r28	; 61
    2a2e:	9c 83       	std	Y+4, r25	; 0x04
    2a30:	8b 83       	std	Y+3, r24	; 0x03
    2a32:	6d 83       	std	Y+5, r22	; 0x05
    2a34:	4e 83       	std	Y+6, r20	; 0x06
    2a36:	2f 83       	std	Y+7, r18	; 0x07
    u8 Local_u8CGRAMAddress = copy_u8PatternNum * 8;
    2a38:	8d 81       	ldd	r24, Y+5	; 0x05
    2a3a:	88 2f       	mov	r24, r24
    2a3c:	90 e0       	ldi	r25, 0x00	; 0
    2a3e:	88 0f       	add	r24, r24
    2a40:	99 1f       	adc	r25, r25
    2a42:	88 0f       	add	r24, r24
    2a44:	99 1f       	adc	r25, r25
    2a46:	88 0f       	add	r24, r24
    2a48:	99 1f       	adc	r25, r25
    2a4a:	8a 83       	std	Y+2, r24	; 0x02
    HLCD_voidSendCommand(Local_u8CGRAMAddress + 64);
    2a4c:	8a 81       	ldd	r24, Y+2	; 0x02
    2a4e:	80 5c       	subi	r24, 0xC0	; 192
    2a50:	0e 94 7f 13 	call	0x26fe	; 0x26fe <HLCD_voidSendCommand>

    for (u8 Local_u8Iterator = 0; Local_u8Iterator < 8; Local_u8Iterator++) {
    2a54:	19 82       	std	Y+1, r1	; 0x01
    2a56:	0e c0       	rjmp	.+28     	; 0x2a74 <HLCD_voidSendSpecialCharacter+0x5a>
        HLCD_voidSendData(copy_u8Pattern[Local_u8Iterator]);
    2a58:	89 81       	ldd	r24, Y+1	; 0x01
    2a5a:	28 2f       	mov	r18, r24
    2a5c:	30 e0       	ldi	r19, 0x00	; 0
    2a5e:	8b 81       	ldd	r24, Y+3	; 0x03
    2a60:	9c 81       	ldd	r25, Y+4	; 0x04
    2a62:	fc 01       	movw	r30, r24
    2a64:	e2 0f       	add	r30, r18
    2a66:	f3 1f       	adc	r31, r19
    2a68:	80 81       	ld	r24, Z
    2a6a:	0e 94 9c 13 	call	0x2738	; 0x2738 <HLCD_voidSendData>

void HLCD_voidSendSpecialCharacter(u8 *copy_u8Pattern, u8 copy_u8PatternNum, u8 copy_u8Row, u8 copy_u8Col) {
    u8 Local_u8CGRAMAddress = copy_u8PatternNum * 8;
    HLCD_voidSendCommand(Local_u8CGRAMAddress + 64);

    for (u8 Local_u8Iterator = 0; Local_u8Iterator < 8; Local_u8Iterator++) {
    2a6e:	89 81       	ldd	r24, Y+1	; 0x01
    2a70:	8f 5f       	subi	r24, 0xFF	; 255
    2a72:	89 83       	std	Y+1, r24	; 0x01
    2a74:	89 81       	ldd	r24, Y+1	; 0x01
    2a76:	88 30       	cpi	r24, 0x08	; 8
    2a78:	78 f3       	brcs	.-34     	; 0x2a58 <HLCD_voidSendSpecialCharacter+0x3e>
        HLCD_voidSendData(copy_u8Pattern[Local_u8Iterator]);
    }

    HLCD_voidGoToPos(copy_u8Row, copy_u8Col);
    2a7a:	8e 81       	ldd	r24, Y+6	; 0x06
    2a7c:	6f 81       	ldd	r22, Y+7	; 0x07
    2a7e:	0e 94 e1 14 	call	0x29c2	; 0x29c2 <HLCD_voidGoToPos>
    HLCD_voidSendData(copy_u8PatternNum);
    2a82:	8d 81       	ldd	r24, Y+5	; 0x05
    2a84:	0e 94 9c 13 	call	0x2738	; 0x2738 <HLCD_voidSendData>
}
    2a88:	27 96       	adiw	r28, 0x07	; 7
    2a8a:	0f b6       	in	r0, 0x3f	; 63
    2a8c:	f8 94       	cli
    2a8e:	de bf       	out	0x3e, r29	; 62
    2a90:	0f be       	out	0x3f, r0	; 63
    2a92:	cd bf       	out	0x3d, r28	; 61
    2a94:	cf 91       	pop	r28
    2a96:	df 91       	pop	r29
    2a98:	08 95       	ret

00002a9a <BCD_to_DEC>:
#include "../INCLUDE/HAL/RTC/RTC_PRIVATE.h"
#include "../INCLUDE/HAL/RTC/RTC_CFG.h"


static u8 BCD_to_DEC(u8 A_u8BCDValue)
{
    2a9a:	df 93       	push	r29
    2a9c:	cf 93       	push	r28
    2a9e:	0f 92       	push	r0
    2aa0:	cd b7       	in	r28, 0x3d	; 61
    2aa2:	de b7       	in	r29, 0x3e	; 62
    2aa4:	89 83       	std	Y+1, r24	; 0x01
    return ((A_u8BCDValue >> 4) * 10) + (A_u8BCDValue & 0x0F);
    2aa6:	89 81       	ldd	r24, Y+1	; 0x01
    2aa8:	82 95       	swap	r24
    2aaa:	8f 70       	andi	r24, 0x0F	; 15
    2aac:	88 2f       	mov	r24, r24
    2aae:	90 e0       	ldi	r25, 0x00	; 0
    2ab0:	9c 01       	movw	r18, r24
    2ab2:	22 0f       	add	r18, r18
    2ab4:	33 1f       	adc	r19, r19
    2ab6:	c9 01       	movw	r24, r18
    2ab8:	88 0f       	add	r24, r24
    2aba:	99 1f       	adc	r25, r25
    2abc:	88 0f       	add	r24, r24
    2abe:	99 1f       	adc	r25, r25
    2ac0:	82 0f       	add	r24, r18
    2ac2:	93 1f       	adc	r25, r19
    2ac4:	98 2f       	mov	r25, r24
    2ac6:	89 81       	ldd	r24, Y+1	; 0x01
    2ac8:	8f 70       	andi	r24, 0x0F	; 15
    2aca:	89 0f       	add	r24, r25
}
    2acc:	0f 90       	pop	r0
    2ace:	cf 91       	pop	r28
    2ad0:	df 91       	pop	r29
    2ad2:	08 95       	ret

00002ad4 <DEC_to_BCD>:

static u8 DEC_to_BCD(u8 A_u8DECValue)
{
    2ad4:	df 93       	push	r29
    2ad6:	cf 93       	push	r28
    2ad8:	0f 92       	push	r0
    2ada:	cd b7       	in	r28, 0x3d	; 61
    2adc:	de b7       	in	r29, 0x3e	; 62
    2ade:	89 83       	std	Y+1, r24	; 0x01
    return ((A_u8DECValue / 10) << 4) | (A_u8DECValue % 10);
    2ae0:	89 81       	ldd	r24, Y+1	; 0x01
    2ae2:	9a e0       	ldi	r25, 0x0A	; 10
    2ae4:	69 2f       	mov	r22, r25
    2ae6:	0e 94 d7 1b 	call	0x37ae	; 0x37ae <__udivmodqi4>
    2aea:	88 2f       	mov	r24, r24
    2aec:	90 e0       	ldi	r25, 0x00	; 0
    2aee:	82 95       	swap	r24
    2af0:	92 95       	swap	r25
    2af2:	90 7f       	andi	r25, 0xF0	; 240
    2af4:	98 27       	eor	r25, r24
    2af6:	80 7f       	andi	r24, 0xF0	; 240
    2af8:	98 27       	eor	r25, r24
    2afa:	28 2f       	mov	r18, r24
    2afc:	89 81       	ldd	r24, Y+1	; 0x01
    2afe:	9a e0       	ldi	r25, 0x0A	; 10
    2b00:	69 2f       	mov	r22, r25
    2b02:	0e 94 d7 1b 	call	0x37ae	; 0x37ae <__udivmodqi4>
    2b06:	89 2f       	mov	r24, r25
    2b08:	82 2b       	or	r24, r18
}
    2b0a:	0f 90       	pop	r0
    2b0c:	cf 91       	pop	r28
    2b0e:	df 91       	pop	r29
    2b10:	08 95       	ret

00002b12 <HRTC_voidInit>:

void HRTC_voidInit(void)
{
    2b12:	df 93       	push	r29
    2b14:	cf 93       	push	r28
    2b16:	cd b7       	in	r28, 0x3d	; 61
    2b18:	de b7       	in	r29, 0x3e	; 62

    MTWI_voidInit();
    2b1a:	0e 94 f7 15 	call	0x2bee	; 0x2bee <MTWI_voidInit>
}
    2b1e:	cf 91       	pop	r28
    2b20:	df 91       	pop	r29
    2b22:	08 95       	ret

00002b24 <HRTC_voidSetTime>:

void HRTC_voidSetTime(RTC_Time_t *A_PtrTime)
{
    2b24:	df 93       	push	r29
    2b26:	cf 93       	push	r28
    2b28:	00 d0       	rcall	.+0      	; 0x2b2a <HRTC_voidSetTime+0x6>
    2b2a:	cd b7       	in	r28, 0x3d	; 61
    2b2c:	de b7       	in	r29, 0x3e	; 62
    2b2e:	9a 83       	std	Y+2, r25	; 0x02
    2b30:	89 83       	std	Y+1, r24	; 0x01
    MTWI_voidSendStartCondition();
    2b32:	0e 94 0c 16 	call	0x2c18	; 0x2c18 <MTWI_voidSendStartCondition>
    MTWI_voidSendSlaveAddressWithWrite(RTC_SLAVE_ADDRESS);
    2b36:	88 e6       	ldi	r24, 0x68	; 104
    2b38:	0e 94 2c 16 	call	0x2c58	; 0x2c58 <MTWI_voidSendSlaveAddressWithWrite>

    MTWI_voidSendDataByte(0x00);
    2b3c:	80 e0       	ldi	r24, 0x00	; 0
    2b3e:	0e 94 60 16 	call	0x2cc0	; 0x2cc0 <MTWI_voidSendDataByte>


    MTWI_voidSendDataByte(DEC_to_BCD(A_PtrTime->Seconds));
    2b42:	e9 81       	ldd	r30, Y+1	; 0x01
    2b44:	fa 81       	ldd	r31, Y+2	; 0x02
    2b46:	80 81       	ld	r24, Z
    2b48:	0e 94 6a 15 	call	0x2ad4	; 0x2ad4 <DEC_to_BCD>
    2b4c:	0e 94 60 16 	call	0x2cc0	; 0x2cc0 <MTWI_voidSendDataByte>
    MTWI_voidSendDataByte(DEC_to_BCD(A_PtrTime->Minutes));
    2b50:	e9 81       	ldd	r30, Y+1	; 0x01
    2b52:	fa 81       	ldd	r31, Y+2	; 0x02
    2b54:	81 81       	ldd	r24, Z+1	; 0x01
    2b56:	0e 94 6a 15 	call	0x2ad4	; 0x2ad4 <DEC_to_BCD>
    2b5a:	0e 94 60 16 	call	0x2cc0	; 0x2cc0 <MTWI_voidSendDataByte>
    MTWI_voidSendDataByte(DEC_to_BCD(A_PtrTime->Hours));
    2b5e:	e9 81       	ldd	r30, Y+1	; 0x01
    2b60:	fa 81       	ldd	r31, Y+2	; 0x02
    2b62:	82 81       	ldd	r24, Z+2	; 0x02
    2b64:	0e 94 6a 15 	call	0x2ad4	; 0x2ad4 <DEC_to_BCD>
    2b68:	0e 94 60 16 	call	0x2cc0	; 0x2cc0 <MTWI_voidSendDataByte>

    MTWI_voidSendStopCondition();
    2b6c:	0e 94 8a 16 	call	0x2d14	; 0x2d14 <MTWI_voidSendStopCondition>
}
    2b70:	0f 90       	pop	r0
    2b72:	0f 90       	pop	r0
    2b74:	cf 91       	pop	r28
    2b76:	df 91       	pop	r29
    2b78:	08 95       	ret

00002b7a <HRTC_voidGetTime>:

void HRTC_voidGetTime(RTC_Time_t *A_PtrTime)
{
    2b7a:	df 93       	push	r29
    2b7c:	cf 93       	push	r28
    2b7e:	00 d0       	rcall	.+0      	; 0x2b80 <HRTC_voidGetTime+0x6>
    2b80:	cd b7       	in	r28, 0x3d	; 61
    2b82:	de b7       	in	r29, 0x3e	; 62
    2b84:	9a 83       	std	Y+2, r25	; 0x02
    2b86:	89 83       	std	Y+1, r24	; 0x01
    MTWI_voidSendStartCondition();
    2b88:	0e 94 0c 16 	call	0x2c18	; 0x2c18 <MTWI_voidSendStartCondition>
    MTWI_voidSendSlaveAddressWithWrite(RTC_SLAVE_ADDRESS);
    2b8c:	88 e6       	ldi	r24, 0x68	; 104
    2b8e:	0e 94 2c 16 	call	0x2c58	; 0x2c58 <MTWI_voidSendSlaveAddressWithWrite>
    MTWI_voidSendDataByte(0x00);
    2b92:	80 e0       	ldi	r24, 0x00	; 0
    2b94:	0e 94 60 16 	call	0x2cc0	; 0x2cc0 <MTWI_voidSendDataByte>

    MTWI_voidSendRepeatedStart();
    2b98:	0e 94 1c 16 	call	0x2c38	; 0x2c38 <MTWI_voidSendRepeatedStart>
    MTWI_voidSendSlaveAddressWithRead(RTC_SLAVE_ADDRESS);
    2b9c:	88 e6       	ldi	r24, 0x68	; 104
    2b9e:	0e 94 44 16 	call	0x2c88	; 0x2c88 <MTWI_voidSendSlaveAddressWithRead>

    A_PtrTime->Seconds = BCD_to_DEC(MTWI_u8ReceiveDataByte());
    2ba2:	0e 94 77 16 	call	0x2cee	; 0x2cee <MTWI_u8ReceiveDataByte>
    2ba6:	0e 94 4d 15 	call	0x2a9a	; 0x2a9a <BCD_to_DEC>
    2baa:	e9 81       	ldd	r30, Y+1	; 0x01
    2bac:	fa 81       	ldd	r31, Y+2	; 0x02
    2bae:	80 83       	st	Z, r24

    MTWI_voidSendRepeatedStart();
    2bb0:	0e 94 1c 16 	call	0x2c38	; 0x2c38 <MTWI_voidSendRepeatedStart>
    MTWI_voidSendSlaveAddressWithRead(RTC_SLAVE_ADDRESS);
    2bb4:	88 e6       	ldi	r24, 0x68	; 104
    2bb6:	0e 94 44 16 	call	0x2c88	; 0x2c88 <MTWI_voidSendSlaveAddressWithRead>
    A_PtrTime->Minutes = BCD_to_DEC(MTWI_u8ReceiveDataByte());
    2bba:	0e 94 77 16 	call	0x2cee	; 0x2cee <MTWI_u8ReceiveDataByte>
    2bbe:	0e 94 4d 15 	call	0x2a9a	; 0x2a9a <BCD_to_DEC>
    2bc2:	e9 81       	ldd	r30, Y+1	; 0x01
    2bc4:	fa 81       	ldd	r31, Y+2	; 0x02
    2bc6:	81 83       	std	Z+1, r24	; 0x01

    MTWI_voidSendRepeatedStart();
    2bc8:	0e 94 1c 16 	call	0x2c38	; 0x2c38 <MTWI_voidSendRepeatedStart>
    MTWI_voidSendSlaveAddressWithRead(RTC_SLAVE_ADDRESS);
    2bcc:	88 e6       	ldi	r24, 0x68	; 104
    2bce:	0e 94 44 16 	call	0x2c88	; 0x2c88 <MTWI_voidSendSlaveAddressWithRead>
    A_PtrTime->Hours   = BCD_to_DEC(MTWI_u8ReceiveDataByte());
    2bd2:	0e 94 77 16 	call	0x2cee	; 0x2cee <MTWI_u8ReceiveDataByte>
    2bd6:	0e 94 4d 15 	call	0x2a9a	; 0x2a9a <BCD_to_DEC>
    2bda:	e9 81       	ldd	r30, Y+1	; 0x01
    2bdc:	fa 81       	ldd	r31, Y+2	; 0x02
    2bde:	82 83       	std	Z+2, r24	; 0x02

    MTWI_voidSendStopCondition();
    2be0:	0e 94 8a 16 	call	0x2d14	; 0x2d14 <MTWI_voidSendStopCondition>
}
    2be4:	0f 90       	pop	r0
    2be6:	0f 90       	pop	r0
    2be8:	cf 91       	pop	r28
    2bea:	df 91       	pop	r29
    2bec:	08 95       	ret

00002bee <MTWI_voidInit>:
#include "../INCLUDE/MCAL/TWI/TWI_INTERFACE.h"
#include "../INCLUDE/MCAL/TWI/TWI_PRIVATE.h"
#include "../INCLUDE/MCAL/TWI/TWI_CFG.h"

void MTWI_voidInit(void)
{
    2bee:	df 93       	push	r29
    2bf0:	cf 93       	push	r28
    2bf2:	cd b7       	in	r28, 0x3d	; 61
    2bf4:	de b7       	in	r29, 0x3e	; 62

    TWBR = (u8) (((F_CPU / SCL_CLOCK) - 16) / 2);
    2bf6:	e0 e2       	ldi	r30, 0x20	; 32
    2bf8:	f0 e0       	ldi	r31, 0x00	; 0
    2bfa:	80 e2       	ldi	r24, 0x20	; 32
    2bfc:	80 83       	st	Z, r24

    TWSR = 0x00;
    2bfe:	e1 e2       	ldi	r30, 0x21	; 33
    2c00:	f0 e0       	ldi	r31, 0x00	; 0
    2c02:	10 82       	st	Z, r1

    SET_BIT(TWCR, TWEN);
    2c04:	a6 e5       	ldi	r26, 0x56	; 86
    2c06:	b0 e0       	ldi	r27, 0x00	; 0
    2c08:	e6 e5       	ldi	r30, 0x56	; 86
    2c0a:	f0 e0       	ldi	r31, 0x00	; 0
    2c0c:	80 81       	ld	r24, Z
    2c0e:	84 60       	ori	r24, 0x04	; 4
    2c10:	8c 93       	st	X, r24
}
    2c12:	cf 91       	pop	r28
    2c14:	df 91       	pop	r29
    2c16:	08 95       	ret

00002c18 <MTWI_voidSendStartCondition>:

void MTWI_voidSendStartCondition(void)
{
    2c18:	df 93       	push	r29
    2c1a:	cf 93       	push	r28
    2c1c:	cd b7       	in	r28, 0x3d	; 61
    2c1e:	de b7       	in	r29, 0x3e	; 62
    TWCR = (1 << TWINT) | (1 << TWSTA) | (1 << TWEN);
    2c20:	e6 e5       	ldi	r30, 0x56	; 86
    2c22:	f0 e0       	ldi	r31, 0x00	; 0
    2c24:	84 ea       	ldi	r24, 0xA4	; 164
    2c26:	80 83       	st	Z, r24
    while (GET_BIT(TWCR, TWINT) == 0);
    2c28:	e6 e5       	ldi	r30, 0x56	; 86
    2c2a:	f0 e0       	ldi	r31, 0x00	; 0
    2c2c:	80 81       	ld	r24, Z
    2c2e:	88 23       	and	r24, r24
    2c30:	dc f7       	brge	.-10     	; 0x2c28 <MTWI_voidSendStartCondition+0x10>
}
    2c32:	cf 91       	pop	r28
    2c34:	df 91       	pop	r29
    2c36:	08 95       	ret

00002c38 <MTWI_voidSendRepeatedStart>:

void MTWI_voidSendRepeatedStart(void)
{
    2c38:	df 93       	push	r29
    2c3a:	cf 93       	push	r28
    2c3c:	cd b7       	in	r28, 0x3d	; 61
    2c3e:	de b7       	in	r29, 0x3e	; 62
    TWCR = (1 << TWINT) | (1 << TWSTA) | (1 << TWEN);
    2c40:	e6 e5       	ldi	r30, 0x56	; 86
    2c42:	f0 e0       	ldi	r31, 0x00	; 0
    2c44:	84 ea       	ldi	r24, 0xA4	; 164
    2c46:	80 83       	st	Z, r24
    while (GET_BIT(TWCR, TWINT) == 0);
    2c48:	e6 e5       	ldi	r30, 0x56	; 86
    2c4a:	f0 e0       	ldi	r31, 0x00	; 0
    2c4c:	80 81       	ld	r24, Z
    2c4e:	88 23       	and	r24, r24
    2c50:	dc f7       	brge	.-10     	; 0x2c48 <MTWI_voidSendRepeatedStart+0x10>
}
    2c52:	cf 91       	pop	r28
    2c54:	df 91       	pop	r29
    2c56:	08 95       	ret

00002c58 <MTWI_voidSendSlaveAddressWithWrite>:

void MTWI_voidSendSlaveAddressWithWrite(u8 A_u8SlaveAddress)
{
    2c58:	df 93       	push	r29
    2c5a:	cf 93       	push	r28
    2c5c:	0f 92       	push	r0
    2c5e:	cd b7       	in	r28, 0x3d	; 61
    2c60:	de b7       	in	r29, 0x3e	; 62
    2c62:	89 83       	std	Y+1, r24	; 0x01
    TWDR = (A_u8SlaveAddress << 1);
    2c64:	e3 e2       	ldi	r30, 0x23	; 35
    2c66:	f0 e0       	ldi	r31, 0x00	; 0
    2c68:	89 81       	ldd	r24, Y+1	; 0x01
    2c6a:	88 0f       	add	r24, r24
    2c6c:	80 83       	st	Z, r24
    TWCR = (1 << TWINT) | (1 << TWEN);
    2c6e:	e6 e5       	ldi	r30, 0x56	; 86
    2c70:	f0 e0       	ldi	r31, 0x00	; 0
    2c72:	84 e8       	ldi	r24, 0x84	; 132
    2c74:	80 83       	st	Z, r24
    while (GET_BIT(TWCR, TWINT) == 0);
    2c76:	e6 e5       	ldi	r30, 0x56	; 86
    2c78:	f0 e0       	ldi	r31, 0x00	; 0
    2c7a:	80 81       	ld	r24, Z
    2c7c:	88 23       	and	r24, r24
    2c7e:	dc f7       	brge	.-10     	; 0x2c76 <MTWI_voidSendSlaveAddressWithWrite+0x1e>
}
    2c80:	0f 90       	pop	r0
    2c82:	cf 91       	pop	r28
    2c84:	df 91       	pop	r29
    2c86:	08 95       	ret

00002c88 <MTWI_voidSendSlaveAddressWithRead>:

void MTWI_voidSendSlaveAddressWithRead(u8 A_u8SlaveAddress)
{
    2c88:	df 93       	push	r29
    2c8a:	cf 93       	push	r28
    2c8c:	0f 92       	push	r0
    2c8e:	cd b7       	in	r28, 0x3d	; 61
    2c90:	de b7       	in	r29, 0x3e	; 62
    2c92:	89 83       	std	Y+1, r24	; 0x01
    TWDR = (A_u8SlaveAddress << 1) | 0x01;
    2c94:	e3 e2       	ldi	r30, 0x23	; 35
    2c96:	f0 e0       	ldi	r31, 0x00	; 0
    2c98:	89 81       	ldd	r24, Y+1	; 0x01
    2c9a:	88 2f       	mov	r24, r24
    2c9c:	90 e0       	ldi	r25, 0x00	; 0
    2c9e:	88 0f       	add	r24, r24
    2ca0:	99 1f       	adc	r25, r25
    2ca2:	81 60       	ori	r24, 0x01	; 1
    2ca4:	80 83       	st	Z, r24
    TWCR = (1 << TWINT) | (1 << TWEN);
    2ca6:	e6 e5       	ldi	r30, 0x56	; 86
    2ca8:	f0 e0       	ldi	r31, 0x00	; 0
    2caa:	84 e8       	ldi	r24, 0x84	; 132
    2cac:	80 83       	st	Z, r24
    while (GET_BIT(TWCR, TWINT) == 0);
    2cae:	e6 e5       	ldi	r30, 0x56	; 86
    2cb0:	f0 e0       	ldi	r31, 0x00	; 0
    2cb2:	80 81       	ld	r24, Z
    2cb4:	88 23       	and	r24, r24
    2cb6:	dc f7       	brge	.-10     	; 0x2cae <MTWI_voidSendSlaveAddressWithRead+0x26>
}
    2cb8:	0f 90       	pop	r0
    2cba:	cf 91       	pop	r28
    2cbc:	df 91       	pop	r29
    2cbe:	08 95       	ret

00002cc0 <MTWI_voidSendDataByte>:

void MTWI_voidSendDataByte(u8 A_u8DataByte)
{
    2cc0:	df 93       	push	r29
    2cc2:	cf 93       	push	r28
    2cc4:	0f 92       	push	r0
    2cc6:	cd b7       	in	r28, 0x3d	; 61
    2cc8:	de b7       	in	r29, 0x3e	; 62
    2cca:	89 83       	std	Y+1, r24	; 0x01
    TWDR = A_u8DataByte;
    2ccc:	e3 e2       	ldi	r30, 0x23	; 35
    2cce:	f0 e0       	ldi	r31, 0x00	; 0
    2cd0:	89 81       	ldd	r24, Y+1	; 0x01
    2cd2:	80 83       	st	Z, r24
    TWCR = (1 << TWINT) | (1 << TWEN);
    2cd4:	e6 e5       	ldi	r30, 0x56	; 86
    2cd6:	f0 e0       	ldi	r31, 0x00	; 0
    2cd8:	84 e8       	ldi	r24, 0x84	; 132
    2cda:	80 83       	st	Z, r24
    while (GET_BIT(TWCR, TWINT) == 0);
    2cdc:	e6 e5       	ldi	r30, 0x56	; 86
    2cde:	f0 e0       	ldi	r31, 0x00	; 0
    2ce0:	80 81       	ld	r24, Z
    2ce2:	88 23       	and	r24, r24
    2ce4:	dc f7       	brge	.-10     	; 0x2cdc <MTWI_voidSendDataByte+0x1c>
}
    2ce6:	0f 90       	pop	r0
    2ce8:	cf 91       	pop	r28
    2cea:	df 91       	pop	r29
    2cec:	08 95       	ret

00002cee <MTWI_u8ReceiveDataByte>:

u8 MTWI_u8ReceiveDataByte(void)
{
    2cee:	df 93       	push	r29
    2cf0:	cf 93       	push	r28
    2cf2:	cd b7       	in	r28, 0x3d	; 61
    2cf4:	de b7       	in	r29, 0x3e	; 62

    TWCR = (1 << TWINT) | (1 << TWEN);
    2cf6:	e6 e5       	ldi	r30, 0x56	; 86
    2cf8:	f0 e0       	ldi	r31, 0x00	; 0
    2cfa:	84 e8       	ldi	r24, 0x84	; 132
    2cfc:	80 83       	st	Z, r24
    while (GET_BIT(TWCR, TWINT) == 0);
    2cfe:	e6 e5       	ldi	r30, 0x56	; 86
    2d00:	f0 e0       	ldi	r31, 0x00	; 0
    2d02:	80 81       	ld	r24, Z
    2d04:	88 23       	and	r24, r24
    2d06:	dc f7       	brge	.-10     	; 0x2cfe <MTWI_u8ReceiveDataByte+0x10>
    return TWDR;
    2d08:	e3 e2       	ldi	r30, 0x23	; 35
    2d0a:	f0 e0       	ldi	r31, 0x00	; 0
    2d0c:	80 81       	ld	r24, Z
}
    2d0e:	cf 91       	pop	r28
    2d10:	df 91       	pop	r29
    2d12:	08 95       	ret

00002d14 <MTWI_voidSendStopCondition>:

void MTWI_voidSendStopCondition(void)
{
    2d14:	df 93       	push	r29
    2d16:	cf 93       	push	r28
    2d18:	cd b7       	in	r28, 0x3d	; 61
    2d1a:	de b7       	in	r29, 0x3e	; 62
    TWCR = (1 << TWINT) | (1 << TWEN) | (1 << TWSTO);
    2d1c:	e6 e5       	ldi	r30, 0x56	; 86
    2d1e:	f0 e0       	ldi	r31, 0x00	; 0
    2d20:	84 e9       	ldi	r24, 0x94	; 148
    2d22:	80 83       	st	Z, r24
}
    2d24:	cf 91       	pop	r28
    2d26:	df 91       	pop	r29
    2d28:	08 95       	ret

00002d2a <ISR_Button_ToggleAlarm>:
u8 Arrow_Down[8]  = {0x04, 0x04, 0x04, 0x04, 0x15, 0x0E, 0x04, 0x00}; // Pattern 3
u8 Arrow_Right[8] = {0x00, 0x04, 0x02, 0x1F, 0x02, 0x04, 0x00, 0x00}; // Pattern 4
u8 Bell_Icon[8]   = {0x04, 0x0E, 0x0E, 0x0E, 0x1F, 0x00, 0x04, 0x00}; // Pattern 5

/* ISR Callbacks for External Interrupt Buttons */
void ISR_Button_ToggleAlarm(void) {
    2d2a:	df 93       	push	r29
    2d2c:	cf 93       	push	r28
    2d2e:	0f 92       	push	r0
    2d30:	cd b7       	in	r28, 0x3d	; 61
    2d32:	de b7       	in	r29, 0x3e	; 62
    g_alarmEnabled = !g_alarmEnabled; // Toggle Alarm ON/OFF
    2d34:	80 91 e8 00 	lds	r24, 0x00E8
    2d38:	19 82       	std	Y+1, r1	; 0x01
    2d3a:	88 23       	and	r24, r24
    2d3c:	11 f4       	brne	.+4      	; 0x2d42 <ISR_Button_ToggleAlarm+0x18>
    2d3e:	81 e0       	ldi	r24, 0x01	; 1
    2d40:	89 83       	std	Y+1, r24	; 0x01
    2d42:	89 81       	ldd	r24, Y+1	; 0x01
    2d44:	80 93 e8 00 	sts	0x00E8, r24
}
    2d48:	0f 90       	pop	r0
    2d4a:	cf 91       	pop	r28
    2d4c:	df 91       	pop	r29
    2d4e:	08 95       	ret

00002d50 <ISR_Button_Fasting>:

void ISR_Button_Fasting(void) {
    2d50:	df 93       	push	r29
    2d52:	cf 93       	push	r28
    2d54:	cd b7       	in	r28, 0x3d	; 61
    2d56:	de b7       	in	r29, 0x3e	; 62
    g_patientState = STATE_FASTING;
    2d58:	10 92 22 01 	sts	0x0122, r1
}
    2d5c:	cf 91       	pop	r28
    2d5e:	df 91       	pop	r29
    2d60:	08 95       	ret

00002d62 <ISR_Button_PostMeal>:

void ISR_Button_PostMeal(void) {
    2d62:	df 93       	push	r29
    2d64:	cf 93       	push	r28
    2d66:	cd b7       	in	r28, 0x3d	; 61
    2d68:	de b7       	in	r29, 0x3e	; 62
    g_patientState = STATE_POST_MEAL;
    2d6a:	81 e0       	ldi	r24, 0x01	; 1
    2d6c:	80 93 22 01 	sts	0x0122, r24
}
    2d70:	cf 91       	pop	r28
    2d72:	df 91       	pop	r29
    2d74:	08 95       	ret

00002d76 <main>:
u16 Read_Glucose_Filtered(void);
void Display_RenderScreen(u16 glucoseVal, u8 pulse);
void Handle_AlertsAndLEDs(u16 glucoseVal);
void Check_DoseTime(void);

int main(void) {
    2d76:	df 93       	push	r29
    2d78:	cf 93       	push	r28
    2d7a:	cd b7       	in	r28, 0x3d	; 61
    2d7c:	de b7       	in	r29, 0x3e	; 62
    2d7e:	6a 97       	sbiw	r28, 0x1a	; 26
    2d80:	0f b6       	in	r0, 0x3f	; 63
    2d82:	f8 94       	cli
    2d84:	de bf       	out	0x3e, r29	; 62
    2d86:	0f be       	out	0x3f, r0	; 63
    2d88:	cd bf       	out	0x3d, r28	; 61
    System_Init();
    2d8a:	0e 94 7a 17 	call	0x2ef4	; 0x2ef4 <System_Init>
    Display_StartupAnimation();
    2d8e:	0e 94 0e 18 	call	0x301c	; 0x301c <Display_StartupAnimation>

    /* Set Initial RTC Time for Testing (11:59:50 AM) */
    RTC_Time_t initTime = {50, 59, 11};
    2d92:	ce 01       	movw	r24, r28
    2d94:	42 96       	adiw	r24, 0x12	; 18
    2d96:	9e 8b       	std	Y+22, r25	; 0x16
    2d98:	8d 8b       	std	Y+21, r24	; 0x15
    2d9a:	e9 e1       	ldi	r30, 0x19	; 25
    2d9c:	f1 e0       	ldi	r31, 0x01	; 1
    2d9e:	f8 8f       	std	Y+24, r31	; 0x18
    2da0:	ef 8b       	std	Y+23, r30	; 0x17
    2da2:	f3 e0       	ldi	r31, 0x03	; 3
    2da4:	f9 8f       	std	Y+25, r31	; 0x19
    2da6:	ef 89       	ldd	r30, Y+23	; 0x17
    2da8:	f8 8d       	ldd	r31, Y+24	; 0x18
    2daa:	00 80       	ld	r0, Z
    2dac:	8f 89       	ldd	r24, Y+23	; 0x17
    2dae:	98 8d       	ldd	r25, Y+24	; 0x18
    2db0:	01 96       	adiw	r24, 0x01	; 1
    2db2:	98 8f       	std	Y+24, r25	; 0x18
    2db4:	8f 8b       	std	Y+23, r24	; 0x17
    2db6:	ed 89       	ldd	r30, Y+21	; 0x15
    2db8:	fe 89       	ldd	r31, Y+22	; 0x16
    2dba:	00 82       	st	Z, r0
    2dbc:	8d 89       	ldd	r24, Y+21	; 0x15
    2dbe:	9e 89       	ldd	r25, Y+22	; 0x16
    2dc0:	01 96       	adiw	r24, 0x01	; 1
    2dc2:	9e 8b       	std	Y+22, r25	; 0x16
    2dc4:	8d 8b       	std	Y+21, r24	; 0x15
    2dc6:	99 8d       	ldd	r25, Y+25	; 0x19
    2dc8:	91 50       	subi	r25, 0x01	; 1
    2dca:	99 8f       	std	Y+25, r25	; 0x19
    2dcc:	e9 8d       	ldd	r30, Y+25	; 0x19
    2dce:	ee 23       	and	r30, r30
    2dd0:	51 f7       	brne	.-44     	; 0x2da6 <main+0x30>
    HRTC_voidSetTime(&initTime);
    2dd2:	ce 01       	movw	r24, r28
    2dd4:	42 96       	adiw	r24, 0x12	; 18
    2dd6:	0e 94 92 15 	call	0x2b24	; 0x2b24 <HRTC_voidSetTime>

    u16 glucoseValue = 0;
    2dda:	19 8a       	std	Y+17, r1	; 0x11
    2ddc:	18 8a       	std	Y+16, r1	; 0x10
    u8 pulseState = 0;
    2dde:	1f 86       	std	Y+15, r1	; 0x0f

    while(1) {
        // 1. Read RTC Time and check Doses
        Check_DoseTime();
    2de0:	0e 94 ed 17 	call	0x2fda	; 0x2fda <Check_DoseTime>

        // 2. Read Glucose via Moving Average Filter
        glucoseValue = Read_Glucose_Filtered();
    2de4:	0e 94 2a 19 	call	0x3254	; 0x3254 <Read_Glucose_Filtered>
    2de8:	99 8b       	std	Y+17, r25	; 0x11
    2dea:	88 8b       	std	Y+16, r24	; 0x10

        // 3. Render Screen Layout
        pulseState = !pulseState;
    2dec:	1a 8e       	std	Y+26, r1	; 0x1a
    2dee:	8f 85       	ldd	r24, Y+15	; 0x0f
    2df0:	88 23       	and	r24, r24
    2df2:	11 f4       	brne	.+4      	; 0x2df8 <main+0x82>
    2df4:	f1 e0       	ldi	r31, 0x01	; 1
    2df6:	fa 8f       	std	Y+26, r31	; 0x1a
    2df8:	8a 8d       	ldd	r24, Y+26	; 0x1a
    2dfa:	8f 87       	std	Y+15, r24	; 0x0f
        Display_RenderScreen(glucoseValue, pulseState);
    2dfc:	88 89       	ldd	r24, Y+16	; 0x10
    2dfe:	99 89       	ldd	r25, Y+17	; 0x11
    2e00:	6f 85       	ldd	r22, Y+15	; 0x0f
    2e02:	0e 94 db 19 	call	0x33b6	; 0x33b6 <Display_RenderScreen>

        // 4. Process Alerts & LED/Buzzer Outputs
        Handle_AlertsAndLEDs(glucoseValue);
    2e06:	88 89       	ldd	r24, Y+16	; 0x10
    2e08:	99 89       	ldd	r25, Y+17	; 0x11
    2e0a:	0e 94 be 1a 	call	0x357c	; 0x357c <Handle_AlertsAndLEDs>
    2e0e:	80 e0       	ldi	r24, 0x00	; 0
    2e10:	90 e0       	ldi	r25, 0x00	; 0
    2e12:	a6 e9       	ldi	r26, 0x96	; 150
    2e14:	b3 e4       	ldi	r27, 0x43	; 67
    2e16:	8b 87       	std	Y+11, r24	; 0x0b
    2e18:	9c 87       	std	Y+12, r25	; 0x0c
    2e1a:	ad 87       	std	Y+13, r26	; 0x0d
    2e1c:	be 87       	std	Y+14, r27	; 0x0e
 */
void
_delay_ms(double __ms)
{
	uint16_t __ticks;
	double __tmp = ((F_CPU) / 4e3) * __ms;
    2e1e:	6b 85       	ldd	r22, Y+11	; 0x0b
    2e20:	7c 85       	ldd	r23, Y+12	; 0x0c
    2e22:	8d 85       	ldd	r24, Y+13	; 0x0d
    2e24:	9e 85       	ldd	r25, Y+14	; 0x0e
    2e26:	20 e0       	ldi	r18, 0x00	; 0
    2e28:	30 e0       	ldi	r19, 0x00	; 0
    2e2a:	4a ef       	ldi	r20, 0xFA	; 250
    2e2c:	54 e4       	ldi	r21, 0x44	; 68
    2e2e:	0e 94 1f 02 	call	0x43e	; 0x43e <__mulsf3>
    2e32:	dc 01       	movw	r26, r24
    2e34:	cb 01       	movw	r24, r22
    2e36:	8f 83       	std	Y+7, r24	; 0x07
    2e38:	98 87       	std	Y+8, r25	; 0x08
    2e3a:	a9 87       	std	Y+9, r26	; 0x09
    2e3c:	ba 87       	std	Y+10, r27	; 0x0a
	if (__tmp < 1.0)
    2e3e:	6f 81       	ldd	r22, Y+7	; 0x07
    2e40:	78 85       	ldd	r23, Y+8	; 0x08
    2e42:	89 85       	ldd	r24, Y+9	; 0x09
    2e44:	9a 85       	ldd	r25, Y+10	; 0x0a
    2e46:	20 e0       	ldi	r18, 0x00	; 0
    2e48:	30 e0       	ldi	r19, 0x00	; 0
    2e4a:	40 e8       	ldi	r20, 0x80	; 128
    2e4c:	5f e3       	ldi	r21, 0x3F	; 63
    2e4e:	0e 94 25 04 	call	0x84a	; 0x84a <__ltsf2>
    2e52:	88 23       	and	r24, r24
    2e54:	2c f4       	brge	.+10     	; 0x2e60 <main+0xea>
		__ticks = 1;
    2e56:	81 e0       	ldi	r24, 0x01	; 1
    2e58:	90 e0       	ldi	r25, 0x00	; 0
    2e5a:	9e 83       	std	Y+6, r25	; 0x06
    2e5c:	8d 83       	std	Y+5, r24	; 0x05
    2e5e:	3f c0       	rjmp	.+126    	; 0x2ede <main+0x168>
	else if (__tmp > 65535)
    2e60:	6f 81       	ldd	r22, Y+7	; 0x07
    2e62:	78 85       	ldd	r23, Y+8	; 0x08
    2e64:	89 85       	ldd	r24, Y+9	; 0x09
    2e66:	9a 85       	ldd	r25, Y+10	; 0x0a
    2e68:	20 e0       	ldi	r18, 0x00	; 0
    2e6a:	3f ef       	ldi	r19, 0xFF	; 255
    2e6c:	4f e7       	ldi	r20, 0x7F	; 127
    2e6e:	57 e4       	ldi	r21, 0x47	; 71
    2e70:	0e 94 c5 03 	call	0x78a	; 0x78a <__gtsf2>
    2e74:	18 16       	cp	r1, r24
    2e76:	4c f5       	brge	.+82     	; 0x2eca <main+0x154>
	{
		//	__ticks = requested delay in 1/10 ms
		__ticks = (uint16_t) (__ms * 10.0);
    2e78:	6b 85       	ldd	r22, Y+11	; 0x0b
    2e7a:	7c 85       	ldd	r23, Y+12	; 0x0c
    2e7c:	8d 85       	ldd	r24, Y+13	; 0x0d
    2e7e:	9e 85       	ldd	r25, Y+14	; 0x0e
    2e80:	20 e0       	ldi	r18, 0x00	; 0
    2e82:	30 e0       	ldi	r19, 0x00	; 0
    2e84:	40 e2       	ldi	r20, 0x20	; 32
    2e86:	51 e4       	ldi	r21, 0x41	; 65
    2e88:	0e 94 1f 02 	call	0x43e	; 0x43e <__mulsf3>
    2e8c:	dc 01       	movw	r26, r24
    2e8e:	cb 01       	movw	r24, r22
    2e90:	bc 01       	movw	r22, r24
    2e92:	cd 01       	movw	r24, r26
    2e94:	0e 94 49 00 	call	0x92	; 0x92 <__fixunssfsi>
    2e98:	dc 01       	movw	r26, r24
    2e9a:	cb 01       	movw	r24, r22
    2e9c:	9e 83       	std	Y+6, r25	; 0x06
    2e9e:	8d 83       	std	Y+5, r24	; 0x05
    2ea0:	0f c0       	rjmp	.+30     	; 0x2ec0 <main+0x14a>
    2ea2:	88 ec       	ldi	r24, 0xC8	; 200
    2ea4:	90 e0       	ldi	r25, 0x00	; 0
    2ea6:	9c 83       	std	Y+4, r25	; 0x04
    2ea8:	8b 83       	std	Y+3, r24	; 0x03
    2eaa:	8b 81       	ldd	r24, Y+3	; 0x03
    2eac:	9c 81       	ldd	r25, Y+4	; 0x04
    2eae:	01 97       	sbiw	r24, 0x01	; 1
    2eb0:	f1 f7       	brne	.-4      	; 0x2eae <main+0x138>
    2eb2:	9c 83       	std	Y+4, r25	; 0x04
    2eb4:	8b 83       	std	Y+3, r24	; 0x03
		while(__ticks)
		{
			// wait 1/10 ms
			_delay_loop_2(((F_CPU) / 4e3) / 10);
			__ticks --;
    2eb6:	8d 81       	ldd	r24, Y+5	; 0x05
    2eb8:	9e 81       	ldd	r25, Y+6	; 0x06
    2eba:	01 97       	sbiw	r24, 0x01	; 1
    2ebc:	9e 83       	std	Y+6, r25	; 0x06
    2ebe:	8d 83       	std	Y+5, r24	; 0x05
		__ticks = 1;
	else if (__tmp > 65535)
	{
		//	__ticks = requested delay in 1/10 ms
		__ticks = (uint16_t) (__ms * 10.0);
		while(__ticks)
    2ec0:	8d 81       	ldd	r24, Y+5	; 0x05
    2ec2:	9e 81       	ldd	r25, Y+6	; 0x06
    2ec4:	00 97       	sbiw	r24, 0x00	; 0
    2ec6:	69 f7       	brne	.-38     	; 0x2ea2 <main+0x12c>
    2ec8:	8b cf       	rjmp	.-234    	; 0x2de0 <main+0x6a>
			__ticks --;
		}
		return;
	}
	else
		__ticks = (uint16_t)__tmp;
    2eca:	6f 81       	ldd	r22, Y+7	; 0x07
    2ecc:	78 85       	ldd	r23, Y+8	; 0x08
    2ece:	89 85       	ldd	r24, Y+9	; 0x09
    2ed0:	9a 85       	ldd	r25, Y+10	; 0x0a
    2ed2:	0e 94 49 00 	call	0x92	; 0x92 <__fixunssfsi>
    2ed6:	dc 01       	movw	r26, r24
    2ed8:	cb 01       	movw	r24, r22
    2eda:	9e 83       	std	Y+6, r25	; 0x06
    2edc:	8d 83       	std	Y+5, r24	; 0x05
    2ede:	8d 81       	ldd	r24, Y+5	; 0x05
    2ee0:	9e 81       	ldd	r25, Y+6	; 0x06
    2ee2:	9a 83       	std	Y+2, r25	; 0x02
    2ee4:	89 83       	std	Y+1, r24	; 0x01
    2ee6:	89 81       	ldd	r24, Y+1	; 0x01
    2ee8:	9a 81       	ldd	r25, Y+2	; 0x02
    2eea:	01 97       	sbiw	r24, 0x01	; 1
    2eec:	f1 f7       	brne	.-4      	; 0x2eea <main+0x174>
    2eee:	9a 83       	std	Y+2, r25	; 0x02
    2ef0:	89 83       	std	Y+1, r24	; 0x01
    2ef2:	76 cf       	rjmp	.-276    	; 0x2de0 <main+0x6a>

00002ef4 <System_Init>:
    }

    return 0;
}

void System_Init(void) {
    2ef4:	df 93       	push	r29
    2ef6:	cf 93       	push	r28
    2ef8:	cd b7       	in	r28, 0x3d	; 61
    2efa:	de b7       	in	r29, 0x3e	; 62
    /* Initialize MCAL and Hardware Drivers via Pre-Compile Configurations */
    MDIO_voidInit();
    2efc:	0e 94 12 07 	call	0xe24	; 0xe24 <MDIO_voidInit>
    HLCD_voidInit();
    2f00:	0e 94 ff 0e 	call	0x1dfe	; 0x1dfe <HLCD_voidInit>
    HGLUCOSE_voidInit();
    2f04:	0e 94 7e 0d 	call	0x1afc	; 0x1afc <HGLUCOSE_voidInit>
    HBUZZER_voidInit();
    2f08:	0e 94 e3 06 	call	0xdc6	; 0xdc6 <HBUZZER_voidInit>
    HRTC_voidInit();
    2f0c:	0e 94 89 15 	call	0x2b12	; 0x2b12 <HRTC_voidInit>

    /* Setup LEDs on PORTD pins (PD5: Green, PD6: Yellow, PD7: Red) */
    MDIO_voidSetPinDirection(PORTD, PIN5, DIO_OUTPUT);
    2f10:	83 e0       	ldi	r24, 0x03	; 3
    2f12:	65 e0       	ldi	r22, 0x05	; 5
    2f14:	41 e0       	ldi	r20, 0x01	; 1
    2f16:	0e 94 35 07 	call	0xe6a	; 0xe6a <MDIO_voidSetPinDirection>
    MDIO_voidSetPinDirection(PORTD, PIN6, DIO_OUTPUT);
    2f1a:	83 e0       	ldi	r24, 0x03	; 3
    2f1c:	66 e0       	ldi	r22, 0x06	; 6
    2f1e:	41 e0       	ldi	r20, 0x01	; 1
    2f20:	0e 94 35 07 	call	0xe6a	; 0xe6a <MDIO_voidSetPinDirection>
    MDIO_voidSetPinDirection(PORTD, PIN7, DIO_OUTPUT);
    2f24:	83 e0       	ldi	r24, 0x03	; 3
    2f26:	67 e0       	ldi	r22, 0x07	; 7
    2f28:	41 e0       	ldi	r20, 0x01	; 1
    2f2a:	0e 94 35 07 	call	0xe6a	; 0xe6a <MDIO_voidSetPinDirection>

    /* Load Custom Characters to CGRAM */
    HLCD_voidSendSpecialCharacter(Heart_Full, 0, ROW1, col1);
    2f2e:	89 ee       	ldi	r24, 0xE9	; 233
    2f30:	90 e0       	ldi	r25, 0x00	; 0
    2f32:	60 e0       	ldi	r22, 0x00	; 0
    2f34:	41 e0       	ldi	r20, 0x01	; 1
    2f36:	21 e0       	ldi	r18, 0x01	; 1
    2f38:	0e 94 0d 15 	call	0x2a1a	; 0x2a1a <HLCD_voidSendSpecialCharacter>
    HLCD_voidSendSpecialCharacter(Heart_Empty, 1, ROW1, col1);
    2f3c:	81 ef       	ldi	r24, 0xF1	; 241
    2f3e:	90 e0       	ldi	r25, 0x00	; 0
    2f40:	61 e0       	ldi	r22, 0x01	; 1
    2f42:	41 e0       	ldi	r20, 0x01	; 1
    2f44:	21 e0       	ldi	r18, 0x01	; 1
    2f46:	0e 94 0d 15 	call	0x2a1a	; 0x2a1a <HLCD_voidSendSpecialCharacter>
    HLCD_voidSendSpecialCharacter(Arrow_Up, 2, ROW1, col1);
    2f4a:	89 ef       	ldi	r24, 0xF9	; 249
    2f4c:	90 e0       	ldi	r25, 0x00	; 0
    2f4e:	62 e0       	ldi	r22, 0x02	; 2
    2f50:	41 e0       	ldi	r20, 0x01	; 1
    2f52:	21 e0       	ldi	r18, 0x01	; 1
    2f54:	0e 94 0d 15 	call	0x2a1a	; 0x2a1a <HLCD_voidSendSpecialCharacter>
    HLCD_voidSendSpecialCharacter(Arrow_Down, 3, ROW1, col1);
    2f58:	81 e0       	ldi	r24, 0x01	; 1
    2f5a:	91 e0       	ldi	r25, 0x01	; 1
    2f5c:	63 e0       	ldi	r22, 0x03	; 3
    2f5e:	41 e0       	ldi	r20, 0x01	; 1
    2f60:	21 e0       	ldi	r18, 0x01	; 1
    2f62:	0e 94 0d 15 	call	0x2a1a	; 0x2a1a <HLCD_voidSendSpecialCharacter>
    HLCD_voidSendSpecialCharacter(Arrow_Right, 4, ROW1, col1);
    2f66:	89 e0       	ldi	r24, 0x09	; 9
    2f68:	91 e0       	ldi	r25, 0x01	; 1
    2f6a:	64 e0       	ldi	r22, 0x04	; 4
    2f6c:	41 e0       	ldi	r20, 0x01	; 1
    2f6e:	21 e0       	ldi	r18, 0x01	; 1
    2f70:	0e 94 0d 15 	call	0x2a1a	; 0x2a1a <HLCD_voidSendSpecialCharacter>
    HLCD_voidSendSpecialCharacter(Bell_Icon, 5, ROW1, col1);
    2f74:	81 e1       	ldi	r24, 0x11	; 17
    2f76:	91 e0       	ldi	r25, 0x01	; 1
    2f78:	65 e0       	ldi	r22, 0x05	; 5
    2f7a:	41 e0       	ldi	r20, 0x01	; 1
    2f7c:	21 e0       	ldi	r18, 0x01	; 1
    2f7e:	0e 94 0d 15 	call	0x2a1a	; 0x2a1a <HLCD_voidSendSpecialCharacter>

    /* Setup EXTI INT0 for Alarm Toggle Button (PD2) */
    MEXTI_voidConfig(EXTI0, FALLING_EDGE);
    2f82:	80 e0       	ldi	r24, 0x00	; 0
    2f84:	62 e0       	ldi	r22, 0x02	; 2
    2f86:	0e 94 8c 0b 	call	0x1718	; 0x1718 <MEXTI_voidConfig>
    MEXTI_voidSetCallBack(EXTI0, &ISR_Button_ToggleAlarm);
    2f8a:	25 e9       	ldi	r18, 0x95	; 149
    2f8c:	36 e1       	ldi	r19, 0x16	; 22
    2f8e:	80 e0       	ldi	r24, 0x00	; 0
    2f90:	b9 01       	movw	r22, r18
    2f92:	0e 94 a5 0c 	call	0x194a	; 0x194a <MEXTI_voidSetCallBack>
    MEXTI_voidEnable(EXTI0);
    2f96:	80 e0       	ldi	r24, 0x00	; 0
    2f98:	0e 94 00 0c 	call	0x1800	; 0x1800 <MEXTI_voidEnable>

    /* Setup EXTI INT1 for Fasting Button (PD3) */
    MEXTI_voidConfig(EXTI1, FALLING_EDGE);
    2f9c:	81 e0       	ldi	r24, 0x01	; 1
    2f9e:	62 e0       	ldi	r22, 0x02	; 2
    2fa0:	0e 94 8c 0b 	call	0x1718	; 0x1718 <MEXTI_voidConfig>
    MEXTI_voidSetCallBack(EXTI1, &ISR_Button_Fasting);
    2fa4:	28 ea       	ldi	r18, 0xA8	; 168
    2fa6:	36 e1       	ldi	r19, 0x16	; 22
    2fa8:	81 e0       	ldi	r24, 0x01	; 1
    2faa:	b9 01       	movw	r22, r18
    2fac:	0e 94 a5 0c 	call	0x194a	; 0x194a <MEXTI_voidSetCallBack>
    MEXTI_voidEnable(EXTI1);
    2fb0:	81 e0       	ldi	r24, 0x01	; 1
    2fb2:	0e 94 00 0c 	call	0x1800	; 0x1800 <MEXTI_voidEnable>

    /* Setup EXTI INT2 for Post-Meal Button (PB2) */
    MEXTI_voidConfig(EXTI2, FALLING_EDGE);
    2fb6:	82 e0       	ldi	r24, 0x02	; 2
    2fb8:	62 e0       	ldi	r22, 0x02	; 2
    2fba:	0e 94 8c 0b 	call	0x1718	; 0x1718 <MEXTI_voidConfig>
    MEXTI_voidSetCallBack(EXTI2, &ISR_Button_PostMeal);
    2fbe:	21 eb       	ldi	r18, 0xB1	; 177
    2fc0:	36 e1       	ldi	r19, 0x16	; 22
    2fc2:	82 e0       	ldi	r24, 0x02	; 2
    2fc4:	b9 01       	movw	r22, r18
    2fc6:	0e 94 a5 0c 	call	0x194a	; 0x194a <MEXTI_voidSetCallBack>
    MEXTI_voidEnable(EXTI2);
    2fca:	82 e0       	ldi	r24, 0x02	; 2
    2fcc:	0e 94 00 0c 	call	0x1800	; 0x1800 <MEXTI_voidEnable>

    /* Enable Global Interrupts */
    MGI_voidEnable();
    2fd0:	0e 94 b0 0d 	call	0x1b60	; 0x1b60 <MGI_voidEnable>
}
    2fd4:	cf 91       	pop	r28
    2fd6:	df 91       	pop	r29
    2fd8:	08 95       	ret

00002fda <Check_DoseTime>:

void Check_DoseTime(void) {
    2fda:	df 93       	push	r29
    2fdc:	cf 93       	push	r28
    2fde:	cd b7       	in	r28, 0x3d	; 61
    2fe0:	de b7       	in	r29, 0x3e	; 62
    HRTC_voidGetTime(&g_currentTime);
    2fe2:	84 e2       	ldi	r24, 0x24	; 36
    2fe4:	91 e0       	ldi	r25, 0x01	; 1
    2fe6:	0e 94 bd 15 	call	0x2b7a	; 0x2b7a <HRTC_voidGetTime>

    // Check Scheduled Dose Reminders (12:00:00 PM or 09:00:00 PM)
    if ((g_currentTime.Hours == 12 && g_currentTime.Minutes == 0) ||
    2fea:	80 91 26 01 	lds	r24, 0x0126
    2fee:	8c 30       	cpi	r24, 0x0C	; 12
    2ff0:	21 f4       	brne	.+8      	; 0x2ffa <Check_DoseTime+0x20>
    2ff2:	80 91 25 01 	lds	r24, 0x0125
    2ff6:	88 23       	and	r24, r24
    2ff8:	41 f0       	breq	.+16     	; 0x300a <Check_DoseTime+0x30>
    2ffa:	80 91 26 01 	lds	r24, 0x0126
    2ffe:	85 31       	cpi	r24, 0x15	; 21
    3000:	41 f4       	brne	.+16     	; 0x3012 <Check_DoseTime+0x38>
    3002:	80 91 25 01 	lds	r24, 0x0125
    3006:	88 23       	and	r24, r24
    3008:	21 f4       	brne	.+8      	; 0x3012 <Check_DoseTime+0x38>
        (g_currentTime.Hours == 21 && g_currentTime.Minutes == 0)) {
        g_isDoseTime = 1;
    300a:	81 e0       	ldi	r24, 0x01	; 1
    300c:	80 93 23 01 	sts	0x0123, r24
    3010:	02 c0       	rjmp	.+4      	; 0x3016 <Check_DoseTime+0x3c>
    } else {
        g_isDoseTime = 0;
    3012:	10 92 23 01 	sts	0x0123, r1
    }
}
    3016:	cf 91       	pop	r28
    3018:	df 91       	pop	r29
    301a:	08 95       	ret

0000301c <Display_StartupAnimation>:

void Display_StartupAnimation(void) {
    301c:	df 93       	push	r29
    301e:	cf 93       	push	r28
    3020:	cd b7       	in	r28, 0x3d	; 61
    3022:	de b7       	in	r29, 0x3e	; 62
    3024:	6d 97       	sbiw	r28, 0x1d	; 29
    3026:	0f b6       	in	r0, 0x3f	; 63
    3028:	f8 94       	cli
    302a:	de bf       	out	0x3e, r29	; 62
    302c:	0f be       	out	0x3f, r0	; 63
    302e:	cd bf       	out	0x3d, r28	; 61
    HLCD_voidClearDisplay();
    3030:	0e 94 b9 13 	call	0x2772	; 0x2772 <HLCD_voidClearDisplay>
    HLCD_voidGoToPos(ROW1, col1);
    3034:	81 e0       	ldi	r24, 0x01	; 1
    3036:	61 e0       	ldi	r22, 0x01	; 1
    3038:	0e 94 e1 14 	call	0x29c2	; 0x29c2 <HLCD_voidGoToPos>
    HLCD_voidSendString((u8*)" Glucose Monitor");
    303c:	80 e6       	ldi	r24, 0x60	; 96
    303e:	90 e0       	ldi	r25, 0x00	; 0
    3040:	0e 94 41 14 	call	0x2882	; 0x2882 <HLCD_voidSendString>

    HLCD_voidGoToPos(ROW2, col1);
    3044:	82 e0       	ldi	r24, 0x02	; 2
    3046:	61 e0       	ldi	r22, 0x01	; 1
    3048:	0e 94 e1 14 	call	0x29c2	; 0x29c2 <HLCD_voidGoToPos>
    HLCD_voidSendString((u8*)"Booting [");
    304c:	81 e7       	ldi	r24, 0x71	; 113
    304e:	90 e0       	ldi	r25, 0x00	; 0
    3050:	0e 94 41 14 	call	0x2882	; 0x2882 <HLCD_voidSendString>
    for(u8 i = 0; i < 6; i++) {
    3054:	1d 8e       	std	Y+29, r1	; 0x1d
    3056:	79 c0       	rjmp	.+242    	; 0x314a <Display_StartupAnimation+0x12e>
        HLCD_voidSendString((u8*)"=");
    3058:	8b e7       	ldi	r24, 0x7B	; 123
    305a:	90 e0       	ldi	r25, 0x00	; 0
    305c:	0e 94 41 14 	call	0x2882	; 0x2882 <HLCD_voidSendString>
    3060:	80 e0       	ldi	r24, 0x00	; 0
    3062:	90 e0       	ldi	r25, 0x00	; 0
    3064:	a6 e1       	ldi	r26, 0x16	; 22
    3066:	b3 e4       	ldi	r27, 0x43	; 67
    3068:	89 8f       	std	Y+25, r24	; 0x19
    306a:	9a 8f       	std	Y+26, r25	; 0x1a
    306c:	ab 8f       	std	Y+27, r26	; 0x1b
    306e:	bc 8f       	std	Y+28, r27	; 0x1c
 */
void
_delay_ms(double __ms)
{
	uint16_t __ticks;
	double __tmp = ((F_CPU) / 4e3) * __ms;
    3070:	69 8d       	ldd	r22, Y+25	; 0x19
    3072:	7a 8d       	ldd	r23, Y+26	; 0x1a
    3074:	8b 8d       	ldd	r24, Y+27	; 0x1b
    3076:	9c 8d       	ldd	r25, Y+28	; 0x1c
    3078:	20 e0       	ldi	r18, 0x00	; 0
    307a:	30 e0       	ldi	r19, 0x00	; 0
    307c:	4a ef       	ldi	r20, 0xFA	; 250
    307e:	54 e4       	ldi	r21, 0x44	; 68
    3080:	0e 94 1f 02 	call	0x43e	; 0x43e <__mulsf3>
    3084:	dc 01       	movw	r26, r24
    3086:	cb 01       	movw	r24, r22
    3088:	8d 8b       	std	Y+21, r24	; 0x15
    308a:	9e 8b       	std	Y+22, r25	; 0x16
    308c:	af 8b       	std	Y+23, r26	; 0x17
    308e:	b8 8f       	std	Y+24, r27	; 0x18
	if (__tmp < 1.0)
    3090:	6d 89       	ldd	r22, Y+21	; 0x15
    3092:	7e 89       	ldd	r23, Y+22	; 0x16
    3094:	8f 89       	ldd	r24, Y+23	; 0x17
    3096:	98 8d       	ldd	r25, Y+24	; 0x18
    3098:	20 e0       	ldi	r18, 0x00	; 0
    309a:	30 e0       	ldi	r19, 0x00	; 0
    309c:	40 e8       	ldi	r20, 0x80	; 128
    309e:	5f e3       	ldi	r21, 0x3F	; 63
    30a0:	0e 94 25 04 	call	0x84a	; 0x84a <__ltsf2>
    30a4:	88 23       	and	r24, r24
    30a6:	2c f4       	brge	.+10     	; 0x30b2 <Display_StartupAnimation+0x96>
		__ticks = 1;
    30a8:	81 e0       	ldi	r24, 0x01	; 1
    30aa:	90 e0       	ldi	r25, 0x00	; 0
    30ac:	9c 8b       	std	Y+20, r25	; 0x14
    30ae:	8b 8b       	std	Y+19, r24	; 0x13
    30b0:	3f c0       	rjmp	.+126    	; 0x3130 <Display_StartupAnimation+0x114>
	else if (__tmp > 65535)
    30b2:	6d 89       	ldd	r22, Y+21	; 0x15
    30b4:	7e 89       	ldd	r23, Y+22	; 0x16
    30b6:	8f 89       	ldd	r24, Y+23	; 0x17
    30b8:	98 8d       	ldd	r25, Y+24	; 0x18
    30ba:	20 e0       	ldi	r18, 0x00	; 0
    30bc:	3f ef       	ldi	r19, 0xFF	; 255
    30be:	4f e7       	ldi	r20, 0x7F	; 127
    30c0:	57 e4       	ldi	r21, 0x47	; 71
    30c2:	0e 94 c5 03 	call	0x78a	; 0x78a <__gtsf2>
    30c6:	18 16       	cp	r1, r24
    30c8:	4c f5       	brge	.+82     	; 0x311c <Display_StartupAnimation+0x100>
	{
		//	__ticks = requested delay in 1/10 ms
		__ticks = (uint16_t) (__ms * 10.0);
    30ca:	69 8d       	ldd	r22, Y+25	; 0x19
    30cc:	7a 8d       	ldd	r23, Y+26	; 0x1a
    30ce:	8b 8d       	ldd	r24, Y+27	; 0x1b
    30d0:	9c 8d       	ldd	r25, Y+28	; 0x1c
    30d2:	20 e0       	ldi	r18, 0x00	; 0
    30d4:	30 e0       	ldi	r19, 0x00	; 0
    30d6:	40 e2       	ldi	r20, 0x20	; 32
    30d8:	51 e4       	ldi	r21, 0x41	; 65
    30da:	0e 94 1f 02 	call	0x43e	; 0x43e <__mulsf3>
    30de:	dc 01       	movw	r26, r24
    30e0:	cb 01       	movw	r24, r22
    30e2:	bc 01       	movw	r22, r24
    30e4:	cd 01       	movw	r24, r26
    30e6:	0e 94 49 00 	call	0x92	; 0x92 <__fixunssfsi>
    30ea:	dc 01       	movw	r26, r24
    30ec:	cb 01       	movw	r24, r22
    30ee:	9c 8b       	std	Y+20, r25	; 0x14
    30f0:	8b 8b       	std	Y+19, r24	; 0x13
    30f2:	0f c0       	rjmp	.+30     	; 0x3112 <Display_StartupAnimation+0xf6>
    30f4:	88 ec       	ldi	r24, 0xC8	; 200
    30f6:	90 e0       	ldi	r25, 0x00	; 0
    30f8:	9a 8b       	std	Y+18, r25	; 0x12
    30fa:	89 8b       	std	Y+17, r24	; 0x11
    30fc:	89 89       	ldd	r24, Y+17	; 0x11
    30fe:	9a 89       	ldd	r25, Y+18	; 0x12
    3100:	01 97       	sbiw	r24, 0x01	; 1
    3102:	f1 f7       	brne	.-4      	; 0x3100 <Display_StartupAnimation+0xe4>
    3104:	9a 8b       	std	Y+18, r25	; 0x12
    3106:	89 8b       	std	Y+17, r24	; 0x11
		while(__ticks)
		{
			// wait 1/10 ms
			_delay_loop_2(((F_CPU) / 4e3) / 10);
			__ticks --;
    3108:	8b 89       	ldd	r24, Y+19	; 0x13
    310a:	9c 89       	ldd	r25, Y+20	; 0x14
    310c:	01 97       	sbiw	r24, 0x01	; 1
    310e:	9c 8b       	std	Y+20, r25	; 0x14
    3110:	8b 8b       	std	Y+19, r24	; 0x13
		__ticks = 1;
	else if (__tmp > 65535)
	{
		//	__ticks = requested delay in 1/10 ms
		__ticks = (uint16_t) (__ms * 10.0);
		while(__ticks)
    3112:	8b 89       	ldd	r24, Y+19	; 0x13
    3114:	9c 89       	ldd	r25, Y+20	; 0x14
    3116:	00 97       	sbiw	r24, 0x00	; 0
    3118:	69 f7       	brne	.-38     	; 0x30f4 <Display_StartupAnimation+0xd8>
    311a:	14 c0       	rjmp	.+40     	; 0x3144 <Display_StartupAnimation+0x128>
			__ticks --;
		}
		return;
	}
	else
		__ticks = (uint16_t)__tmp;
    311c:	6d 89       	ldd	r22, Y+21	; 0x15
    311e:	7e 89       	ldd	r23, Y+22	; 0x16
    3120:	8f 89       	ldd	r24, Y+23	; 0x17
    3122:	98 8d       	ldd	r25, Y+24	; 0x18
    3124:	0e 94 49 00 	call	0x92	; 0x92 <__fixunssfsi>
    3128:	dc 01       	movw	r26, r24
    312a:	cb 01       	movw	r24, r22
    312c:	9c 8b       	std	Y+20, r25	; 0x14
    312e:	8b 8b       	std	Y+19, r24	; 0x13
    3130:	8b 89       	ldd	r24, Y+19	; 0x13
    3132:	9c 89       	ldd	r25, Y+20	; 0x14
    3134:	98 8b       	std	Y+16, r25	; 0x10
    3136:	8f 87       	std	Y+15, r24	; 0x0f
    3138:	8f 85       	ldd	r24, Y+15	; 0x0f
    313a:	98 89       	ldd	r25, Y+16	; 0x10
    313c:	01 97       	sbiw	r24, 0x01	; 1
    313e:	f1 f7       	brne	.-4      	; 0x313c <Display_StartupAnimation+0x120>
    3140:	98 8b       	std	Y+16, r25	; 0x10
    3142:	8f 87       	std	Y+15, r24	; 0x0f
    HLCD_voidGoToPos(ROW1, col1);
    HLCD_voidSendString((u8*)" Glucose Monitor");

    HLCD_voidGoToPos(ROW2, col1);
    HLCD_voidSendString((u8*)"Booting [");
    for(u8 i = 0; i < 6; i++) {
    3144:	8d 8d       	ldd	r24, Y+29	; 0x1d
    3146:	8f 5f       	subi	r24, 0xFF	; 255
    3148:	8d 8f       	std	Y+29, r24	; 0x1d
    314a:	8d 8d       	ldd	r24, Y+29	; 0x1d
    314c:	86 30       	cpi	r24, 0x06	; 6
    314e:	08 f4       	brcc	.+2      	; 0x3152 <Display_StartupAnimation+0x136>
    3150:	83 cf       	rjmp	.-250    	; 0x3058 <Display_StartupAnimation+0x3c>
        HLCD_voidSendString((u8*)"=");
        _delay_ms(150);
    }
    HLCD_voidSendString((u8*)"]");
    3152:	8d e7       	ldi	r24, 0x7D	; 125
    3154:	90 e0       	ldi	r25, 0x00	; 0
    3156:	0e 94 41 14 	call	0x2882	; 0x2882 <HLCD_voidSendString>
    315a:	80 e0       	ldi	r24, 0x00	; 0
    315c:	90 e0       	ldi	r25, 0x00	; 0
    315e:	a6 e9       	ldi	r26, 0x96	; 150
    3160:	b3 e4       	ldi	r27, 0x43	; 67
    3162:	8b 87       	std	Y+11, r24	; 0x0b
    3164:	9c 87       	std	Y+12, r25	; 0x0c
    3166:	ad 87       	std	Y+13, r26	; 0x0d
    3168:	be 87       	std	Y+14, r27	; 0x0e
 */
void
_delay_ms(double __ms)
{
	uint16_t __ticks;
	double __tmp = ((F_CPU) / 4e3) * __ms;
    316a:	6b 85       	ldd	r22, Y+11	; 0x0b
    316c:	7c 85       	ldd	r23, Y+12	; 0x0c
    316e:	8d 85       	ldd	r24, Y+13	; 0x0d
    3170:	9e 85       	ldd	r25, Y+14	; 0x0e
    3172:	20 e0       	ldi	r18, 0x00	; 0
    3174:	30 e0       	ldi	r19, 0x00	; 0
    3176:	4a ef       	ldi	r20, 0xFA	; 250
    3178:	54 e4       	ldi	r21, 0x44	; 68
    317a:	0e 94 1f 02 	call	0x43e	; 0x43e <__mulsf3>
    317e:	dc 01       	movw	r26, r24
    3180:	cb 01       	movw	r24, r22
    3182:	8f 83       	std	Y+7, r24	; 0x07
    3184:	98 87       	std	Y+8, r25	; 0x08
    3186:	a9 87       	std	Y+9, r26	; 0x09
    3188:	ba 87       	std	Y+10, r27	; 0x0a
	if (__tmp < 1.0)
    318a:	6f 81       	ldd	r22, Y+7	; 0x07
    318c:	78 85       	ldd	r23, Y+8	; 0x08
    318e:	89 85       	ldd	r24, Y+9	; 0x09
    3190:	9a 85       	ldd	r25, Y+10	; 0x0a
    3192:	20 e0       	ldi	r18, 0x00	; 0
    3194:	30 e0       	ldi	r19, 0x00	; 0
    3196:	40 e8       	ldi	r20, 0x80	; 128
    3198:	5f e3       	ldi	r21, 0x3F	; 63
    319a:	0e 94 25 04 	call	0x84a	; 0x84a <__ltsf2>
    319e:	88 23       	and	r24, r24
    31a0:	2c f4       	brge	.+10     	; 0x31ac <Display_StartupAnimation+0x190>
		__ticks = 1;
    31a2:	81 e0       	ldi	r24, 0x01	; 1
    31a4:	90 e0       	ldi	r25, 0x00	; 0
    31a6:	9e 83       	std	Y+6, r25	; 0x06
    31a8:	8d 83       	std	Y+5, r24	; 0x05
    31aa:	3f c0       	rjmp	.+126    	; 0x322a <Display_StartupAnimation+0x20e>
	else if (__tmp > 65535)
    31ac:	6f 81       	ldd	r22, Y+7	; 0x07
    31ae:	78 85       	ldd	r23, Y+8	; 0x08
    31b0:	89 85       	ldd	r24, Y+9	; 0x09
    31b2:	9a 85       	ldd	r25, Y+10	; 0x0a
    31b4:	20 e0       	ldi	r18, 0x00	; 0
    31b6:	3f ef       	ldi	r19, 0xFF	; 255
    31b8:	4f e7       	ldi	r20, 0x7F	; 127
    31ba:	57 e4       	ldi	r21, 0x47	; 71
    31bc:	0e 94 c5 03 	call	0x78a	; 0x78a <__gtsf2>
    31c0:	18 16       	cp	r1, r24
    31c2:	4c f5       	brge	.+82     	; 0x3216 <Display_StartupAnimation+0x1fa>
	{
		//	__ticks = requested delay in 1/10 ms
		__ticks = (uint16_t) (__ms * 10.0);
    31c4:	6b 85       	ldd	r22, Y+11	; 0x0b
    31c6:	7c 85       	ldd	r23, Y+12	; 0x0c
    31c8:	8d 85       	ldd	r24, Y+13	; 0x0d
    31ca:	9e 85       	ldd	r25, Y+14	; 0x0e
    31cc:	20 e0       	ldi	r18, 0x00	; 0
    31ce:	30 e0       	ldi	r19, 0x00	; 0
    31d0:	40 e2       	ldi	r20, 0x20	; 32
    31d2:	51 e4       	ldi	r21, 0x41	; 65
    31d4:	0e 94 1f 02 	call	0x43e	; 0x43e <__mulsf3>
    31d8:	dc 01       	movw	r26, r24
    31da:	cb 01       	movw	r24, r22
    31dc:	bc 01       	movw	r22, r24
    31de:	cd 01       	movw	r24, r26
    31e0:	0e 94 49 00 	call	0x92	; 0x92 <__fixunssfsi>
    31e4:	dc 01       	movw	r26, r24
    31e6:	cb 01       	movw	r24, r22
    31e8:	9e 83       	std	Y+6, r25	; 0x06
    31ea:	8d 83       	std	Y+5, r24	; 0x05
    31ec:	0f c0       	rjmp	.+30     	; 0x320c <Display_StartupAnimation+0x1f0>
    31ee:	88 ec       	ldi	r24, 0xC8	; 200
    31f0:	90 e0       	ldi	r25, 0x00	; 0
    31f2:	9c 83       	std	Y+4, r25	; 0x04
    31f4:	8b 83       	std	Y+3, r24	; 0x03
    31f6:	8b 81       	ldd	r24, Y+3	; 0x03
    31f8:	9c 81       	ldd	r25, Y+4	; 0x04
    31fa:	01 97       	sbiw	r24, 0x01	; 1
    31fc:	f1 f7       	brne	.-4      	; 0x31fa <Display_StartupAnimation+0x1de>
    31fe:	9c 83       	std	Y+4, r25	; 0x04
    3200:	8b 83       	std	Y+3, r24	; 0x03
		while(__ticks)
		{
			// wait 1/10 ms
			_delay_loop_2(((F_CPU) / 4e3) / 10);
			__ticks --;
    3202:	8d 81       	ldd	r24, Y+5	; 0x05
    3204:	9e 81       	ldd	r25, Y+6	; 0x06
    3206:	01 97       	sbiw	r24, 0x01	; 1
    3208:	9e 83       	std	Y+6, r25	; 0x06
    320a:	8d 83       	std	Y+5, r24	; 0x05
		__ticks = 1;
	else if (__tmp > 65535)
	{
		//	__ticks = requested delay in 1/10 ms
		__ticks = (uint16_t) (__ms * 10.0);
		while(__ticks)
    320c:	8d 81       	ldd	r24, Y+5	; 0x05
    320e:	9e 81       	ldd	r25, Y+6	; 0x06
    3210:	00 97       	sbiw	r24, 0x00	; 0
    3212:	69 f7       	brne	.-38     	; 0x31ee <Display_StartupAnimation+0x1d2>
    3214:	14 c0       	rjmp	.+40     	; 0x323e <Display_StartupAnimation+0x222>
			__ticks --;
		}
		return;
	}
	else
		__ticks = (uint16_t)__tmp;
    3216:	6f 81       	ldd	r22, Y+7	; 0x07
    3218:	78 85       	ldd	r23, Y+8	; 0x08
    321a:	89 85       	ldd	r24, Y+9	; 0x09
    321c:	9a 85       	ldd	r25, Y+10	; 0x0a
    321e:	0e 94 49 00 	call	0x92	; 0x92 <__fixunssfsi>
    3222:	dc 01       	movw	r26, r24
    3224:	cb 01       	movw	r24, r22
    3226:	9e 83       	std	Y+6, r25	; 0x06
    3228:	8d 83       	std	Y+5, r24	; 0x05
    322a:	8d 81       	ldd	r24, Y+5	; 0x05
    322c:	9e 81       	ldd	r25, Y+6	; 0x06
    322e:	9a 83       	std	Y+2, r25	; 0x02
    3230:	89 83       	std	Y+1, r24	; 0x01
    3232:	89 81       	ldd	r24, Y+1	; 0x01
    3234:	9a 81       	ldd	r25, Y+2	; 0x02
    3236:	01 97       	sbiw	r24, 0x01	; 1
    3238:	f1 f7       	brne	.-4      	; 0x3236 <Display_StartupAnimation+0x21a>
    323a:	9a 83       	std	Y+2, r25	; 0x02
    323c:	89 83       	std	Y+1, r24	; 0x01
    _delay_ms(300);
    HLCD_voidClearDisplay();
    323e:	0e 94 b9 13 	call	0x2772	; 0x2772 <HLCD_voidClearDisplay>
}
    3242:	6d 96       	adiw	r28, 0x1d	; 29
    3244:	0f b6       	in	r0, 0x3f	; 63
    3246:	f8 94       	cli
    3248:	de bf       	out	0x3e, r29	; 62
    324a:	0f be       	out	0x3f, r0	; 63
    324c:	cd bf       	out	0x3d, r28	; 61
    324e:	cf 91       	pop	r28
    3250:	df 91       	pop	r29
    3252:	08 95       	ret

00003254 <Read_Glucose_Filtered>:

u16 Read_Glucose_Filtered(void) {
    3254:	df 93       	push	r29
    3256:	cf 93       	push	r28
    3258:	cd b7       	in	r28, 0x3d	; 61
    325a:	de b7       	in	r29, 0x3e	; 62
    325c:	63 97       	sbiw	r28, 0x13	; 19
    325e:	0f b6       	in	r0, 0x3f	; 63
    3260:	f8 94       	cli
    3262:	de bf       	out	0x3e, r29	; 62
    3264:	0f be       	out	0x3f, r0	; 63
    3266:	cd bf       	out	0x3d, r28	; 61
    u32 glucoseSum = 0;
    3268:	18 8a       	std	Y+16, r1	; 0x10
    326a:	19 8a       	std	Y+17, r1	; 0x11
    326c:	1a 8a       	std	Y+18, r1	; 0x12
    326e:	1b 8a       	std	Y+19, r1	; 0x13
    for(u8 i = 0; i < 10; i++) {
    3270:	1f 86       	std	Y+15, r1	; 0x0f
    3272:	86 c0       	rjmp	.+268    	; 0x3380 <Read_Glucose_Filtered+0x12c>
        glucoseSum += HGLUCOSE_u16GetGlucoseValue();
    3274:	0e 94 87 0d 	call	0x1b0e	; 0x1b0e <HGLUCOSE_u16GetGlucoseValue>
    3278:	9c 01       	movw	r18, r24
    327a:	40 e0       	ldi	r20, 0x00	; 0
    327c:	50 e0       	ldi	r21, 0x00	; 0
    327e:	88 89       	ldd	r24, Y+16	; 0x10
    3280:	99 89       	ldd	r25, Y+17	; 0x11
    3282:	aa 89       	ldd	r26, Y+18	; 0x12
    3284:	bb 89       	ldd	r27, Y+19	; 0x13
    3286:	82 0f       	add	r24, r18
    3288:	93 1f       	adc	r25, r19
    328a:	a4 1f       	adc	r26, r20
    328c:	b5 1f       	adc	r27, r21
    328e:	88 8b       	std	Y+16, r24	; 0x10
    3290:	99 8b       	std	Y+17, r25	; 0x11
    3292:	aa 8b       	std	Y+18, r26	; 0x12
    3294:	bb 8b       	std	Y+19, r27	; 0x13
    3296:	80 e0       	ldi	r24, 0x00	; 0
    3298:	90 e0       	ldi	r25, 0x00	; 0
    329a:	a0 e0       	ldi	r26, 0x00	; 0
    329c:	b0 e4       	ldi	r27, 0x40	; 64
    329e:	8b 87       	std	Y+11, r24	; 0x0b
    32a0:	9c 87       	std	Y+12, r25	; 0x0c
    32a2:	ad 87       	std	Y+13, r26	; 0x0d
    32a4:	be 87       	std	Y+14, r27	; 0x0e
 */
void
_delay_ms(double __ms)
{
	uint16_t __ticks;
	double __tmp = ((F_CPU) / 4e3) * __ms;
    32a6:	6b 85       	ldd	r22, Y+11	; 0x0b
    32a8:	7c 85       	ldd	r23, Y+12	; 0x0c
    32aa:	8d 85       	ldd	r24, Y+13	; 0x0d
    32ac:	9e 85       	ldd	r25, Y+14	; 0x0e
    32ae:	20 e0       	ldi	r18, 0x00	; 0
    32b0:	30 e0       	ldi	r19, 0x00	; 0
    32b2:	4a ef       	ldi	r20, 0xFA	; 250
    32b4:	54 e4       	ldi	r21, 0x44	; 68
    32b6:	0e 94 1f 02 	call	0x43e	; 0x43e <__mulsf3>
    32ba:	dc 01       	movw	r26, r24
    32bc:	cb 01       	movw	r24, r22
    32be:	8f 83       	std	Y+7, r24	; 0x07
    32c0:	98 87       	std	Y+8, r25	; 0x08
    32c2:	a9 87       	std	Y+9, r26	; 0x09
    32c4:	ba 87       	std	Y+10, r27	; 0x0a
	if (__tmp < 1.0)
    32c6:	6f 81       	ldd	r22, Y+7	; 0x07
    32c8:	78 85       	ldd	r23, Y+8	; 0x08
    32ca:	89 85       	ldd	r24, Y+9	; 0x09
    32cc:	9a 85       	ldd	r25, Y+10	; 0x0a
    32ce:	20 e0       	ldi	r18, 0x00	; 0
    32d0:	30 e0       	ldi	r19, 0x00	; 0
    32d2:	40 e8       	ldi	r20, 0x80	; 128
    32d4:	5f e3       	ldi	r21, 0x3F	; 63
    32d6:	0e 94 25 04 	call	0x84a	; 0x84a <__ltsf2>
    32da:	88 23       	and	r24, r24
    32dc:	2c f4       	brge	.+10     	; 0x32e8 <Read_Glucose_Filtered+0x94>
		__ticks = 1;
    32de:	81 e0       	ldi	r24, 0x01	; 1
    32e0:	90 e0       	ldi	r25, 0x00	; 0
    32e2:	9e 83       	std	Y+6, r25	; 0x06
    32e4:	8d 83       	std	Y+5, r24	; 0x05
    32e6:	3f c0       	rjmp	.+126    	; 0x3366 <Read_Glucose_Filtered+0x112>
	else if (__tmp > 65535)
    32e8:	6f 81       	ldd	r22, Y+7	; 0x07
    32ea:	78 85       	ldd	r23, Y+8	; 0x08
    32ec:	89 85       	ldd	r24, Y+9	; 0x09
    32ee:	9a 85       	ldd	r25, Y+10	; 0x0a
    32f0:	20 e0       	ldi	r18, 0x00	; 0
    32f2:	3f ef       	ldi	r19, 0xFF	; 255
    32f4:	4f e7       	ldi	r20, 0x7F	; 127
    32f6:	57 e4       	ldi	r21, 0x47	; 71
    32f8:	0e 94 c5 03 	call	0x78a	; 0x78a <__gtsf2>
    32fc:	18 16       	cp	r1, r24
    32fe:	4c f5       	brge	.+82     	; 0x3352 <Read_Glucose_Filtered+0xfe>
	{
		//	__ticks = requested delay in 1/10 ms
		__ticks = (uint16_t) (__ms * 10.0);
    3300:	6b 85       	ldd	r22, Y+11	; 0x0b
    3302:	7c 85       	ldd	r23, Y+12	; 0x0c
    3304:	8d 85       	ldd	r24, Y+13	; 0x0d
    3306:	9e 85       	ldd	r25, Y+14	; 0x0e
    3308:	20 e0       	ldi	r18, 0x00	; 0
    330a:	30 e0       	ldi	r19, 0x00	; 0
    330c:	40 e2       	ldi	r20, 0x20	; 32
    330e:	51 e4       	ldi	r21, 0x41	; 65
    3310:	0e 94 1f 02 	call	0x43e	; 0x43e <__mulsf3>
    3314:	dc 01       	movw	r26, r24
    3316:	cb 01       	movw	r24, r22
    3318:	bc 01       	movw	r22, r24
    331a:	cd 01       	movw	r24, r26
    331c:	0e 94 49 00 	call	0x92	; 0x92 <__fixunssfsi>
    3320:	dc 01       	movw	r26, r24
    3322:	cb 01       	movw	r24, r22
    3324:	9e 83       	std	Y+6, r25	; 0x06
    3326:	8d 83       	std	Y+5, r24	; 0x05
    3328:	0f c0       	rjmp	.+30     	; 0x3348 <Read_Glucose_Filtered+0xf4>
    332a:	88 ec       	ldi	r24, 0xC8	; 200
    332c:	90 e0       	ldi	r25, 0x00	; 0
    332e:	9c 83       	std	Y+4, r25	; 0x04
    3330:	8b 83       	std	Y+3, r24	; 0x03
    3332:	8b 81       	ldd	r24, Y+3	; 0x03
    3334:	9c 81       	ldd	r25, Y+4	; 0x04
    3336:	01 97       	sbiw	r24, 0x01	; 1
    3338:	f1 f7       	brne	.-4      	; 0x3336 <Read_Glucose_Filtered+0xe2>
    333a:	9c 83       	std	Y+4, r25	; 0x04
    333c:	8b 83       	std	Y+3, r24	; 0x03
		while(__ticks)
		{
			// wait 1/10 ms
			_delay_loop_2(((F_CPU) / 4e3) / 10);
			__ticks --;
    333e:	8d 81       	ldd	r24, Y+5	; 0x05
    3340:	9e 81       	ldd	r25, Y+6	; 0x06
    3342:	01 97       	sbiw	r24, 0x01	; 1
    3344:	9e 83       	std	Y+6, r25	; 0x06
    3346:	8d 83       	std	Y+5, r24	; 0x05
		__ticks = 1;
	else if (__tmp > 65535)
	{
		//	__ticks = requested delay in 1/10 ms
		__ticks = (uint16_t) (__ms * 10.0);
		while(__ticks)
    3348:	8d 81       	ldd	r24, Y+5	; 0x05
    334a:	9e 81       	ldd	r25, Y+6	; 0x06
    334c:	00 97       	sbiw	r24, 0x00	; 0
    334e:	69 f7       	brne	.-38     	; 0x332a <Read_Glucose_Filtered+0xd6>
    3350:	14 c0       	rjmp	.+40     	; 0x337a <Read_Glucose_Filtered+0x126>
			__ticks --;
		}
		return;
	}
	else
		__ticks = (uint16_t)__tmp;
    3352:	6f 81       	ldd	r22, Y+7	; 0x07
    3354:	78 85       	ldd	r23, Y+8	; 0x08
    3356:	89 85       	ldd	r24, Y+9	; 0x09
    3358:	9a 85       	ldd	r25, Y+10	; 0x0a
    335a:	0e 94 49 00 	call	0x92	; 0x92 <__fixunssfsi>
    335e:	dc 01       	movw	r26, r24
    3360:	cb 01       	movw	r24, r22
    3362:	9e 83       	std	Y+6, r25	; 0x06
    3364:	8d 83       	std	Y+5, r24	; 0x05
    3366:	8d 81       	ldd	r24, Y+5	; 0x05
    3368:	9e 81       	ldd	r25, Y+6	; 0x06
    336a:	9a 83       	std	Y+2, r25	; 0x02
    336c:	89 83       	std	Y+1, r24	; 0x01
    336e:	89 81       	ldd	r24, Y+1	; 0x01
    3370:	9a 81       	ldd	r25, Y+2	; 0x02
    3372:	01 97       	sbiw	r24, 0x01	; 1
    3374:	f1 f7       	brne	.-4      	; 0x3372 <Read_Glucose_Filtered+0x11e>
    3376:	9a 83       	std	Y+2, r25	; 0x02
    3378:	89 83       	std	Y+1, r24	; 0x01
    HLCD_voidClearDisplay();
}

u16 Read_Glucose_Filtered(void) {
    u32 glucoseSum = 0;
    for(u8 i = 0; i < 10; i++) {
    337a:	8f 85       	ldd	r24, Y+15	; 0x0f
    337c:	8f 5f       	subi	r24, 0xFF	; 255
    337e:	8f 87       	std	Y+15, r24	; 0x0f
    3380:	8f 85       	ldd	r24, Y+15	; 0x0f
    3382:	8a 30       	cpi	r24, 0x0A	; 10
    3384:	08 f4       	brcc	.+2      	; 0x3388 <Read_Glucose_Filtered+0x134>
    3386:	76 cf       	rjmp	.-276    	; 0x3274 <Read_Glucose_Filtered+0x20>
        glucoseSum += HGLUCOSE_u16GetGlucoseValue();
        _delay_ms(2);
    }
    return (u16)(glucoseSum / 10);
    3388:	88 89       	ldd	r24, Y+16	; 0x10
    338a:	99 89       	ldd	r25, Y+17	; 0x11
    338c:	aa 89       	ldd	r26, Y+18	; 0x12
    338e:	bb 89       	ldd	r27, Y+19	; 0x13
    3390:	2a e0       	ldi	r18, 0x0A	; 10
    3392:	30 e0       	ldi	r19, 0x00	; 0
    3394:	40 e0       	ldi	r20, 0x00	; 0
    3396:	50 e0       	ldi	r21, 0x00	; 0
    3398:	bc 01       	movw	r22, r24
    339a:	cd 01       	movw	r24, r26
    339c:	0e 94 f7 1b 	call	0x37ee	; 0x37ee <__udivmodsi4>
    33a0:	da 01       	movw	r26, r20
    33a2:	c9 01       	movw	r24, r18
}
    33a4:	63 96       	adiw	r28, 0x13	; 19
    33a6:	0f b6       	in	r0, 0x3f	; 63
    33a8:	f8 94       	cli
    33aa:	de bf       	out	0x3e, r29	; 62
    33ac:	0f be       	out	0x3f, r0	; 63
    33ae:	cd bf       	out	0x3d, r28	; 61
    33b0:	cf 91       	pop	r28
    33b2:	df 91       	pop	r29
    33b4:	08 95       	ret

000033b6 <Display_RenderScreen>:

void Display_RenderScreen(u16 glucoseVal, u8 pulse) {
    33b6:	df 93       	push	r29
    33b8:	cf 93       	push	r28
    33ba:	cd b7       	in	r28, 0x3d	; 61
    33bc:	de b7       	in	r29, 0x3e	; 62
    33be:	2c 97       	sbiw	r28, 0x0c	; 12
    33c0:	0f b6       	in	r0, 0x3f	; 63
    33c2:	f8 94       	cli
    33c4:	de bf       	out	0x3e, r29	; 62
    33c6:	0f be       	out	0x3f, r0	; 63
    33c8:	cd bf       	out	0x3d, r28	; 61
    33ca:	9e 83       	std	Y+6, r25	; 0x06
    33cc:	8d 83       	std	Y+5, r24	; 0x05
    33ce:	6f 83       	std	Y+7, r22	; 0x07
    HLCD_voidClearDisplay();
    33d0:	0e 94 b9 13 	call	0x2772	; 0x2772 <HLCD_voidClearDisplay>

    // Line 1: Mode, Glucose Reading, Trend Arrow, Heart Pulse, Bell Icon, Time
    HLCD_voidGoToPos(ROW1, col1);
    33d4:	81 e0       	ldi	r24, 0x01	; 1
    33d6:	61 e0       	ldi	r22, 0x01	; 1
    33d8:	0e 94 e1 14 	call	0x29c2	; 0x29c2 <HLCD_voidGoToPos>
    HLCD_voidSendString(g_patientState == STATE_FASTING ? (u8*)"F:" : (u8*)"P:");
    33dc:	80 91 22 01 	lds	r24, 0x0122
    33e0:	88 23       	and	r24, r24
    33e2:	29 f4       	brne	.+10     	; 0x33ee <Display_RenderScreen+0x38>
    33e4:	8f e7       	ldi	r24, 0x7F	; 127
    33e6:	90 e0       	ldi	r25, 0x00	; 0
    33e8:	9c 87       	std	Y+12, r25	; 0x0c
    33ea:	8b 87       	std	Y+11, r24	; 0x0b
    33ec:	04 c0       	rjmp	.+8      	; 0x33f6 <Display_RenderScreen+0x40>
    33ee:	82 e8       	ldi	r24, 0x82	; 130
    33f0:	90 e0       	ldi	r25, 0x00	; 0
    33f2:	9c 87       	std	Y+12, r25	; 0x0c
    33f4:	8b 87       	std	Y+11, r24	; 0x0b
    33f6:	8b 85       	ldd	r24, Y+11	; 0x0b
    33f8:	9c 85       	ldd	r25, Y+12	; 0x0c
    33fa:	0e 94 41 14 	call	0x2882	; 0x2882 <HLCD_voidSendString>
    HLCD_voidDisplayNumber(glucoseVal);
    33fe:	8d 81       	ldd	r24, Y+5	; 0x05
    3400:	9e 81       	ldd	r25, Y+6	; 0x06
    3402:	cc 01       	movw	r24, r24
    3404:	a0 e0       	ldi	r26, 0x00	; 0
    3406:	b0 e0       	ldi	r27, 0x00	; 0
    3408:	bc 01       	movw	r22, r24
    340a:	cd 01       	movw	r24, r26
    340c:	0e 94 6a 14 	call	0x28d4	; 0x28d4 <HLCD_voidDisplayNumber>

    u16 minTarget = 70;
    3410:	86 e4       	ldi	r24, 0x46	; 70
    3412:	90 e0       	ldi	r25, 0x00	; 0
    3414:	9c 83       	std	Y+4, r25	; 0x04
    3416:	8b 83       	std	Y+3, r24	; 0x03
    u16 maxTarget = (g_patientState == STATE_FASTING) ? 100 : 140;
    3418:	80 91 22 01 	lds	r24, 0x0122
    341c:	88 23       	and	r24, r24
    341e:	29 f4       	brne	.+10     	; 0x342a <Display_RenderScreen+0x74>
    3420:	84 e6       	ldi	r24, 0x64	; 100
    3422:	90 e0       	ldi	r25, 0x00	; 0
    3424:	9a 87       	std	Y+10, r25	; 0x0a
    3426:	89 87       	std	Y+9, r24	; 0x09
    3428:	04 c0       	rjmp	.+8      	; 0x3432 <Display_RenderScreen+0x7c>
    342a:	8c e8       	ldi	r24, 0x8C	; 140
    342c:	90 e0       	ldi	r25, 0x00	; 0
    342e:	9a 87       	std	Y+10, r25	; 0x0a
    3430:	89 87       	std	Y+9, r24	; 0x09
    3432:	89 85       	ldd	r24, Y+9	; 0x09
    3434:	9a 85       	ldd	r25, Y+10	; 0x0a
    3436:	9a 83       	std	Y+2, r25	; 0x02
    3438:	89 83       	std	Y+1, r24	; 0x01

    HLCD_voidGoToPos(ROW1, col6);
    343a:	81 e0       	ldi	r24, 0x01	; 1
    343c:	66 e0       	ldi	r22, 0x06	; 6
    343e:	0e 94 e1 14 	call	0x29c2	; 0x29c2 <HLCD_voidGoToPos>
    if(glucoseVal < minTarget)       HLCD_voidSendData(3); // Arrow Down
    3442:	2d 81       	ldd	r18, Y+5	; 0x05
    3444:	3e 81       	ldd	r19, Y+6	; 0x06
    3446:	8b 81       	ldd	r24, Y+3	; 0x03
    3448:	9c 81       	ldd	r25, Y+4	; 0x04
    344a:	28 17       	cp	r18, r24
    344c:	39 07       	cpc	r19, r25
    344e:	20 f4       	brcc	.+8      	; 0x3458 <Display_RenderScreen+0xa2>
    3450:	83 e0       	ldi	r24, 0x03	; 3
    3452:	0e 94 9c 13 	call	0x2738	; 0x2738 <HLCD_voidSendData>
    3456:	0e c0       	rjmp	.+28     	; 0x3474 <Display_RenderScreen+0xbe>
    else if(glucoseVal > maxTarget) HLCD_voidSendData(2); // Arrow Up
    3458:	2d 81       	ldd	r18, Y+5	; 0x05
    345a:	3e 81       	ldd	r19, Y+6	; 0x06
    345c:	89 81       	ldd	r24, Y+1	; 0x01
    345e:	9a 81       	ldd	r25, Y+2	; 0x02
    3460:	82 17       	cp	r24, r18
    3462:	93 07       	cpc	r25, r19
    3464:	20 f4       	brcc	.+8      	; 0x346e <Display_RenderScreen+0xb8>
    3466:	82 e0       	ldi	r24, 0x02	; 2
    3468:	0e 94 9c 13 	call	0x2738	; 0x2738 <HLCD_voidSendData>
    346c:	03 c0       	rjmp	.+6      	; 0x3474 <Display_RenderScreen+0xbe>
    else                            HLCD_voidSendData(4); // Arrow Right
    346e:	84 e0       	ldi	r24, 0x04	; 4
    3470:	0e 94 9c 13 	call	0x2738	; 0x2738 <HLCD_voidSendData>

    HLCD_voidGoToPos(ROW1, col8);
    3474:	81 e0       	ldi	r24, 0x01	; 1
    3476:	68 e0       	ldi	r22, 0x08	; 8
    3478:	0e 94 e1 14 	call	0x29c2	; 0x29c2 <HLCD_voidGoToPos>
    HLCD_voidSendData(pulse ? 0 : 1); // Heart Pulse
    347c:	18 86       	std	Y+8, r1	; 0x08
    347e:	8f 81       	ldd	r24, Y+7	; 0x07
    3480:	88 23       	and	r24, r24
    3482:	11 f4       	brne	.+4      	; 0x3488 <Display_RenderScreen+0xd2>
    3484:	91 e0       	ldi	r25, 0x01	; 1
    3486:	98 87       	std	Y+8, r25	; 0x08
    3488:	88 85       	ldd	r24, Y+8	; 0x08
    348a:	0e 94 9c 13 	call	0x2738	; 0x2738 <HLCD_voidSendData>

    HLCD_voidGoToPos(ROW1, col10);
    348e:	81 e0       	ldi	r24, 0x01	; 1
    3490:	6a e0       	ldi	r22, 0x0A	; 10
    3492:	0e 94 e1 14 	call	0x29c2	; 0x29c2 <HLCD_voidGoToPos>
    if(g_alarmEnabled) {
    3496:	80 91 e8 00 	lds	r24, 0x00E8
    349a:	88 23       	and	r24, r24
    349c:	21 f0       	breq	.+8      	; 0x34a6 <Display_RenderScreen+0xf0>
        HLCD_voidSendData(5); // Bell Icon
    349e:	85 e0       	ldi	r24, 0x05	; 5
    34a0:	0e 94 9c 13 	call	0x2738	; 0x2738 <HLCD_voidSendData>
    34a4:	04 c0       	rjmp	.+8      	; 0x34ae <Display_RenderScreen+0xf8>
    } else {
        HLCD_voidSendString((u8*)" ");
    34a6:	85 e8       	ldi	r24, 0x85	; 133
    34a8:	90 e0       	ldi	r25, 0x00	; 0
    34aa:	0e 94 41 14 	call	0x2882	; 0x2882 <HLCD_voidSendString>
    }

    // Display Time (HH:MM) on top right
    HLCD_voidGoToPos(ROW1, col12);
    34ae:	81 e0       	ldi	r24, 0x01	; 1
    34b0:	6c e0       	ldi	r22, 0x0C	; 12
    34b2:	0e 94 e1 14 	call	0x29c2	; 0x29c2 <HLCD_voidGoToPos>
    if(g_currentTime.Hours < 10) HLCD_voidSendString((u8*)"0");
    34b6:	80 91 26 01 	lds	r24, 0x0126
    34ba:	8a 30       	cpi	r24, 0x0A	; 10
    34bc:	20 f4       	brcc	.+8      	; 0x34c6 <Display_RenderScreen+0x110>
    34be:	87 e8       	ldi	r24, 0x87	; 135
    34c0:	90 e0       	ldi	r25, 0x00	; 0
    34c2:	0e 94 41 14 	call	0x2882	; 0x2882 <HLCD_voidSendString>
    HLCD_voidDisplayNumber(g_currentTime.Hours);
    34c6:	80 91 26 01 	lds	r24, 0x0126
    34ca:	88 2f       	mov	r24, r24
    34cc:	90 e0       	ldi	r25, 0x00	; 0
    34ce:	a0 e0       	ldi	r26, 0x00	; 0
    34d0:	b0 e0       	ldi	r27, 0x00	; 0
    34d2:	bc 01       	movw	r22, r24
    34d4:	cd 01       	movw	r24, r26
    34d6:	0e 94 6a 14 	call	0x28d4	; 0x28d4 <HLCD_voidDisplayNumber>
    HLCD_voidSendString((u8*)":");
    34da:	89 e8       	ldi	r24, 0x89	; 137
    34dc:	90 e0       	ldi	r25, 0x00	; 0
    34de:	0e 94 41 14 	call	0x2882	; 0x2882 <HLCD_voidSendString>
    if(g_currentTime.Minutes < 10) HLCD_voidSendString((u8*)"0");
    34e2:	80 91 25 01 	lds	r24, 0x0125
    34e6:	8a 30       	cpi	r24, 0x0A	; 10
    34e8:	20 f4       	brcc	.+8      	; 0x34f2 <Display_RenderScreen+0x13c>
    34ea:	87 e8       	ldi	r24, 0x87	; 135
    34ec:	90 e0       	ldi	r25, 0x00	; 0
    34ee:	0e 94 41 14 	call	0x2882	; 0x2882 <HLCD_voidSendString>
    HLCD_voidDisplayNumber(g_currentTime.Minutes);
    34f2:	80 91 25 01 	lds	r24, 0x0125
    34f6:	88 2f       	mov	r24, r24
    34f8:	90 e0       	ldi	r25, 0x00	; 0
    34fa:	a0 e0       	ldi	r26, 0x00	; 0
    34fc:	b0 e0       	ldi	r27, 0x00	; 0
    34fe:	bc 01       	movw	r22, r24
    3500:	cd 01       	movw	r24, r26
    3502:	0e 94 6a 14 	call	0x28d4	; 0x28d4 <HLCD_voidDisplayNumber>

    // Line 2: Status Messages & Dose Warnings
    HLCD_voidGoToPos(ROW2, col1);
    3506:	82 e0       	ldi	r24, 0x02	; 2
    3508:	61 e0       	ldi	r22, 0x01	; 1
    350a:	0e 94 e1 14 	call	0x29c2	; 0x29c2 <HLCD_voidGoToPos>
    if(g_isDoseTime) {
    350e:	80 91 23 01 	lds	r24, 0x0123
    3512:	88 23       	and	r24, r24
    3514:	29 f0       	breq	.+10     	; 0x3520 <Display_RenderScreen+0x16a>
        HLCD_voidSendString((u8*)"!! DOSE TIME !! ");
    3516:	8b e8       	ldi	r24, 0x8B	; 139
    3518:	90 e0       	ldi	r25, 0x00	; 0
    351a:	0e 94 41 14 	call	0x2882	; 0x2882 <HLCD_voidSendString>
    351e:	25 c0       	rjmp	.+74     	; 0x356a <Display_RenderScreen+0x1b4>
    } else if(!g_alarmEnabled) {
    3520:	80 91 e8 00 	lds	r24, 0x00E8
    3524:	88 23       	and	r24, r24
    3526:	29 f4       	brne	.+10     	; 0x3532 <Display_RenderScreen+0x17c>
        HLCD_voidSendString((u8*)"ALARM: OFF      ");
    3528:	8c e9       	ldi	r24, 0x9C	; 156
    352a:	90 e0       	ldi	r25, 0x00	; 0
    352c:	0e 94 41 14 	call	0x2882	; 0x2882 <HLCD_voidSendString>
    3530:	1c c0       	rjmp	.+56     	; 0x356a <Display_RenderScreen+0x1b4>
    } else {
        if(glucoseVal < minTarget)       HLCD_voidSendString((u8*)"LOW! Take Sugar ");
    3532:	2d 81       	ldd	r18, Y+5	; 0x05
    3534:	3e 81       	ldd	r19, Y+6	; 0x06
    3536:	8b 81       	ldd	r24, Y+3	; 0x03
    3538:	9c 81       	ldd	r25, Y+4	; 0x04
    353a:	28 17       	cp	r18, r24
    353c:	39 07       	cpc	r19, r25
    353e:	28 f4       	brcc	.+10     	; 0x354a <Display_RenderScreen+0x194>
    3540:	8d ea       	ldi	r24, 0xAD	; 173
    3542:	90 e0       	ldi	r25, 0x00	; 0
    3544:	0e 94 41 14 	call	0x2882	; 0x2882 <HLCD_voidSendString>
    3548:	10 c0       	rjmp	.+32     	; 0x356a <Display_RenderScreen+0x1b4>
        else if(glucoseVal > maxTarget) HLCD_voidSendString((u8*)"HIGH!Drink Water");
    354a:	2d 81       	ldd	r18, Y+5	; 0x05
    354c:	3e 81       	ldd	r19, Y+6	; 0x06
    354e:	89 81       	ldd	r24, Y+1	; 0x01
    3550:	9a 81       	ldd	r25, Y+2	; 0x02
    3552:	82 17       	cp	r24, r18
    3554:	93 07       	cpc	r25, r19
    3556:	28 f4       	brcc	.+10     	; 0x3562 <Display_RenderScreen+0x1ac>
    3558:	8e eb       	ldi	r24, 0xBE	; 190
    355a:	90 e0       	ldi	r25, 0x00	; 0
    355c:	0e 94 41 14 	call	0x2882	; 0x2882 <HLCD_voidSendString>
    3560:	04 c0       	rjmp	.+8      	; 0x356a <Display_RenderScreen+0x1b4>
        else                            HLCD_voidSendString((u8*)"NORMAL (Good)   ");
    3562:	8f ec       	ldi	r24, 0xCF	; 207
    3564:	90 e0       	ldi	r25, 0x00	; 0
    3566:	0e 94 41 14 	call	0x2882	; 0x2882 <HLCD_voidSendString>
    }
}
    356a:	2c 96       	adiw	r28, 0x0c	; 12
    356c:	0f b6       	in	r0, 0x3f	; 63
    356e:	f8 94       	cli
    3570:	de bf       	out	0x3e, r29	; 62
    3572:	0f be       	out	0x3f, r0	; 63
    3574:	cd bf       	out	0x3d, r28	; 61
    3576:	cf 91       	pop	r28
    3578:	df 91       	pop	r29
    357a:	08 95       	ret

0000357c <Handle_AlertsAndLEDs>:

void Handle_AlertsAndLEDs(u16 glucoseVal) {
    357c:	df 93       	push	r29
    357e:	cf 93       	push	r28
    3580:	cd b7       	in	r28, 0x3d	; 61
    3582:	de b7       	in	r29, 0x3e	; 62
    3584:	66 97       	sbiw	r28, 0x16	; 22
    3586:	0f b6       	in	r0, 0x3f	; 63
    3588:	f8 94       	cli
    358a:	de bf       	out	0x3e, r29	; 62
    358c:	0f be       	out	0x3f, r0	; 63
    358e:	cd bf       	out	0x3d, r28	; 61
    3590:	9b 8b       	std	Y+19, r25	; 0x13
    3592:	8a 8b       	std	Y+18, r24	; 0x12
    // If Alarm Feature is DISABLED -> Keep All Alert Outputs OFF
    if(!g_alarmEnabled) {
    3594:	80 91 e8 00 	lds	r24, 0x00E8
    3598:	88 23       	and	r24, r24
    359a:	91 f4       	brne	.+36     	; 0x35c0 <Handle_AlertsAndLEDs+0x44>
        MDIO_voidSetPinValue(PORTD, PIN5, DIO_LOW);
    359c:	83 e0       	ldi	r24, 0x03	; 3
    359e:	65 e0       	ldi	r22, 0x05	; 5
    35a0:	40 e0       	ldi	r20, 0x00	; 0
    35a2:	0e 94 57 08 	call	0x10ae	; 0x10ae <MDIO_voidSetPinValue>
        MDIO_voidSetPinValue(PORTD, PIN6, DIO_LOW);
    35a6:	83 e0       	ldi	r24, 0x03	; 3
    35a8:	66 e0       	ldi	r22, 0x06	; 6
    35aa:	40 e0       	ldi	r20, 0x00	; 0
    35ac:	0e 94 57 08 	call	0x10ae	; 0x10ae <MDIO_voidSetPinValue>
        MDIO_voidSetPinValue(PORTD, PIN7, DIO_LOW);
    35b0:	83 e0       	ldi	r24, 0x03	; 3
    35b2:	67 e0       	ldi	r22, 0x07	; 7
    35b4:	40 e0       	ldi	r20, 0x00	; 0
    35b6:	0e 94 57 08 	call	0x10ae	; 0x10ae <MDIO_voidSetPinValue>
        HBUZZER_voidTurnOff();
    35ba:	0e 94 fb 06 	call	0xdf6	; 0xdf6 <HBUZZER_voidTurnOff>
    35be:	ee c0       	rjmp	.+476    	; 0x379c <Handle_AlertsAndLEDs+0x220>
        return;
    }

    u8 isLow = (glucoseVal < 70);
    35c0:	19 8a       	std	Y+17, r1	; 0x11
    35c2:	8a 89       	ldd	r24, Y+18	; 0x12
    35c4:	9b 89       	ldd	r25, Y+19	; 0x13
    35c6:	86 34       	cpi	r24, 0x46	; 70
    35c8:	91 05       	cpc	r25, r1
    35ca:	10 f4       	brcc	.+4      	; 0x35d0 <Handle_AlertsAndLEDs+0x54>
    35cc:	81 e0       	ldi	r24, 0x01	; 1
    35ce:	89 8b       	std	Y+17, r24	; 0x11
    u8 isHigh = (g_patientState == STATE_FASTING) ? (glucoseVal > 100) : (glucoseVal > 140);
    35d0:	80 91 22 01 	lds	r24, 0x0122
    35d4:	88 23       	and	r24, r24
    35d6:	49 f4       	brne	.+18     	; 0x35ea <Handle_AlertsAndLEDs+0x6e>
    35d8:	1e 8a       	std	Y+22, r1	; 0x16
    35da:	8a 89       	ldd	r24, Y+18	; 0x12
    35dc:	9b 89       	ldd	r25, Y+19	; 0x13
    35de:	85 36       	cpi	r24, 0x65	; 101
    35e0:	91 05       	cpc	r25, r1
    35e2:	58 f0       	brcs	.+22     	; 0x35fa <Handle_AlertsAndLEDs+0x7e>
    35e4:	81 e0       	ldi	r24, 0x01	; 1
    35e6:	8e 8b       	std	Y+22, r24	; 0x16
    35e8:	08 c0       	rjmp	.+16     	; 0x35fa <Handle_AlertsAndLEDs+0x7e>
    35ea:	1e 8a       	std	Y+22, r1	; 0x16
    35ec:	8a 89       	ldd	r24, Y+18	; 0x12
    35ee:	9b 89       	ldd	r25, Y+19	; 0x13
    35f0:	8d 38       	cpi	r24, 0x8D	; 141
    35f2:	91 05       	cpc	r25, r1
    35f4:	10 f0       	brcs	.+4      	; 0x35fa <Handle_AlertsAndLEDs+0x7e>
    35f6:	91 e0       	ldi	r25, 0x01	; 1
    35f8:	9e 8b       	std	Y+22, r25	; 0x16
    35fa:	8e 89       	ldd	r24, Y+22	; 0x16
    35fc:	88 8b       	std	Y+16, r24	; 0x10
    u8 isCritical = (glucoseVal < 50) || (glucoseVal > 200);
    35fe:	8a 89       	ldd	r24, Y+18	; 0x12
    3600:	9b 89       	ldd	r25, Y+19	; 0x13
    3602:	82 33       	cpi	r24, 0x32	; 50
    3604:	91 05       	cpc	r25, r1
    3606:	28 f0       	brcs	.+10     	; 0x3612 <Handle_AlertsAndLEDs+0x96>
    3608:	8a 89       	ldd	r24, Y+18	; 0x12
    360a:	9b 89       	ldd	r25, Y+19	; 0x13
    360c:	89 3c       	cpi	r24, 0xC9	; 201
    360e:	91 05       	cpc	r25, r1
    3610:	28 f0       	brcs	.+10     	; 0x361c <Handle_AlertsAndLEDs+0xa0>
    3612:	81 e0       	ldi	r24, 0x01	; 1
    3614:	90 e0       	ldi	r25, 0x00	; 0
    3616:	9d 8b       	std	Y+21, r25	; 0x15
    3618:	8c 8b       	std	Y+20, r24	; 0x14
    361a:	02 c0       	rjmp	.+4      	; 0x3620 <Handle_AlertsAndLEDs+0xa4>
    361c:	1d 8a       	std	Y+21, r1	; 0x15
    361e:	1c 8a       	std	Y+20, r1	; 0x14
    3620:	9c 89       	ldd	r25, Y+20	; 0x14
    3622:	9f 87       	std	Y+15, r25	; 0x0f

    if(g_isDoseTime || isCritical) {
    3624:	80 91 23 01 	lds	r24, 0x0123
    3628:	88 23       	and	r24, r24
    362a:	21 f4       	brne	.+8      	; 0x3634 <Handle_AlertsAndLEDs+0xb8>
    362c:	8f 85       	ldd	r24, Y+15	; 0x0f
    362e:	88 23       	and	r24, r24
    3630:	09 f4       	brne	.+2      	; 0x3634 <Handle_AlertsAndLEDs+0xb8>
    3632:	8b c0       	rjmp	.+278    	; 0x374a <Handle_AlertsAndLEDs+0x1ce>
        // Red LED Blinks & Buzzer On for Critical Readings or Dose Time
        MDIO_voidSetPinValue(PORTD, PIN5, DIO_LOW);
    3634:	83 e0       	ldi	r24, 0x03	; 3
    3636:	65 e0       	ldi	r22, 0x05	; 5
    3638:	40 e0       	ldi	r20, 0x00	; 0
    363a:	0e 94 57 08 	call	0x10ae	; 0x10ae <MDIO_voidSetPinValue>
        MDIO_voidSetPinValue(PORTD, PIN6, DIO_LOW);
    363e:	83 e0       	ldi	r24, 0x03	; 3
    3640:	66 e0       	ldi	r22, 0x06	; 6
    3642:	40 e0       	ldi	r20, 0x00	; 0
    3644:	0e 94 57 08 	call	0x10ae	; 0x10ae <MDIO_voidSetPinValue>

        MDIO_voidSetPinValue(PORTD, PIN7, DIO_HIGH);
    3648:	83 e0       	ldi	r24, 0x03	; 3
    364a:	67 e0       	ldi	r22, 0x07	; 7
    364c:	41 e0       	ldi	r20, 0x01	; 1
    364e:	0e 94 57 08 	call	0x10ae	; 0x10ae <MDIO_voidSetPinValue>
        HBUZZER_voidTurnOn();
    3652:	0e 94 ef 06 	call	0xdde	; 0xdde <HBUZZER_voidTurnOn>
    3656:	80 e0       	ldi	r24, 0x00	; 0
    3658:	90 e0       	ldi	r25, 0x00	; 0
    365a:	a8 ec       	ldi	r26, 0xC8	; 200
    365c:	b2 e4       	ldi	r27, 0x42	; 66
    365e:	8b 87       	std	Y+11, r24	; 0x0b
    3660:	9c 87       	std	Y+12, r25	; 0x0c
    3662:	ad 87       	std	Y+13, r26	; 0x0d
    3664:	be 87       	std	Y+14, r27	; 0x0e
 */
void
_delay_ms(double __ms)
{
	uint16_t __ticks;
	double __tmp = ((F_CPU) / 4e3) * __ms;
    3666:	6b 85       	ldd	r22, Y+11	; 0x0b
    3668:	7c 85       	ldd	r23, Y+12	; 0x0c
    366a:	8d 85       	ldd	r24, Y+13	; 0x0d
    366c:	9e 85       	ldd	r25, Y+14	; 0x0e
    366e:	20 e0       	ldi	r18, 0x00	; 0
    3670:	30 e0       	ldi	r19, 0x00	; 0
    3672:	4a ef       	ldi	r20, 0xFA	; 250
    3674:	54 e4       	ldi	r21, 0x44	; 68
    3676:	0e 94 1f 02 	call	0x43e	; 0x43e <__mulsf3>
    367a:	dc 01       	movw	r26, r24
    367c:	cb 01       	movw	r24, r22
    367e:	8f 83       	std	Y+7, r24	; 0x07
    3680:	98 87       	std	Y+8, r25	; 0x08
    3682:	a9 87       	std	Y+9, r26	; 0x09
    3684:	ba 87       	std	Y+10, r27	; 0x0a
	if (__tmp < 1.0)
    3686:	6f 81       	ldd	r22, Y+7	; 0x07
    3688:	78 85       	ldd	r23, Y+8	; 0x08
    368a:	89 85       	ldd	r24, Y+9	; 0x09
    368c:	9a 85       	ldd	r25, Y+10	; 0x0a
    368e:	20 e0       	ldi	r18, 0x00	; 0
    3690:	30 e0       	ldi	r19, 0x00	; 0
    3692:	40 e8       	ldi	r20, 0x80	; 128
    3694:	5f e3       	ldi	r21, 0x3F	; 63
    3696:	0e 94 25 04 	call	0x84a	; 0x84a <__ltsf2>
    369a:	88 23       	and	r24, r24
    369c:	2c f4       	brge	.+10     	; 0x36a8 <Handle_AlertsAndLEDs+0x12c>
		__ticks = 1;
    369e:	81 e0       	ldi	r24, 0x01	; 1
    36a0:	90 e0       	ldi	r25, 0x00	; 0
    36a2:	9e 83       	std	Y+6, r25	; 0x06
    36a4:	8d 83       	std	Y+5, r24	; 0x05
    36a6:	3f c0       	rjmp	.+126    	; 0x3726 <Handle_AlertsAndLEDs+0x1aa>
	else if (__tmp > 65535)
    36a8:	6f 81       	ldd	r22, Y+7	; 0x07
    36aa:	78 85       	ldd	r23, Y+8	; 0x08
    36ac:	89 85       	ldd	r24, Y+9	; 0x09
    36ae:	9a 85       	ldd	r25, Y+10	; 0x0a
    36b0:	20 e0       	ldi	r18, 0x00	; 0
    36b2:	3f ef       	ldi	r19, 0xFF	; 255
    36b4:	4f e7       	ldi	r20, 0x7F	; 127
    36b6:	57 e4       	ldi	r21, 0x47	; 71
    36b8:	0e 94 c5 03 	call	0x78a	; 0x78a <__gtsf2>
    36bc:	18 16       	cp	r1, r24
    36be:	4c f5       	brge	.+82     	; 0x3712 <Handle_AlertsAndLEDs+0x196>
	{
		//	__ticks = requested delay in 1/10 ms
		__ticks = (uint16_t) (__ms * 10.0);
    36c0:	6b 85       	ldd	r22, Y+11	; 0x0b
    36c2:	7c 85       	ldd	r23, Y+12	; 0x0c
    36c4:	8d 85       	ldd	r24, Y+13	; 0x0d
    36c6:	9e 85       	ldd	r25, Y+14	; 0x0e
    36c8:	20 e0       	ldi	r18, 0x00	; 0
    36ca:	30 e0       	ldi	r19, 0x00	; 0
    36cc:	40 e2       	ldi	r20, 0x20	; 32
    36ce:	51 e4       	ldi	r21, 0x41	; 65
    36d0:	0e 94 1f 02 	call	0x43e	; 0x43e <__mulsf3>
    36d4:	dc 01       	movw	r26, r24
    36d6:	cb 01       	movw	r24, r22
    36d8:	bc 01       	movw	r22, r24
    36da:	cd 01       	movw	r24, r26
    36dc:	0e 94 49 00 	call	0x92	; 0x92 <__fixunssfsi>
    36e0:	dc 01       	movw	r26, r24
    36e2:	cb 01       	movw	r24, r22
    36e4:	9e 83       	std	Y+6, r25	; 0x06
    36e6:	8d 83       	std	Y+5, r24	; 0x05
    36e8:	0f c0       	rjmp	.+30     	; 0x3708 <Handle_AlertsAndLEDs+0x18c>
    36ea:	88 ec       	ldi	r24, 0xC8	; 200
    36ec:	90 e0       	ldi	r25, 0x00	; 0
    36ee:	9c 83       	std	Y+4, r25	; 0x04
    36f0:	8b 83       	std	Y+3, r24	; 0x03
    36f2:	8b 81       	ldd	r24, Y+3	; 0x03
    36f4:	9c 81       	ldd	r25, Y+4	; 0x04
    36f6:	01 97       	sbiw	r24, 0x01	; 1
    36f8:	f1 f7       	brne	.-4      	; 0x36f6 <Handle_AlertsAndLEDs+0x17a>
    36fa:	9c 83       	std	Y+4, r25	; 0x04
    36fc:	8b 83       	std	Y+3, r24	; 0x03
		while(__ticks)
		{
			// wait 1/10 ms
			_delay_loop_2(((F_CPU) / 4e3) / 10);
			__ticks --;
    36fe:	8d 81       	ldd	r24, Y+5	; 0x05
    3700:	9e 81       	ldd	r25, Y+6	; 0x06
    3702:	01 97       	sbiw	r24, 0x01	; 1
    3704:	9e 83       	std	Y+6, r25	; 0x06
    3706:	8d 83       	std	Y+5, r24	; 0x05
		__ticks = 1;
	else if (__tmp > 65535)
	{
		//	__ticks = requested delay in 1/10 ms
		__ticks = (uint16_t) (__ms * 10.0);
		while(__ticks)
    3708:	8d 81       	ldd	r24, Y+5	; 0x05
    370a:	9e 81       	ldd	r25, Y+6	; 0x06
    370c:	00 97       	sbiw	r24, 0x00	; 0
    370e:	69 f7       	brne	.-38     	; 0x36ea <Handle_AlertsAndLEDs+0x16e>
    3710:	14 c0       	rjmp	.+40     	; 0x373a <Handle_AlertsAndLEDs+0x1be>
			__ticks --;
		}
		return;
	}
	else
		__ticks = (uint16_t)__tmp;
    3712:	6f 81       	ldd	r22, Y+7	; 0x07
    3714:	78 85       	ldd	r23, Y+8	; 0x08
    3716:	89 85       	ldd	r24, Y+9	; 0x09
    3718:	9a 85       	ldd	r25, Y+10	; 0x0a
    371a:	0e 94 49 00 	call	0x92	; 0x92 <__fixunssfsi>
    371e:	dc 01       	movw	r26, r24
    3720:	cb 01       	movw	r24, r22
    3722:	9e 83       	std	Y+6, r25	; 0x06
    3724:	8d 83       	std	Y+5, r24	; 0x05
    3726:	8d 81       	ldd	r24, Y+5	; 0x05
    3728:	9e 81       	ldd	r25, Y+6	; 0x06
    372a:	9a 83       	std	Y+2, r25	; 0x02
    372c:	89 83       	std	Y+1, r24	; 0x01
    372e:	89 81       	ldd	r24, Y+1	; 0x01
    3730:	9a 81       	ldd	r25, Y+2	; 0x02
    3732:	01 97       	sbiw	r24, 0x01	; 1
    3734:	f1 f7       	brne	.-4      	; 0x3732 <Handle_AlertsAndLEDs+0x1b6>
    3736:	9a 83       	std	Y+2, r25	; 0x02
    3738:	89 83       	std	Y+1, r24	; 0x01
        _delay_ms(100);
        MDIO_voidSetPinValue(PORTD, PIN7, DIO_LOW);
    373a:	83 e0       	ldi	r24, 0x03	; 3
    373c:	67 e0       	ldi	r22, 0x07	; 7
    373e:	40 e0       	ldi	r20, 0x00	; 0
    3740:	0e 94 57 08 	call	0x10ae	; 0x10ae <MDIO_voidSetPinValue>
        HBUZZER_voidTurnOff();
    3744:	0e 94 fb 06 	call	0xdf6	; 0xdf6 <HBUZZER_voidTurnOff>
    3748:	29 c0       	rjmp	.+82     	; 0x379c <Handle_AlertsAndLEDs+0x220>
    }
    else if(isLow || isHigh) {
    374a:	89 89       	ldd	r24, Y+17	; 0x11
    374c:	88 23       	and	r24, r24
    374e:	19 f4       	brne	.+6      	; 0x3756 <Handle_AlertsAndLEDs+0x1da>
    3750:	88 89       	ldd	r24, Y+16	; 0x10
    3752:	88 23       	and	r24, r24
    3754:	91 f0       	breq	.+36     	; 0x377a <Handle_AlertsAndLEDs+0x1fe>
        // Yellow LED Warning
        MDIO_voidSetPinValue(PORTD, PIN5, DIO_LOW);
    3756:	83 e0       	ldi	r24, 0x03	; 3
    3758:	65 e0       	ldi	r22, 0x05	; 5
    375a:	40 e0       	ldi	r20, 0x00	; 0
    375c:	0e 94 57 08 	call	0x10ae	; 0x10ae <MDIO_voidSetPinValue>
        MDIO_voidSetPinValue(PORTD, PIN6, DIO_HIGH);
    3760:	83 e0       	ldi	r24, 0x03	; 3
    3762:	66 e0       	ldi	r22, 0x06	; 6
    3764:	41 e0       	ldi	r20, 0x01	; 1
    3766:	0e 94 57 08 	call	0x10ae	; 0x10ae <MDIO_voidSetPinValue>
        MDIO_voidSetPinValue(PORTD, PIN7, DIO_LOW);
    376a:	83 e0       	ldi	r24, 0x03	; 3
    376c:	67 e0       	ldi	r22, 0x07	; 7
    376e:	40 e0       	ldi	r20, 0x00	; 0
    3770:	0e 94 57 08 	call	0x10ae	; 0x10ae <MDIO_voidSetPinValue>
        HBUZZER_voidTurnOff();
    3774:	0e 94 fb 06 	call	0xdf6	; 0xdf6 <HBUZZER_voidTurnOff>
    3778:	11 c0       	rjmp	.+34     	; 0x379c <Handle_AlertsAndLEDs+0x220>
    }
    else {
        // Normal Green LED
        MDIO_voidSetPinValue(PORTD, PIN5, DIO_HIGH);
    377a:	83 e0       	ldi	r24, 0x03	; 3
    377c:	65 e0       	ldi	r22, 0x05	; 5
    377e:	41 e0       	ldi	r20, 0x01	; 1
    3780:	0e 94 57 08 	call	0x10ae	; 0x10ae <MDIO_voidSetPinValue>
        MDIO_voidSetPinValue(PORTD, PIN6, DIO_LOW);
    3784:	83 e0       	ldi	r24, 0x03	; 3
    3786:	66 e0       	ldi	r22, 0x06	; 6
    3788:	40 e0       	ldi	r20, 0x00	; 0
    378a:	0e 94 57 08 	call	0x10ae	; 0x10ae <MDIO_voidSetPinValue>
        MDIO_voidSetPinValue(PORTD, PIN7, DIO_LOW);
    378e:	83 e0       	ldi	r24, 0x03	; 3
    3790:	67 e0       	ldi	r22, 0x07	; 7
    3792:	40 e0       	ldi	r20, 0x00	; 0
    3794:	0e 94 57 08 	call	0x10ae	; 0x10ae <MDIO_voidSetPinValue>
        HBUZZER_voidTurnOff();
    3798:	0e 94 fb 06 	call	0xdf6	; 0xdf6 <HBUZZER_voidTurnOff>
    }
}
    379c:	66 96       	adiw	r28, 0x16	; 22
    379e:	0f b6       	in	r0, 0x3f	; 63
    37a0:	f8 94       	cli
    37a2:	de bf       	out	0x3e, r29	; 62
    37a4:	0f be       	out	0x3f, r0	; 63
    37a6:	cd bf       	out	0x3d, r28	; 61
    37a8:	cf 91       	pop	r28
    37aa:	df 91       	pop	r29
    37ac:	08 95       	ret

000037ae <__udivmodqi4>:
    37ae:	99 1b       	sub	r25, r25
    37b0:	79 e0       	ldi	r23, 0x09	; 9
    37b2:	04 c0       	rjmp	.+8      	; 0x37bc <__udivmodqi4_ep>

000037b4 <__udivmodqi4_loop>:
    37b4:	99 1f       	adc	r25, r25
    37b6:	96 17       	cp	r25, r22
    37b8:	08 f0       	brcs	.+2      	; 0x37bc <__udivmodqi4_ep>
    37ba:	96 1b       	sub	r25, r22

000037bc <__udivmodqi4_ep>:
    37bc:	88 1f       	adc	r24, r24
    37be:	7a 95       	dec	r23
    37c0:	c9 f7       	brne	.-14     	; 0x37b4 <__udivmodqi4_loop>
    37c2:	80 95       	com	r24
    37c4:	08 95       	ret

000037c6 <__udivmodhi4>:
    37c6:	aa 1b       	sub	r26, r26
    37c8:	bb 1b       	sub	r27, r27
    37ca:	51 e1       	ldi	r21, 0x11	; 17
    37cc:	07 c0       	rjmp	.+14     	; 0x37dc <__udivmodhi4_ep>

000037ce <__udivmodhi4_loop>:
    37ce:	aa 1f       	adc	r26, r26
    37d0:	bb 1f       	adc	r27, r27
    37d2:	a6 17       	cp	r26, r22
    37d4:	b7 07       	cpc	r27, r23
    37d6:	10 f0       	brcs	.+4      	; 0x37dc <__udivmodhi4_ep>
    37d8:	a6 1b       	sub	r26, r22
    37da:	b7 0b       	sbc	r27, r23

000037dc <__udivmodhi4_ep>:
    37dc:	88 1f       	adc	r24, r24
    37de:	99 1f       	adc	r25, r25
    37e0:	5a 95       	dec	r21
    37e2:	a9 f7       	brne	.-22     	; 0x37ce <__udivmodhi4_loop>
    37e4:	80 95       	com	r24
    37e6:	90 95       	com	r25
    37e8:	bc 01       	movw	r22, r24
    37ea:	cd 01       	movw	r24, r26
    37ec:	08 95       	ret

000037ee <__udivmodsi4>:
    37ee:	a1 e2       	ldi	r26, 0x21	; 33
    37f0:	1a 2e       	mov	r1, r26
    37f2:	aa 1b       	sub	r26, r26
    37f4:	bb 1b       	sub	r27, r27
    37f6:	fd 01       	movw	r30, r26
    37f8:	0d c0       	rjmp	.+26     	; 0x3814 <__udivmodsi4_ep>

000037fa <__udivmodsi4_loop>:
    37fa:	aa 1f       	adc	r26, r26
    37fc:	bb 1f       	adc	r27, r27
    37fe:	ee 1f       	adc	r30, r30
    3800:	ff 1f       	adc	r31, r31
    3802:	a2 17       	cp	r26, r18
    3804:	b3 07       	cpc	r27, r19
    3806:	e4 07       	cpc	r30, r20
    3808:	f5 07       	cpc	r31, r21
    380a:	20 f0       	brcs	.+8      	; 0x3814 <__udivmodsi4_ep>
    380c:	a2 1b       	sub	r26, r18
    380e:	b3 0b       	sbc	r27, r19
    3810:	e4 0b       	sbc	r30, r20
    3812:	f5 0b       	sbc	r31, r21

00003814 <__udivmodsi4_ep>:
    3814:	66 1f       	adc	r22, r22
    3816:	77 1f       	adc	r23, r23
    3818:	88 1f       	adc	r24, r24
    381a:	99 1f       	adc	r25, r25
    381c:	1a 94       	dec	r1
    381e:	69 f7       	brne	.-38     	; 0x37fa <__udivmodsi4_loop>
    3820:	60 95       	com	r22
    3822:	70 95       	com	r23
    3824:	80 95       	com	r24
    3826:	90 95       	com	r25
    3828:	9b 01       	movw	r18, r22
    382a:	ac 01       	movw	r20, r24
    382c:	bd 01       	movw	r22, r26
    382e:	cf 01       	movw	r24, r30
    3830:	08 95       	ret

00003832 <__prologue_saves__>:
    3832:	2f 92       	push	r2
    3834:	3f 92       	push	r3
    3836:	4f 92       	push	r4
    3838:	5f 92       	push	r5
    383a:	6f 92       	push	r6
    383c:	7f 92       	push	r7
    383e:	8f 92       	push	r8
    3840:	9f 92       	push	r9
    3842:	af 92       	push	r10
    3844:	bf 92       	push	r11
    3846:	cf 92       	push	r12
    3848:	df 92       	push	r13
    384a:	ef 92       	push	r14
    384c:	ff 92       	push	r15
    384e:	0f 93       	push	r16
    3850:	1f 93       	push	r17
    3852:	cf 93       	push	r28
    3854:	df 93       	push	r29
    3856:	cd b7       	in	r28, 0x3d	; 61
    3858:	de b7       	in	r29, 0x3e	; 62
    385a:	ca 1b       	sub	r28, r26
    385c:	db 0b       	sbc	r29, r27
    385e:	0f b6       	in	r0, 0x3f	; 63
    3860:	f8 94       	cli
    3862:	de bf       	out	0x3e, r29	; 62
    3864:	0f be       	out	0x3f, r0	; 63
    3866:	cd bf       	out	0x3d, r28	; 61
    3868:	09 94       	ijmp

0000386a <__epilogue_restores__>:
    386a:	2a 88       	ldd	r2, Y+18	; 0x12
    386c:	39 88       	ldd	r3, Y+17	; 0x11
    386e:	48 88       	ldd	r4, Y+16	; 0x10
    3870:	5f 84       	ldd	r5, Y+15	; 0x0f
    3872:	6e 84       	ldd	r6, Y+14	; 0x0e
    3874:	7d 84       	ldd	r7, Y+13	; 0x0d
    3876:	8c 84       	ldd	r8, Y+12	; 0x0c
    3878:	9b 84       	ldd	r9, Y+11	; 0x0b
    387a:	aa 84       	ldd	r10, Y+10	; 0x0a
    387c:	b9 84       	ldd	r11, Y+9	; 0x09
    387e:	c8 84       	ldd	r12, Y+8	; 0x08
    3880:	df 80       	ldd	r13, Y+7	; 0x07
    3882:	ee 80       	ldd	r14, Y+6	; 0x06
    3884:	fd 80       	ldd	r15, Y+5	; 0x05
    3886:	0c 81       	ldd	r16, Y+4	; 0x04
    3888:	1b 81       	ldd	r17, Y+3	; 0x03
    388a:	aa 81       	ldd	r26, Y+2	; 0x02
    388c:	b9 81       	ldd	r27, Y+1	; 0x01
    388e:	ce 0f       	add	r28, r30
    3890:	d1 1d       	adc	r29, r1
    3892:	0f b6       	in	r0, 0x3f	; 63
    3894:	f8 94       	cli
    3896:	de bf       	out	0x3e, r29	; 62
    3898:	0f be       	out	0x3f, r0	; 63
    389a:	cd bf       	out	0x3d, r28	; 61
    389c:	ed 01       	movw	r28, r26
    389e:	08 95       	ret

000038a0 <_exit>:
    38a0:	f8 94       	cli

000038a2 <__stop_program>:
    38a2:	ff cf       	rjmp	.-2      	; 0x38a2 <__stop_program>
